match_id,date,time,map,competition,my_team,opponent_team,kills,deaths,mvps,kpd,accuracy_pct,hs_pct,damage,rounds_played,player,tier
cpl_2026-03-05_1800_Castle_821424,2026-03-05,18:00,Castle,ᴍᴀᴅᴍᴇɴ ᴄᴀꜱᴛʟᴇ ʙᴏᴏᴛᴄᴀᴍᴘ ꜱ¹⁰,ᴍᴇᴅɪꜱᴘᴏʀᴛꜱ ⓜ,вяαιηѕтσям,6,14,0,0.43,74,50,1692,21,Finn,A
cpl_2026-03-05_1800_Castle_821424,2026-03-05,18:00,Castle,ᴍᴀᴅᴍᴇɴ ᴄᴀꜱᴛʟᴇ ʙᴏᴏᴛᴄᴀᴍᴘ ꜱ¹⁰,ᴍᴇᴅɪꜱᴘᴏʀᴛꜱ ⓜ,вяαιηѕтσям,20,9,12,2.22,78,50,4606,21,Ronja,A
cpl_2026-03-05_1800_Castle_821424,2026-03-05,18:00,Castle,ᴍᴀᴅᴍᴇɴ ᴄᴀꜱᴛʟᴇ ʙᴏᴏᴛᴄᴀᴍᴘ ꜱ¹⁰,ᴍᴇᴅɪꜱᴘᴏʀᴛꜱ ⓜ,вяαιηѕтσям,15,5,0,3,74,53,3927,21,Heino,A
cpl_2026-03-05_1800_Castle_821424,2026-03-05,18:00,Castle,ᴍᴀᴅᴍᴇɴ ᴄᴀꜱᴛʟᴇ ʙᴏᴏᴛᴄᴀᴍᴘ ꜱ¹⁰,ᴍᴇᴅɪꜱᴘᴏʀᴛꜱ ⓜ,вяαιηѕтσям,26,9,4,2.89,71,46,4641,21,Klaus,A
cpl_2026-03-05_1800_Castle_821424,2026-03-05,18:00,Castle,ᴍᴀᴅᴍᴇɴ ᴄᴀꜱᴛʟᴇ ʙᴏᴏᴛᴄᴀᴍᴘ ꜱ¹⁰,ᴍᴇᴅɪꜱᴘᴏʀᴛꜱ ⓜ,вяαιηѕтσям,17,9,0,1.89,76,53,3712,21,Holger,A
cpl_2026-03-05_1800_Castle_821424,2026-03-05,18:00,Castle,ᴍᴀᴅᴍᴇɴ ᴄᴀꜱᴛʟᴇ ʙᴏᴏᴛᴄᴀᴍᴘ ꜱ¹⁰,ᴍᴇᴅɪꜱᴘᴏʀᴛꜱ ⓜ,вяαιηѕтσям,7,16,0,0.44,54,14,2006,21,ⓜ | 8eeR,A
cpl_2026-03-05_1800_Castle_821424,2026-03-05,18:00,Castle,ᴍᴀᴅᴍᴇɴ ᴄᴀꜱᴛʟᴇ ʙᴏᴏᴛᴄᴀᴍᴘ ꜱ¹⁰,ᴍᴇᴅɪꜱᴘᴏʀᴛꜱ ⓜ,вяαιηѕтσям,14,17,0,0.82,81,50,2485,21,ⓜ | onebody,A
cpl_2026-03-05_1800_Castle_821424,2026-03-05,18:00,Castle,ᴍᴀᴅᴍᴇɴ ᴄᴀꜱᴛʟᴇ ʙᴏᴏᴛᴄᴀᴍᴘ ꜱ¹⁰,ᴍᴇᴅɪꜱᴘᴏʀᴛꜱ ⓜ,вяαιηѕтσям,16,16,5,1,76,56,3654,21,ⓜ | jazooka,A
cpl_2026-03-05_1800_Castle_821424,2026-03-05,18:00,Castle,ᴍᴀᴅᴍᴇɴ ᴄᴀꜱᴛʟᴇ ʙᴏᴏᴛᴄᴀᴍᴘ ꜱ¹⁰,ᴍᴇᴅɪꜱᴘᴏʀᴛꜱ ⓜ,вяαιηѕтσям,7,17,0,0.41,56,43,1673,21,ⓜ | HazardiaN,A
cpl_2026-03-05_1800_Castle_821424,2026-03-05,18:00,Castle,ᴍᴀᴅᴍᴇɴ ᴄᴀꜱᴛʟᴇ ʙᴏᴏᴛᴄᴀᴍᴘ ꜱ¹⁰,ᴍᴇᴅɪꜱᴘᴏʀᴛꜱ ⓜ,вяαιηѕтσям,2,18,0,0.11,63,0,743,21,ⓜ | GreekFreakKief,A
cpl_2026-03-04_2000_Castle_821198,2026-03-04,20:00,Castle,ᴍᴀᴅᴍᴇɴ ᴄᴀꜱᴛʟᴇ ʙᴏᴏᴛᴄᴀᴍᴘ ꜱ¹⁰,ᴍᴇᴅɪꜱᴘᴏʀᴛꜱ ⓜ,мεεт тʜε ѕтαяꜱ,5,17,0,0.29,83,40,1895,21,Eva de Groot,B
cpl_2026-03-04_2000_Castle_821198,2026-03-04,20:00,Castle,ᴍᴀᴅᴍᴇɴ ᴄᴀꜱᴛʟᴇ ʙᴏᴏᴛᴄᴀᴍᴘ ꜱ¹⁰,ᴍᴇᴅɪꜱᴘᴏʀᴛꜱ ⓜ,мεεт тʜε ѕтαяꜱ,5,16,0,0.31,70,40,1046,21,Joao Ferreira,B
cpl_2026-03-04_2000_Castle_821198,2026-03-04,20:00,Castle,ᴍᴀᴅᴍᴇɴ ᴄᴀꜱᴛʟᴇ ʙᴏᴏᴛᴄᴀᴍᴘ ꜱ¹⁰,ᴍᴇᴅɪꜱᴘᴏʀᴛꜱ ⓜ,мεεт тʜε ѕтαяꜱ,4,14,0,0.29,68,50,1147,21,Ingeborg Olafsdottir,B
cpl_2026-03-04_2000_Castle_821198,2026-03-04,20:00,Castle,ᴍᴀᴅᴍᴇɴ ᴄᴀꜱᴛʟᴇ ʙᴏᴏᴛᴄᴀᴍᴘ ꜱ¹⁰,ᴍᴇᴅɪꜱᴘᴏʀᴛꜱ ⓜ,мεεт тʜε ѕтαяꜱ,3,13,0,0.23,54,33,883,21,Kevin Pekk,B
cpl_2026-03-04_2000_Castle_821198,2026-03-04,20:00,Castle,ᴍᴀᴅᴍᴇɴ ᴄᴀꜱᴛʟᴇ ʙᴏᴏᴛᴄᴀᴍᴘ ꜱ¹⁰,ᴍᴇᴅɪꜱᴘᴏʀᴛꜱ ⓜ,мεεт тʜε ѕтαяꜱ,10,15,5,0.67,80,10,1383,21,Ramon Ramirez,B
cpl_2026-03-04_2000_Castle_821198,2026-03-04,20:00,Castle,ᴍᴀᴅᴍᴇɴ ᴄᴀꜱᴛʟᴇ ʙᴏᴏᴛᴄᴀᴍᴘ ꜱ¹⁰,ᴍᴇᴅɪꜱᴘᴏʀᴛꜱ ⓜ,мεεт тʜε ѕтαяꜱ,20,5,10,4,62,40,3926,21,ⓜ | 8eeR,B
cpl_2026-03-04_2000_Castle_821198,2026-03-04,20:00,Castle,ᴍᴀᴅᴍᴇɴ ᴄᴀꜱᴛʟᴇ ʙᴏᴏᴛᴄᴀᴍᴘ ꜱ¹⁰,ᴍᴇᴅɪꜱᴘᴏʀᴛꜱ ⓜ,мεεт тʜε ѕтαяꜱ,15,5,2,3,79,60,3578,21,ⓜ | onebody,B
cpl_2026-03-04_2000_Castle_821198,2026-03-04,20:00,Castle,ᴍᴀᴅᴍᴇɴ ᴄᴀꜱᴛʟᴇ ʙᴏᴏᴛᴄᴀᴍᴘ ꜱ¹⁰,ᴍᴇᴅɪꜱᴘᴏʀᴛꜱ ⓜ,мεεт тʜε ѕтαяꜱ,16,5,0,3.2,81,50,3318,21,ⓜ | jazooka,B
cpl_2026-03-04_2000_Castle_821198,2026-03-04,20:00,Castle,ᴍᴀᴅᴍᴇɴ ᴄᴀꜱᴛʟᴇ ʙᴏᴏᴛᴄᴀᴍᴘ ꜱ¹⁰,ᴍᴇᴅɪꜱᴘᴏʀᴛꜱ ⓜ,мεεт тʜε ѕтαяꜱ,18,5,4,3.6,76,39,3247,21,ⓜ | HazardiaN,B
cpl_2026-03-04_2000_Castle_821198,2026-03-04,20:00,Castle,ᴍᴀᴅᴍᴇɴ ᴄᴀꜱᴛʟᴇ ʙᴏᴏᴛᴄᴀᴍᴘ ꜱ¹⁰,ᴍᴇᴅɪꜱᴘᴏʀᴛꜱ ⓜ,мεεт тʜε ѕтαяꜱ,6,7,0,0.86,84,50,1312,21,ⓜ | GreekFreakKief,B
cpl_2026-03-04_1800_Castle_821192,2026-03-04,18:00,Castle,ᴍᴀᴅᴍᴇɴ ᴄᴀꜱᴛʟᴇ ʙᴏᴏᴛᴄᴀᴍᴘ ꜱ¹⁰,ᴍᴇᴅɪꜱᴘᴏʀᴛꜱ ⓜ,ꜱᴛᴀᴠᴀɴɢᴇʀ,6,21,0,0.29,69,33,1574,25,Scorp,B
cpl_2026-03-04_1800_Castle_821192,2026-03-04,18:00,Castle,ᴍᴀᴅᴍᴇɴ ᴄᴀꜱᴛʟᴇ ʙᴏᴏᴛᴄᴀᴍᴘ ꜱ¹⁰,ᴍᴇᴅɪꜱᴘᴏʀᴛꜱ ⓜ,ꜱᴛᴀᴠᴀɴɢᴇʀ,8,20,1,0.4,76,63,2119,25,inn | Nils,B
cpl_2026-03-04_1800_Castle_821192,2026-03-04,18:00,Castle,ᴍᴀᴅᴍᴇɴ ᴄᴀꜱᴛʟᴇ ʙᴏᴏᴛᴄᴀᴍᴘ ꜱ¹⁰,ᴍᴇᴅɪꜱᴘᴏʀᴛꜱ ⓜ,ꜱᴛᴀᴠᴀɴɢᴇʀ,13,18,0,0.72,76,38,2917,25,Rona,B
cpl_2026-03-04_1800_Castle_821192,2026-03-04,18:00,Castle,ᴍᴀᴅᴍᴇɴ ᴄᴀꜱᴛʟᴇ ʙᴏᴏᴛᴄᴀᴍᴘ ꜱ¹⁰,ᴍᴇᴅɪꜱᴘᴏʀᴛꜱ ⓜ,ꜱᴛᴀᴠᴀɴɢᴇʀ,20,16,8,1.25,68,50,3018,25,juncho,B
cpl_2026-03-04_1800_Castle_821192,2026-03-04,18:00,Castle,ᴍᴀᴅᴍᴇɴ ᴄᴀꜱᴛʟᴇ ʙᴏᴏᴛᴄᴀᴍᴘ ꜱ¹⁰,ᴍᴇᴅɪꜱᴘᴏʀᴛꜱ ⓜ,ꜱᴛᴀᴠᴀɴɢᴇʀ,11,19,0,0.58,76,45,2713,25,Jian He,B
cpl_2026-03-04_1800_Castle_821192,2026-03-04,18:00,Castle,ᴍᴀᴅᴍᴇɴ ᴄᴀꜱᴛʟᴇ ʙᴏᴏᴛᴄᴀᴍᴘ ꜱ¹⁰,ᴍᴇᴅɪꜱᴘᴏʀᴛꜱ ⓜ,ꜱᴛᴀᴠᴀɴɢᴇʀ,9,14,0,0.64,72,67,2793,25,ⓜ | 8eeR,B
cpl_2026-03-04_1800_Castle_821192,2026-03-04,18:00,Castle,ᴍᴀᴅᴍᴇɴ ᴄᴀꜱᴛʟᴇ ʙᴏᴏᴛᴄᴀᴍᴘ ꜱ¹⁰,ᴍᴇᴅɪꜱᴘᴏʀᴛꜱ ⓜ,ꜱᴛᴀᴠᴀɴɢᴇʀ,30,10,3,3,67,30,4256,25,ⓜ | onebody,B
cpl_2026-03-04_1800_Castle_821192,2026-03-04,18:00,Castle,ᴍᴀᴅᴍᴇɴ ᴄᴀꜱᴛʟᴇ ʙᴏᴏᴛᴄᴀᴍᴘ ꜱ¹⁰,ᴍᴇᴅɪꜱᴘᴏʀᴛꜱ ⓜ,ꜱᴛᴀᴠᴀɴɢᴇʀ,25,9,5,2.78,71,40,4055,25,ⓜ | jazooka,B
cpl_2026-03-04_1800_Castle_821192,2026-03-04,18:00,Castle,ᴍᴀᴅᴍᴇɴ ᴄᴀꜱᴛʟᴇ ʙᴏᴏᴛᴄᴀᴍᴘ ꜱ¹⁰,ᴍᴇᴅɪꜱᴘᴏʀᴛꜱ ⓜ,ꜱᴛᴀᴠᴀɴɢᴇʀ,19,11,8,1.73,65,37,3816,25,ⓜ | HazardiaN,B
cpl_2026-03-04_1800_Castle_821192,2026-03-04,18:00,Castle,ᴍᴀᴅᴍᴇɴ ᴄᴀꜱᴛʟᴇ ʙᴏᴏᴛᴄᴀᴍᴘ ꜱ¹⁰,ᴍᴇᴅɪꜱᴘᴏʀᴛꜱ ⓜ,ꜱᴛᴀᴠᴀɴɢᴇʀ,11,14,0,0.79,62,55,2124,25,ⓜ | GreekFreakKief,B
cpl_2026-03-05_2000_Castle_821435,2026-03-05,20:00,Castle,ᴍᴀᴅᴍᴇɴ ᴄᴀꜱᴛʟᴇ ʙᴏᴏᴛᴄᴀᴍᴘ ꜱ¹⁰,ᴍᴇᴅɪꜱᴘᴏʀᴛꜱ ⓜ,ꜱᴘɪᴛꜰɪʀᴇ,16,20,0,0.8,59,19,4049,26,ⓜ | 8eeR,B
cpl_2026-03-05_2000_Castle_821435,2026-03-05,20:00,Castle,ᴍᴀᴅᴍᴇɴ ᴄᴀꜱᴛʟᴇ ʙᴏᴏᴛᴄᴀᴍᴘ ꜱ¹⁰,ᴍᴇᴅɪꜱᴘᴏʀᴛꜱ ⓜ,ꜱᴘɪᴛꜰɪʀᴇ,26,13,5,2,60,19,3868,26,ⓜ | onebody,B
cpl_2026-03-05_2000_Castle_821435,2026-03-05,20:00,Castle,ᴍᴀᴅᴍᴇɴ ᴄᴀꜱᴛʟᴇ ʙᴏᴏᴛᴄᴀᴍᴘ ꜱ¹⁰,ᴍᴇᴅɪꜱᴘᴏʀᴛꜱ ⓜ,ꜱᴘɪᴛꜰɪʀᴇ,27,11,5,2.45,69,41,5111,26,ⓜ | jazooka,B
cpl_2026-03-05_2000_Castle_821435,2026-03-05,20:00,Castle,ᴍᴀᴅᴍᴇɴ ᴄᴀꜱᴛʟᴇ ʙᴏᴏᴛᴄᴀᴍᴘ ꜱ¹⁰,ᴍᴇᴅɪꜱᴘᴏʀᴛꜱ ⓜ,ꜱᴘɪᴛꜰɪʀᴇ,21,11,0,1.91,57,24,4044,26,ⓜ | HazardiaN,B
cpl_2026-03-05_2000_Castle_821435,2026-03-05,20:00,Castle,ᴍᴀᴅᴍᴇɴ ᴄᴀꜱᴛʟᴇ ʙᴏᴏᴛᴄᴀᴍᴘ ꜱ¹⁰,ᴍᴇᴅɪꜱᴘᴏʀᴛꜱ ⓜ,ꜱᴘɪᴛꜰɪʀᴇ,9,19,6,0.47,72,44,2720,26,ⓜ | GreekFreakKief,B
cpl_2026-03-05_2000_Castle_821435,2026-03-05,20:00,Castle,ᴍᴀᴅᴍᴇɴ ᴄᴀꜱᴛʟᴇ ʙᴏᴏᴛᴄᴀᴍᴘ ꜱ¹⁰,ᴍᴇᴅɪꜱᴘᴏʀᴛꜱ ⓜ,ꜱᴘɪᴛꜰɪʀᴇ,13,22,0,0.59,67,46,2465,26,raygun,B
cpl_2026-03-05_2000_Castle_821435,2026-03-05,20:00,Castle,ᴍᴀᴅᴍᴇɴ ᴄᴀꜱᴛʟᴇ ʙᴏᴏᴛᴄᴀᴍᴘ ꜱ¹⁰,ᴍᴇᴅɪꜱᴘᴏʀᴛꜱ ⓜ,ꜱᴘɪᴛꜰɪʀᴇ,9,21,0,0.43,71,44,2726,26,defecto,B
cpl_2026-03-05_2000_Castle_821435,2026-03-05,20:00,Castle,ᴍᴀᴅᴍᴇɴ ᴄᴀꜱᴛʟᴇ ʙᴏᴏᴛᴄᴀᴍᴘ ꜱ¹⁰,ᴍᴇᴅɪꜱᴘᴏʀᴛꜱ ⓜ,ꜱᴘɪᴛꜰɪʀᴇ,17,18,6,0.94,65,35,3510,26,andr3s,B
cpl_2026-03-05_2000_Castle_821435,2026-03-05,20:00,Castle,ᴍᴀᴅᴍᴇɴ ᴄᴀꜱᴛʟᴇ ʙᴏᴏᴛᴄᴀᴍᴘ ꜱ¹⁰,ᴍᴇᴅɪꜱᴘᴏʀᴛꜱ ⓜ,ꜱᴘɪᴛꜰɪʀᴇ,9,20,0,0.45,69,33,2340,26,gallo,B
cpl_2026-03-05_2000_Castle_821435,2026-03-05,20:00,Castle,ᴍᴀᴅᴍᴇɴ ᴄᴀꜱᴛʟᴇ ʙᴏᴏᴛᴄᴀᴍᴘ ꜱ¹⁰,ᴍᴇᴅɪꜱᴘᴏʀᴛꜱ ⓜ,ꜱᴘɪᴛꜰɪʀᴇ,26,18,4,1.44,74,27,4657,26,v0s,B
cpl_2026-03-05_1600_Castle_821416,2026-03-05,16:00,Castle,ᴍᴀᴅᴍᴇɴ ᴄᴀꜱᴛʟᴇ ʙᴏᴏᴛᴄᴀᴍᴘ ꜱ¹⁰,ᴍᴇᴅɪꜱᴘᴏʀᴛꜱ ⓜ,ͷσ ꜱсσᴘε ͷσ ʜσᴘε,21,22,1,0.95,56,35,2855,29,ⓜ | 8eeR,A
cpl_2026-03-05_1600_Castle_821416,2026-03-05,16:00,Castle,ᴍᴀᴅᴍᴇɴ ᴄᴀꜱᴛʟᴇ ʙᴏᴏᴛᴄᴀᴍᴘ ꜱ¹⁰,ᴍᴇᴅɪꜱᴘᴏʀᴛꜱ ⓜ,ͷσ ꜱсσᴘε ͷσ ʜσᴘε,18,21,1,0.86,64,56,4059,29,ⓜ | onebody,A
cpl_2026-03-05_1600_Castle_821416,2026-03-05,16:00,Castle,ᴍᴀᴅᴍᴇɴ ᴄᴀꜱᴛʟᴇ ʙᴏᴏᴛᴄᴀᴍᴘ ꜱ¹⁰,ᴍᴇᴅɪꜱᴘᴏʀᴛꜱ ⓜ,ͷσ ꜱсσᴘε ͷσ ʜσᴘε,15,20,0,0.75,62,27,3157,29,ⓜ | jazooka,A
cpl_2026-03-05_1600_Castle_821416,2026-03-05,16:00,Castle,ᴍᴀᴅᴍᴇɴ ᴄᴀꜱᴛʟᴇ ʙᴏᴏᴛᴄᴀᴍᴘ ꜱ¹⁰,ᴍᴇᴅɪꜱᴘᴏʀᴛꜱ ⓜ,ͷσ ꜱсσᴘε ͷσ ʜσᴘε,23,21,7,1.1,69,35,3716,29,ⓜ | HazardiaN,A
cpl_2026-03-05_1600_Castle_821416,2026-03-05,16:00,Castle,ᴍᴀᴅᴍᴇɴ ᴄᴀꜱᴛʟᴇ ʙᴏᴏᴛᴄᴀᴍᴘ ꜱ¹⁰,ᴍᴇᴅɪꜱᴘᴏʀᴛꜱ ⓜ,ͷσ ꜱсσᴘε ͷσ ʜσᴘε,12,18,4,0.67,70,67,2849,29,ⓜ | GreekFreakKief,A
cpl_2026-03-05_1600_Castle_821416,2026-03-05,16:00,Castle,ᴍᴀᴅᴍᴇɴ ᴄᴀꜱᴛʟᴇ ʙᴏᴏᴛᴄᴀᴍᴘ ꜱ¹⁰,ᴍᴇᴅɪꜱᴘᴏʀᴛꜱ ⓜ,ͷσ ꜱсσᴘε ͷσ ʜσᴘε,14,23,0,0.61,73,64,3320,29,Ibra Jr,A
cpl_2026-03-05_1600_Castle_821416,2026-03-05,16:00,Castle,ᴍᴀᴅᴍᴇɴ ᴄᴀꜱᴛʟᴇ ʙᴏᴏᴛᴄᴀᴍᴘ ꜱ¹⁰,ᴍᴇᴅɪꜱᴘᴏʀᴛꜱ ⓜ,ͷσ ꜱсσᴘε ͷσ ʜσᴘε,16,18,0,0.89,73,50,3751,29,ToineD,A
cpl_2026-03-05_1600_Castle_821416,2026-03-05,16:00,Castle,ᴍᴀᴅᴍᴇɴ ᴄᴀꜱᴛʟᴇ ʙᴏᴏᴛᴄᴀᴍᴘ ꜱ¹⁰,ᴍᴇᴅɪꜱᴘᴏʀᴛꜱ ⓜ,ͷσ ꜱсσᴘε ͷσ ʜσᴘε,28,16,14,1.75,75,54,5507,29,MiKow,A
cpl_2026-03-05_1600_Castle_821416,2026-03-05,16:00,Castle,ᴍᴀᴅᴍᴇɴ ᴄᴀꜱᴛʟᴇ ʙᴏᴏᴛᴄᴀᴍᴘ ꜱ¹⁰,ᴍᴇᴅɪꜱᴘᴏʀᴛꜱ ⓜ,ͷσ ꜱсσᴘε ͷσ ʜσᴘε,22,16,2,1.38,73,36,3798,29,Pastel de Cvetko,A
cpl_2026-03-05_1600_Castle_821416,2026-03-05,16:00,Castle,ᴍᴀᴅᴍᴇɴ ᴄᴀꜱᴛʟᴇ ʙᴏᴏᴛᴄᴀᴍᴘ ꜱ¹⁰,ᴍᴇᴅɪꜱᴘᴏʀᴛꜱ ⓜ,ͷσ ꜱсσᴘε ͷσ ʜσᴘε,22,16,0,1.38,69,45,3957,29,Small King,A
cpl_2026-03-11_2000_Castle_821219,2026-03-11,20:00,Castle,ᴍᴀᴅᴍᴇɴ ᴄᴀꜱᴛʟᴇ ʙᴏᴏᴛᴄᴀᴍᴘ ꜱ¹⁰,ᴍᴇᴅɪꜱᴘᴏʀᴛꜱ ⓜ,ⲓⲛⲛⲉꞅⲥⲓⲁ,19,22,8,0.86,67,26,2291,28,inn | Lukas,B
cpl_2026-03-11_2000_Castle_821219,2026-03-11,20:00,Castle,ᴍᴀᴅᴍᴇɴ ᴄᴀꜱᴛʟᴇ ʙᴏᴏᴛᴄᴀᴍᴘ ꜱ¹⁰,ᴍᴇᴅɪꜱᴘᴏʀᴛꜱ ⓜ,ⲓⲛⲛⲉꞅⲥⲓⲁ,14,20,1,0.7,86,43,3044,28,inn | Diego,B
cpl_2026-03-11_2000_Castle_821219,2026-03-11,20:00,Castle,ᴍᴀᴅᴍᴇɴ ᴄᴀꜱᴛʟᴇ ʙᴏᴏᴛᴄᴀᴍᴘ ꜱ¹⁰,ᴍᴇᴅɪꜱᴘᴏʀᴛꜱ ⓜ,ⲓⲛⲛⲉꞅⲥⲓⲁ,20,19,0,1.05,71,47,2881,28,inn | Kavali,B
cpl_2026-03-11_2000_Castle_821219,2026-03-11,20:00,Castle,ᴍᴀᴅᴍᴇɴ ᴄᴀꜱᴛʟᴇ ʙᴏᴏᴛᴄᴀᴍᴘ ꜱ¹⁰,ᴍᴇᴅɪꜱᴘᴏʀᴛꜱ ⓜ,ⲓⲛⲛⲉꞅⲥⲓⲁ,18,18,1,1,69,56,3546,28,inn | Jing Hu,B
cpl_2026-03-11_2000_Castle_821219,2026-03-11,20:00,Castle,ᴍᴀᴅᴍᴇɴ ᴄᴀꜱᴛʟᴇ ʙᴏᴏᴛᴄᴀᴍᴘ ꜱ¹⁰,ᴍᴇᴅɪꜱᴘᴏʀᴛꜱ ⓜ,ⲓⲛⲛⲉꞅⲥⲓⲁ,16,17,2,0.94,71,44,3455,28,inn | Irina,B
cpl_2026-03-11_2000_Castle_821219,2026-03-11,20:00,Castle,ᴍᴀᴅᴍᴇɴ ᴄᴀꜱᴛʟᴇ ʙᴏᴏᴛᴄᴀᴍᴘ ꜱ¹⁰,ᴍᴇᴅɪꜱᴘᴏʀᴛꜱ ⓜ,ⲓⲛⲛⲉꞅⲥⲓⲁ,15,17,0,0.88,79,40,2768,28,ⓜ | 8eeR,B
cpl_2026-03-11_2000_Castle_821219,2026-03-11,20:00,Castle,ᴍᴀᴅᴍᴇɴ ᴄᴀꜱᴛʟᴇ ʙᴏᴏᴛᴄᴀᴍᴘ ꜱ¹⁰,ᴍᴇᴅɪꜱᴘᴏʀᴛꜱ ⓜ,ⲓⲛⲛⲉꞅⲥⲓⲁ,17,21,0,0.81,70,35,3893,28,ⓜ | onebody,B
cpl_2026-03-11_2000_Castle_821219,2026-03-11,20:00,Castle,ᴍᴀᴅᴍᴇɴ ᴄᴀꜱᴛʟᴇ ʙᴏᴏᴛᴄᴀᴍᴘ ꜱ¹⁰,ᴍᴇᴅɪꜱᴘᴏʀᴛꜱ ⓜ,ⲓⲛⲛⲉꞅⲥⲓⲁ,24,16,1,1.5,71,29,4162,28,ⓜ | jazooka,B
cpl_2026-03-11_2000_Castle_821219,2026-03-11,20:00,Castle,ᴍᴀᴅᴍᴇɴ ᴄᴀꜱᴛʟᴇ ʙᴏᴏᴛᴄᴀᴍᴘ ꜱ¹⁰,ᴍᴇᴅɪꜱᴘᴏʀᴛꜱ ⓜ,ⲓⲛⲛⲉꞅⲥⲓⲁ,31,14,15,2.21,72,68,6187,28,ⓜ | HazardiaN,B
cpl_2026-03-11_2000_Castle_821219,2026-03-11,20:00,Castle,ᴍᴀᴅᴍᴇɴ ᴄᴀꜱᴛʟᴇ ʙᴏᴏᴛᴄᴀᴍᴘ ꜱ¹⁰,ᴍᴇᴅɪꜱᴘᴏʀᴛꜱ ⓜ,ⲓⲛⲛⲉꞅⲥⲓⲁ,9,19,0,0.47,72,56,2720,28,ⓜ | GreekFreakKief,B
cpl_2026-03-11_1600_Castle_820833,2026-03-11,16:00,Castle,ᴍᴀᴅᴍᴇɴ ᴄᴀꜱᴛʟᴇ ʙᴏᴏᴛᴄᴀᴍᴘ ꜱ¹⁰,ᴍᴇᴅɪꜱᴘᴏʀᴛꜱ ⓜ,вɩαск ωιᴆɵω ᴘᴚɵτɵᴄɵɩ,3,18,0,0.17,40,100,591,18,ⓜ | 8eeR,B
cpl_2026-03-11_1600_Castle_820833,2026-03-11,16:00,Castle,ᴍᴀᴅᴍᴇɴ ᴄᴀꜱᴛʟᴇ ʙᴏᴏᴛᴄᴀᴍᴘ ꜱ¹⁰,ᴍᴇᴅɪꜱᴘᴏʀᴛꜱ ⓜ,вɩαск ωιᴆɵω ᴘᴚɵτɵᴄɵɩ,5,17,0,0.29,47,60,875,18,ⓜ | onebody,B
cpl_2026-03-11_1600_Castle_820833,2026-03-11,16:00,Castle,ᴍᴀᴅᴍᴇɴ ᴄᴀꜱᴛʟᴇ ʙᴏᴏᴛᴄᴀᴍᴘ ꜱ¹⁰,ᴍᴇᴅɪꜱᴘᴏʀᴛꜱ ⓜ,вɩαск ωιᴆɵω ᴘᴚɵτɵᴄɵɩ,7,16,0,0.44,89,71,1821,18,ⓜ | jazooka,B
cpl_2026-03-11_1600_Castle_820833,2026-03-11,16:00,Castle,ᴍᴀᴅᴍᴇɴ ᴄᴀꜱᴛʟᴇ ʙᴏᴏᴛᴄᴀᴍᴘ ꜱ¹⁰,ᴍᴇᴅɪꜱᴘᴏʀᴛꜱ ⓜ,вɩαск ωιᴆɵω ᴘᴚɵτɵᴄɵɩ,6,17,1,0.35,74,50,1613,18,ⓜ | HazardiaN,B
cpl_2026-03-11_1600_Castle_820833,2026-03-11,16:00,Castle,ᴍᴀᴅᴍᴇɴ ᴄᴀꜱᴛʟᴇ ʙᴏᴏᴛᴄᴀᴍᴘ ꜱ¹⁰,ᴍᴇᴅɪꜱᴘᴏʀᴛꜱ ⓜ,вɩαск ωιᴆɵω ᴘᴚɵτɵᴄɵɩ,6,17,1,0.35,76,50,1852,18,ⓜ | GreekFreakKief,B
cpl_2026-03-11_1600_Castle_820833,2026-03-11,16:00,Castle,ᴍᴀᴅᴍᴇɴ ᴄᴀꜱᴛʟᴇ ʙᴏᴏᴛᴄᴀᴍᴘ ꜱ¹⁰,ᴍᴇᴅɪꜱᴘᴏʀᴛꜱ ⓜ,вɩαск ωιᴆɵω ᴘᴚɵτɵᴄɵɩ,8,6,0,1.33,50,13,2564,18,WebControl,B
cpl_2026-03-11_1600_Castle_820833,2026-03-11,16:00,Castle,ᴍᴀᴅᴍᴇɴ ᴄᴀꜱᴛʟᴇ ʙᴏᴏᴛᴄᴀᴍᴘ ꜱ¹⁰,ᴍᴇᴅɪꜱᴘᴏʀᴛꜱ ⓜ,вɩαск ωιᴆɵω ᴘᴚɵτɵᴄɵɩ,20,4,2,5,62,40,3447,18,FangByte,B
cpl_2026-03-11_1600_Castle_820833,2026-03-11,16:00,Castle,ᴍᴀᴅᴍᴇɴ ᴄᴀꜱᴛʟᴇ ʙᴏᴏᴛᴄᴀᴍᴘ ꜱ¹⁰,ᴍᴇᴅɪꜱᴘᴏʀᴛꜱ ⓜ,вɩαск ωιᴆɵω ᴘᴚɵτɵᴄɵɩ,16,4,0,4,53,50,3475,18,NeuroVenom,B
cpl_2026-03-11_1600_Castle_820833,2026-03-11,16:00,Castle,ᴍᴀᴅᴍᴇɴ ᴄᴀꜱᴛʟᴇ ʙᴏᴏᴛᴄᴀᴍᴘ ꜱ¹⁰,ᴍᴇᴅɪꜱᴘᴏʀᴛꜱ ⓜ,вɩαск ωιᴆɵω ᴘᴚɵτɵᴄɵɩ,17,6,4,2.83,81,76,4386,18,BlackNode,B
cpl_2026-03-11_1600_Castle_820833,2026-03-11,16:00,Castle,ᴍᴀᴅᴍᴇɴ ᴄᴀꜱᴛʟᴇ ʙᴏᴏᴛᴄᴀᴍᴘ ꜱ¹⁰,ᴍᴇᴅɪꜱᴘᴏʀᴛꜱ ⓜ,вɩαск ωιᴆɵω ᴘᴚɵτɵᴄɵɩ,24,7,10,3.43,85,46,6125,18,DeadWeb,B
cpl_2026-03-13_1900_Castle_820843,2026-03-13,19:00,Castle,ᴍᴀᴅᴍᴇɴ ᴄᴀꜱᴛʟᴇ ʙᴏᴏᴛᴄᴀᴍᴘ ꜱ¹⁰,ᴍᴇᴅɪꜱᴘᴏʀᴛꜱ ⓜ,ⲓⲛⲛⲉꞅⲥⲓⲁ,7,22,0,0.32,58,14,1360,28,ⓜ | 8eeR,B
cpl_2026-03-13_1900_Castle_820843,2026-03-13,19:00,Castle,ᴍᴀᴅᴍᴇɴ ᴄᴀꜱᴛʟᴇ ʙᴏᴏᴛᴄᴀᴍᴘ ꜱ¹⁰,ᴍᴇᴅɪꜱᴘᴏʀᴛꜱ ⓜ,ⲓⲛⲛⲉꞅⲥⲓⲁ,22,20,0,1.1,70,41,4353,28,ⓜ | onebody,B
cpl_2026-03-13_1900_Castle_820843,2026-03-13,19:00,Castle,ᴍᴀᴅᴍᴇɴ ᴄᴀꜱᴛʟᴇ ʙᴏᴏᴛᴄᴀᴍᴘ ꜱ¹⁰,ᴍᴇᴅɪꜱᴘᴏʀᴛꜱ ⓜ,ⲓⲛⲛⲉꞅⲥⲓⲁ,23,19,3,1.21,63,43,4687,28,ⓜ | jazooka,B
cpl_2026-03-13_1900_Castle_820843,2026-03-13,19:00,Castle,ᴍᴀᴅᴍᴇɴ ᴄᴀꜱᴛʟᴇ ʙᴏᴏᴛᴄᴀᴍᴘ ꜱ¹⁰,ᴍᴇᴅɪꜱᴘᴏʀᴛꜱ ⓜ,ⲓⲛⲛⲉꞅⲥⲓⲁ,24,18,0,1.33,74,42,3832,28,ⓜ | HazardiaN,B
cpl_2026-03-13_1900_Castle_820843,2026-03-13,19:00,Castle,ᴍᴀᴅᴍᴇɴ ᴄᴀꜱᴛʟᴇ ʙᴏᴏᴛᴄᴀᴍᴘ ꜱ¹⁰,ᴍᴇᴅɪꜱᴘᴏʀᴛꜱ ⓜ,ⲓⲛⲛⲉꞅⲥⲓⲁ,17,22,10,0.77,71,47,3371,28,ⓜ | GreekFreakKief,B
cpl_2026-03-13_1900_Castle_820843,2026-03-13,19:00,Castle,ᴍᴀᴅᴍᴇɴ ᴄᴀꜱᴛʟᴇ ʙᴏᴏᴛᴄᴀᴍᴘ ꜱ¹⁰,ᴍᴇᴅɪꜱᴘᴏʀᴛꜱ ⓜ,ⲓⲛⲛⲉꞅⲥⲓⲁ,23,19,0,1.21,63,30,5155,28,inn | Lukas,B
cpl_2026-03-13_1900_Castle_820843,2026-03-13,19:00,Castle,ᴍᴀᴅᴍᴇɴ ᴄᴀꜱᴛʟᴇ ʙᴏᴏᴛᴄᴀᴍᴘ ꜱ¹⁰,ᴍᴇᴅɪꜱᴘᴏʀᴛꜱ ⓜ,ⲓⲛⲛⲉꞅⲥⲓⲁ,17,23,2,0.74,72,29,2732,28,inn | Diego,B
cpl_2026-03-13_1900_Castle_820843,2026-03-13,19:00,Castle,ᴍᴀᴅᴍᴇɴ ᴄᴀꜱᴛʟᴇ ʙᴏᴏᴛᴄᴀᴍᴘ ꜱ¹⁰,ᴍᴇᴅɪꜱᴘᴏʀᴛꜱ ⓜ,ⲓⲛⲛⲉꞅⲥⲓⲁ,23,18,0,1.28,59,41,3887,28,inn | Kavali,B
cpl_2026-03-13_1900_Castle_820843,2026-03-13,19:00,Castle,ᴍᴀᴅᴍᴇɴ ᴄᴀꜱᴛʟᴇ ʙᴏᴏᴛᴄᴀᴍᴘ ꜱ¹⁰,ᴍᴇᴅɪꜱᴘᴏʀᴛꜱ ⓜ,ⲓⲛⲛⲉꞅⲥⲓⲁ,29,14,14,2.07,67,43,5886,28,inn | Jing Hu,B
cpl_2026-03-13_1900_Castle_820843,2026-03-13,19:00,Castle,ᴍᴀᴅᴍᴇɴ ᴄᴀꜱᴛʟᴇ ʙᴏᴏᴛᴄᴀᴍᴘ ꜱ¹⁰,ᴍᴇᴅɪꜱᴘᴏʀᴛꜱ ⓜ,ⲓⲛⲛⲉꞅⲥⲓⲁ,9,19,0,0.47,72,33,2581,28,inn | Irina,B
cpl_2026-03-13_1800_Castle_820842,2026-03-13,18:00,Castle,ᴍᴀᴅᴍᴇɴ ᴄᴀꜱᴛʟᴇ ʙᴏᴏᴛᴄᴀᴍᴘ ꜱ¹⁰,ᴍᴇᴅɪꜱᴘᴏʀᴛꜱ ⓜ,ⲓⲛⲛⲉꞅⲥⲓⲁ,6,20,0,0.3,63,17,1967,27,inn | Lukas,B
cpl_2026-03-13_1800_Castle_820842,2026-03-13,18:00,Castle,ᴍᴀᴅᴍᴇɴ ᴄᴀꜱᴛʟᴇ ʙᴏᴏᴛᴄᴀᴍᴘ ꜱ¹⁰,ᴍᴇᴅɪꜱᴘᴏʀᴛꜱ ⓜ,ⲓⲛⲛⲉꞅⲥⲓⲁ,19,17,0,1.12,74,47,3268,27,inn | Diego,B
cpl_2026-03-13_1800_Castle_820842,2026-03-13,18:00,Castle,ᴍᴀᴅᴍᴇɴ ᴄᴀꜱᴛʟᴇ ʙᴏᴏᴛᴄᴀᴍᴘ ꜱ¹⁰,ᴍᴇᴅɪꜱᴘᴏʀᴛꜱ ⓜ,ⲓⲛⲛⲉꞅⲥⲓⲁ,18,14,0,1.29,70,17,2996,27,inn | Kavali,B
cpl_2026-03-13_1800_Castle_820842,2026-03-13,18:00,Castle,ᴍᴀᴅᴍᴇɴ ᴄᴀꜱᴛʟᴇ ʙᴏᴏᴛᴄᴀᴍᴘ ꜱ¹⁰,ᴍᴇᴅɪꜱᴘᴏʀᴛꜱ ⓜ,ⲓⲛⲛⲉꞅⲥⲓⲁ,30,14,11,2.14,81,27,5783,27,inn | Jing Hu,B
cpl_2026-03-13_1800_Castle_820842,2026-03-13,18:00,Castle,ᴍᴀᴅᴍᴇɴ ᴄᴀꜱᴛʟᴇ ʙᴏᴏᴛᴄᴀᴍᴘ ꜱ¹⁰,ᴍᴇᴅɪꜱᴘᴏʀᴛꜱ ⓜ,ⲓⲛⲛⲉꞅⲥⲓⲁ,27,14,5,1.93,77,52,4534,27,inn | Irina,B
cpl_2026-03-13_1800_Castle_820842,2026-03-13,18:00,Castle,ᴍᴀᴅᴍᴇɴ ᴄᴀꜱᴛʟᴇ ʙᴏᴏᴛᴄᴀᴍᴘ ꜱ¹⁰,ᴍᴇᴅɪꜱᴘᴏʀᴛꜱ ⓜ,ⲓⲛⲛⲉꞅⲥⲓⲁ,8,19,0,0.42,57,13,1795,27,ⓜ | 8eeR,B
cpl_2026-03-13_1800_Castle_820842,2026-03-13,18:00,Castle,ᴍᴀᴅᴍᴇɴ ᴄᴀꜱᴛʟᴇ ʙᴏᴏᴛᴄᴀᴍᴘ ꜱ¹⁰,ᴍᴇᴅɪꜱᴘᴏʀᴛꜱ ⓜ,ⲓⲛⲛⲉꞅⲥⲓⲁ,14,21,0,0.67,60,57,3431,27,ⓜ | onebody,B
cpl_2026-03-13_1800_Castle_820842,2026-03-13,18:00,Castle,ᴍᴀᴅᴍᴇɴ ᴄᴀꜱᴛʟᴇ ʙᴏᴏᴛᴄᴀᴍᴘ ꜱ¹⁰,ᴍᴇᴅɪꜱᴘᴏʀᴛꜱ ⓜ,ⲓⲛⲛⲉꞅⲥⲓⲁ,19,20,9,0.95,69,42,4334,27,ⓜ | jazooka,B
cpl_2026-03-13_1800_Castle_820842,2026-03-13,18:00,Castle,ᴍᴀᴅᴍᴇɴ ᴄᴀꜱᴛʟᴇ ʙᴏᴏᴛᴄᴀᴍᴘ ꜱ¹⁰,ᴍᴇᴅɪꜱᴘᴏʀᴛꜱ ⓜ,ⲓⲛⲛⲉꞅⲥⲓⲁ,18,19,2,0.95,62,39,4684,27,ⓜ | HazardiaN,B
cpl_2026-03-13_1800_Castle_820842,2026-03-13,18:00,Castle,ᴍᴀᴅᴍᴇɴ ᴄᴀꜱᴛʟᴇ ʙᴏᴏᴛᴄᴀᴍᴘ ꜱ¹⁰,ᴍᴇᴅɪꜱᴘᴏʀᴛꜱ ⓜ,ⲓⲛⲛⲉꞅⲥⲓⲁ,20,21,1,0.95,74,35,3344,27,ⓜ | GreekFreakKief,B
cpl_2026-03-11_0700_Castle_820705,2026-03-11,07:00,Castle,Cyberathletes Open Qualifier S10.5,ᴍᴇᴅɪꜱᴘᴏʀᴛꜱ ⓜ,Caught Napping,0,16,0,0,100,0,48,17,MuminoV,A
cpl_2026-03-11_0700_Castle_820705,2026-03-11,07:00,Castle,Cyberathletes Open Qualifier S10.5,ᴍᴇᴅɪꜱᴘᴏʀᴛꜱ ⓜ,Caught Napping,2,17,0,0.12,75,50,844,17,HanKwang,A
cpl_2026-03-11_0700_Castle_820705,2026-03-11,07:00,Castle,Cyberathletes Open Qualifier S10.5,ᴍᴇᴅɪꜱᴘᴏʀᴛꜱ ⓜ,Caught Napping,7,15,0,0.47,68,29,2286,17,Leone,A
cpl_2026-03-11_0700_Castle_820705,2026-03-11,07:00,Castle,Cyberathletes Open Qualifier S10.5,ᴍᴇᴅɪꜱᴘᴏʀᴛꜱ ⓜ,Caught Napping,4,16,0,0.25,74,0,573,17,MazuR,A
cpl_2026-03-11_0700_Castle_820705,2026-03-11,07:00,Castle,Cyberathletes Open Qualifier S10.5,ᴍᴇᴅɪꜱᴘᴏʀᴛꜱ ⓜ,Caught Napping,6,15,1,0.4,78,33,1246,17,Johansson,A
cpl_2026-03-11_0700_Castle_820705,2026-03-11,07:00,Castle,Cyberathletes Open Qualifier S10.5,ᴍᴇᴅɪꜱᴘᴏʀᴛꜱ ⓜ,Caught Napping,14,5,0,2.8,65,36,2935,17,ⓜ | 8eeR,A
cpl_2026-03-11_0700_Castle_820705,2026-03-11,07:00,Castle,Cyberathletes Open Qualifier S10.5,ᴍᴇᴅɪꜱᴘᴏʀᴛꜱ ⓜ,Caught Napping,18,1,2,18,74,44,3671,17,ⓜ | onebody,A
cpl_2026-03-11_0700_Castle_820705,2026-03-11,07:00,Castle,Cyberathletes Open Qualifier S10.5,ᴍᴇᴅɪꜱᴘᴏʀᴛꜱ ⓜ,Caught Napping,20,4,8,5,78,70,5092,17,ⓜ | jazooka,A
cpl_2026-03-11_0700_Castle_820705,2026-03-11,07:00,Castle,Cyberathletes Open Qualifier S10.5,ᴍᴇᴅɪꜱᴘᴏʀᴛꜱ ⓜ,Caught Napping,15,2,6,7.5,62,60,3391,17,ⓜ | HazardiaN,A
cpl_2026-03-11_0700_Castle_820705,2026-03-11,07:00,Castle,Cyberathletes Open Qualifier S10.5,ᴍᴇᴅɪꜱᴘᴏʀᴛꜱ ⓜ,Caught Napping,12,7,0,1.71,75,50,3450,17,ⓜ | GreekFreakKief,A
cpl_2026-03-11_0830_Castle_820708,2026-03-11,08:30,Castle,Cyberathletes Open Qualifier S10.5,ᴍᴇᴅɪꜱᴘᴏʀᴛꜱ ⓜ,Møjborgs Elite,8,19,0,0.42,68,75,2084,26,ⓜ | 8eeR,A
cpl_2026-03-11_0830_Castle_820708,2026-03-11,08:30,Castle,Cyberathletes Open Qualifier S10.5,ᴍᴇᴅɪꜱᴘᴏʀᴛꜱ ⓜ,Møjborgs Elite,16,17,8,0.94,84,25,3124,26,ⓜ | onebody,A
cpl_2026-03-11_0830_Castle_820708,2026-03-11,08:30,Castle,Cyberathletes Open Qualifier S10.5,ᴍᴇᴅɪꜱᴘᴏʀᴛꜱ ⓜ,Møjborgs Elite,14,19,1,0.74,82,57,2895,26,ⓜ | jazooka,A
cpl_2026-03-11_0830_Castle_820708,2026-03-11,08:30,Castle,Cyberathletes Open Qualifier S10.5,ᴍᴇᴅɪꜱᴘᴏʀᴛꜱ ⓜ,Møjborgs Elite,15,18,1,0.83,62,20,3314,26,ⓜ | HazardiaN,A
cpl_2026-03-11_0830_Castle_820708,2026-03-11,08:30,Castle,Cyberathletes Open Qualifier S10.5,ᴍᴇᴅɪꜱᴘᴏʀᴛꜱ ⓜ,Møjborgs Elite,9,18,0,0.5,68,33,1967,26,ⓜ | GreekFreakKief,A
cpl_2026-03-11_0830_Castle_820708,2026-03-11,08:30,Castle,Cyberathletes Open Qualifier S10.5,ᴍᴇᴅɪꜱᴘᴏʀᴛꜱ ⓜ,Møjborgs Elite,15,16,0,0.94,78,47,3117,26,Sapporo,A
cpl_2026-03-11_0830_Castle_820708,2026-03-11,08:30,Castle,Cyberathletes Open Qualifier S10.5,ᴍᴇᴅɪꜱᴘᴏʀᴛꜱ ⓜ,Møjborgs Elite,20,12,0,1.67,71,35,3781,26,Sleeman,A
cpl_2026-03-11_0830_Castle_820708,2026-03-11,08:30,Castle,Cyberathletes Open Qualifier S10.5,ᴍᴇᴅɪꜱᴘᴏʀᴛꜱ ⓜ,Møjborgs Elite,20,11,8,1.82,74,37,3532,26,Asahi,A
cpl_2026-03-11_0830_Castle_820708,2026-03-11,08:30,Castle,Cyberathletes Open Qualifier S10.5,ᴍᴇᴅɪꜱᴘᴏʀᴛꜱ ⓜ,Møjborgs Elite,22,12,7,1.83,81,41,4490,26,Mont Blanc,A
cpl_2026-03-11_0830_Castle_820708,2026-03-11,08:30,Castle,Cyberathletes Open Qualifier S10.5,ᴍᴇᴅɪꜱᴘᴏʀᴛꜱ ⓜ,Møjborgs Elite,14,11,1,1.27,79,38,2537,26,Cristales,A
cpl_2026-03-11_1000_Castle_820710,2026-03-11,10:00,Castle,Cyberathletes Open Qualifier S10.5,ᴍᴇᴅɪꜱᴘᴏʀᴛꜱ ⓜ,#cohiba,28,22,12,1.27,78,64,5125,28,Christ0,A
cpl_2026-03-11_1000_Castle_820710,2026-03-11,10:00,Castle,Cyberathletes Open Qualifier S10.5,ᴍᴇᴅɪꜱᴘᴏʀᴛꜱ ⓜ,#cohiba,14,20,0,0.7,72,57,2983,28,conti,A
cpl_2026-03-11_1000_Castle_820710,2026-03-11,10:00,Castle,Cyberathletes Open Qualifier S10.5,ᴍᴇᴅɪꜱᴘᴏʀᴛꜱ ⓜ,#cohiba,17,21,0,0.81,72,41,3763,28,jun0,A
cpl_2026-03-11_1000_Castle_820710,2026-03-11,10:00,Castle,Cyberathletes Open Qualifier S10.5,ᴍᴇᴅɪꜱᴘᴏʀᴛꜱ ⓜ,#cohiba,13,23,0,0.57,70,54,2571,28,p0ld,A
cpl_2026-03-11_1000_Castle_820710,2026-03-11,10:00,Castle,Cyberathletes Open Qualifier S10.5,ᴍᴇᴅɪꜱᴘᴏʀᴛꜱ ⓜ,#cohiba,9,20,0,0.45,72,50,2058,28,rasmussen,A
cpl_2026-03-11_1000_Castle_820710,2026-03-11,10:00,Castle,Cyberathletes Open Qualifier S10.5,ᴍᴇᴅɪꜱᴘᴏʀᴛꜱ ⓜ,#cohiba,20,17,5,1.18,73,35,3026,28,ⓜ | 8eeR,A
cpl_2026-03-11_1000_Castle_820710,2026-03-11,10:00,Castle,Cyberathletes Open Qualifier S10.5,ᴍᴇᴅɪꜱᴘᴏʀᴛꜱ ⓜ,#cohiba,33,15,6,2.2,75,45,5294,28,ⓜ | onebody,A
cpl_2026-03-11_1000_Castle_820710,2026-03-11,10:00,Castle,Cyberathletes Open Qualifier S10.5,ᴍᴇᴅɪꜱᴘᴏʀᴛꜱ ⓜ,#cohiba,18,15,0,1.2,67,22,3236,28,ⓜ | jazooka,A
cpl_2026-03-11_1000_Castle_820710,2026-03-11,10:00,Castle,Cyberathletes Open Qualifier S10.5,ᴍᴇᴅɪꜱᴘᴏʀᴛꜱ ⓜ,#cohiba,20,16,5,1.25,70,25,4166,28,ⓜ | HazardiaN,A
cpl_2026-03-11_1000_Castle_820710,2026-03-11,10:00,Castle,Cyberathletes Open Qualifier S10.5,ᴍᴇᴅɪꜱᴘᴏʀᴛꜱ ⓜ,#cohiba,14,17,0,0.82,62,36,3290,28,ⓜ | GreekFreakKief,A
cpl_2026-03-11_1300_Train_820711,2026-03-11,13:00,Train,Cyberathletes Open Qualifier S10.5,ᴍᴇᴅɪꜱᴘᴏʀᴛꜱ ⓜ,pihaTNT,14,19,0,0.74,69,14,2276,30,Rappin' Captain,A
cpl_2026-03-11_1300_Train_820711,2026-03-11,13:00,Train,Cyberathletes Open Qualifier S10.5,ᴍᴇᴅɪꜱᴘᴏʀᴛꜱ ⓜ,pihaTNT,20,22,0,0.91,63,40,3070,30,Odor,A
cpl_2026-03-11_1300_Train_820711,2026-03-11,13:00,Train,Cyberathletes Open Qualifier S10.5,ᴍᴇᴅɪꜱᴘᴏʀᴛꜱ ⓜ,pihaTNT,20,16,1,1.25,57,40,4205,30,apvpnisti,A
cpl_2026-03-11_1300_Train_820711,2026-03-11,13:00,Train,Cyberathletes Open Qualifier S10.5,ᴍᴇᴅɪꜱᴘᴏʀᴛꜱ ⓜ,pihaTNT,33,13,15,2.54,69,39,4771,30,coolman,A
cpl_2026-03-11_1300_Train_820711,2026-03-11,13:00,Train,Cyberathletes Open Qualifier S10.5,ᴍᴇᴅɪꜱᴘᴏʀᴛꜱ ⓜ,pihaTNT,19,17,0,1.12,66,26,3123,30,osama,A
cpl_2026-03-11_1300_Train_820711,2026-03-11,13:00,Train,Cyberathletes Open Qualifier S10.5,ᴍᴇᴅɪꜱᴘᴏʀᴛꜱ ⓜ,pihaTNT,12,25,1,0.48,50,50,2757,30,ⓜ | 8eeR,A
cpl_2026-03-11_1300_Train_820711,2026-03-11,13:00,Train,Cyberathletes Open Qualifier S10.5,ᴍᴇᴅɪꜱᴘᴏʀᴛꜱ ⓜ,pihaTNT,12,22,0,0.55,57,25,3193,30,ⓜ | onebody,A
cpl_2026-03-11_1300_Train_820711,2026-03-11,13:00,Train,Cyberathletes Open Qualifier S10.5,ᴍᴇᴅɪꜱᴘᴏʀᴛꜱ ⓜ,pihaTNT,17,20,0,0.85,57,25,2686,30,ⓜ | jazooka,A
cpl_2026-03-11_1300_Train_820711,2026-03-11,13:00,Train,Cyberathletes Open Qualifier S10.5,ᴍᴇᴅɪꜱᴘᴏʀᴛꜱ ⓜ,pihaTNT,21,18,8,1.17,73,25,3975,30,ⓜ | HazardiaN,A
cpl_2026-03-11_1300_Train_820711,2026-03-11,13:00,Train,Cyberathletes Open Qualifier S10.5,ᴍᴇᴅɪꜱᴘᴏʀᴛꜱ ⓜ,pihaTNT,25,21,5,1.19,64,36,4321,30,ⓜ | GreekFreakKief,A
cpl_2026-03-12_0700_Castle_821307,2026-03-12,07:00,Castle,Cyberathletes Open Qualifier S10.7,ᴍᴇᴅɪꜱᴘᴏʀᴛꜱ ⓜ,Møjborgs Elite,13,18,0,0.72,67,46,2647,26,ⓜ | 8eeR,A
cpl_2026-03-12_0700_Castle_821307,2026-03-12,07:00,Castle,Cyberathletes Open Qualifier S10.7,ᴍᴇᴅɪꜱᴘᴏʀᴛꜱ ⓜ,Møjborgs Elite,21,14,10,1.5,64,43,4186,26,ⓜ | onebody,A
cpl_2026-03-12_0700_Castle_821307,2026-03-12,07:00,Castle,Cyberathletes Open Qualifier S10.7,ᴍᴇᴅɪꜱᴘᴏʀᴛꜱ ⓜ,Møjborgs Elite,25,12,3,2.08,69,44,5032,26,ⓜ | jazooka,A
cpl_2026-03-12_0700_Castle_821307,2026-03-12,07:00,Castle,Cyberathletes Open Qualifier S10.7,ᴍᴇᴅɪꜱᴘᴏʀᴛꜱ ⓜ,Møjborgs Elite,23,14,2,1.64,70,39,4330,26,ⓜ | HazardiaN,A
cpl_2026-03-12_0700_Castle_821307,2026-03-12,07:00,Castle,Cyberathletes Open Qualifier S10.7,ᴍᴇᴅɪꜱᴘᴏʀᴛꜱ ⓜ,Møjborgs Elite,8,17,1,0.47,66,25,2159,26,ⓜ | GreekFreakKief,A
cpl_2026-03-12_0700_Castle_821307,2026-03-12,07:00,Castle,Cyberathletes Open Qualifier S10.7,ᴍᴇᴅɪꜱᴘᴏʀᴛꜱ ⓜ,Møjborgs Elite,17,18,7,0.94,75,50,3088,26,Sapporo,A
cpl_2026-03-12_0700_Castle_821307,2026-03-12,07:00,Castle,Cyberathletes Open Qualifier S10.7,ᴍᴇᴅɪꜱᴘᴏʀᴛꜱ ⓜ,Møjborgs Elite,14,17,0,0.82,85,50,2858,26,Sleeman,A
cpl_2026-03-12_0700_Castle_821307,2026-03-12,07:00,Castle,Cyberathletes Open Qualifier S10.7,ᴍᴇᴅɪꜱᴘᴏʀᴛꜱ ⓜ,Møjborgs Elite,11,17,0,0.65,77,50,2317,26,Asahi,A
cpl_2026-03-12_0700_Castle_821307,2026-03-12,07:00,Castle,Cyberathletes Open Qualifier S10.7,ᴍᴇᴅɪꜱᴘᴏʀᴛꜱ ⓜ,Møjborgs Elite,18,17,2,1.06,75,50,2945,26,Mont Blanc,A
cpl_2026-03-12_0700_Castle_821307,2026-03-12,07:00,Castle,Cyberathletes Open Qualifier S10.7,ᴍᴇᴅɪꜱᴘᴏʀᴛꜱ ⓜ,Møjborgs Elite,15,21,1,0.71,80,57,3295,26,Cristales,A
cpl_2026-03-12_0800_Train_821340,2026-03-12,08:00,Train,CPL Open Tournament S10.6,ᴍᴇᴅɪꜱᴘᴏʀᴛꜱ ⓜ,black coffée,18,19,5,0.95,66,44,3394,26,Jacksenderson,A
cpl_2026-03-12_0800_Train_821340,2026-03-12,08:00,Train,CPL Open Tournament S10.6,ᴍᴇᴅɪꜱᴘᴏʀᴛꜱ ⓜ,black coffée,17,12,1,1.42,77,41,3653,26,Laklam,A
cpl_2026-03-12_0800_Train_821340,2026-03-12,08:00,Train,CPL Open Tournament S10.6,ᴍᴇᴅɪꜱᴘᴏʀᴛꜱ ⓜ,black coffée,19,11,0,1.73,76,32,3803,26,Hopenzak,A
cpl_2026-03-12_0800_Train_821340,2026-03-12,08:00,Train,CPL Open Tournament S10.6,ᴍᴇᴅɪꜱᴘᴏʀᴛꜱ ⓜ,black coffée,30,10,9,3,80,43,4647,26,Lukaku,A
cpl_2026-03-12_0800_Train_821340,2026-03-12,08:00,Train,CPL Open Tournament S10.6,ᴍᴇᴅɪꜱᴘᴏʀᴛꜱ ⓜ,black coffée,13,16,1,0.81,69,62,3882,26,Alexandstrom,A
cpl_2026-03-12_0800_Train_821340,2026-03-12,08:00,Train,CPL Open Tournament S10.6,ᴍᴇᴅɪꜱᴘᴏʀᴛꜱ ⓜ,black coffée,9,21,0,0.43,75,0,1524,26,ⓜ | 8eeR,A
cpl_2026-03-12_0800_Train_821340,2026-03-12,08:00,Train,CPL Open Tournament S10.6,ᴍᴇᴅɪꜱᴘᴏʀᴛꜱ ⓜ,black coffée,16,19,1,0.84,74,56,3596,26,ⓜ | onebody,A
cpl_2026-03-12_0800_Train_821340,2026-03-12,08:00,Train,CPL Open Tournament S10.6,ᴍᴇᴅɪꜱᴘᴏʀᴛꜱ ⓜ,black coffée,17,21,3,0.81,84,47,4035,26,ⓜ | jazooka,A
cpl_2026-03-12_0800_Train_821340,2026-03-12,08:00,Train,CPL Open Tournament S10.6,ᴍᴇᴅɪꜱᴘᴏʀᴛꜱ ⓜ,black coffée,19,16,6,1.19,68,26,2448,26,ⓜ | HazardiaN,A
cpl_2026-03-12_0800_Train_821340,2026-03-12,08:00,Train,CPL Open Tournament S10.6,ᴍᴇᴅɪꜱᴘᴏʀᴛꜱ ⓜ,black coffée,7,20,0,0.35,74,29,2200,26,ⓜ | GreekFreakKief,A
cpl_2026-03-12_0830_Train_821308,2026-03-12,08:30,Train,Cyberathletes Open Qualifier S10.7,ᴍᴇᴅɪꜱᴘᴏʀᴛꜱ ⓜ,Cyber rpa4u,20,17,15,1.18,63,35,4231,22,Shaman,A
cpl_2026-03-12_0830_Train_821308,2026-03-12,08:30,Train,Cyberathletes Open Qualifier S10.7,ᴍᴇᴅɪꜱᴘᴏʀᴛꜱ ⓜ,Cyber rpa4u,13,11,0,1.18,61,62,3083,22,Enemy,A
cpl_2026-03-12_0830_Train_821308,2026-03-12,08:30,Train,Cyberathletes Open Qualifier S10.7,ᴍᴇᴅɪꜱᴘᴏʀᴛꜱ ⓜ,Cyber rpa4u,24,8,1,3,79,58,4983,22,Aleja,A
cpl_2026-03-12_0830_Train_821308,2026-03-12,08:30,Train,Cyberathletes Open Qualifier S10.7,ᴍᴇᴅɪꜱᴘᴏʀᴛꜱ ⓜ,Cyber rpa4u,19,13,0,1.46,64,42,3914,22,K0ch,A
cpl_2026-03-12_0830_Train_821308,2026-03-12,08:30,Train,Cyberathletes Open Qualifier S10.7,ᴍᴇᴅɪꜱᴘᴏʀᴛꜱ ⓜ,Cyber rpa4u,15,12,0,1.25,62,40,3172,22,Kyzya,A
cpl_2026-03-12_0830_Train_821308,2026-03-12,08:30,Train,Cyberathletes Open Qualifier S10.7,ᴍᴇᴅɪꜱᴘᴏʀᴛꜱ ⓜ,Cyber rpa4u,4,19,0,0.21,53,25,943,22,ⓜ | 8eeR,A
cpl_2026-03-12_0830_Train_821308,2026-03-12,08:30,Train,Cyberathletes Open Qualifier S10.7,ᴍᴇᴅɪꜱᴘᴏʀᴛꜱ ⓜ,Cyber rpa4u,9,19,0,0.47,61,44,2829,22,ⓜ | onebody,A
cpl_2026-03-12_0830_Train_821308,2026-03-12,08:30,Train,Cyberathletes Open Qualifier S10.7,ᴍᴇᴅɪꜱᴘᴏʀᴛꜱ ⓜ,Cyber rpa4u,22,16,6,1.38,67,32,4282,22,ⓜ | jazooka,A
cpl_2026-03-12_0830_Train_821308,2026-03-12,08:30,Train,Cyberathletes Open Qualifier S10.7,ᴍᴇᴅɪꜱᴘᴏʀᴛꜱ ⓜ,Cyber rpa4u,15,18,0,0.83,61,14,2106,22,ⓜ | HazardiaN,A
cpl_2026-03-12_0830_Train_821308,2026-03-12,08:30,Train,Cyberathletes Open Qualifier S10.7,ᴍᴇᴅɪꜱᴘᴏʀᴛꜱ ⓜ,Cyber rpa4u,11,19,0,0.58,59,27,2269,22,ⓜ | GreekFreakKief,A
cpl_2026-03-12_1000_Train_821311,2026-03-12,10:00,Train,Cyberathletes Open Qualifier S10.7,ᴍᴇᴅɪꜱᴘᴏʀᴛꜱ ⓜ,Pain Trains,5,22,0,0.23,77,40,1103,24,ⓜ | 8eeR,A
cpl_2026-03-12_1000_Train_821311,2026-03-12,10:00,Train,Cyberathletes Open Qualifier S10.7,ᴍᴇᴅɪꜱᴘᴏʀᴛꜱ ⓜ,Pain Trains,14,17,4,0.82,64,50,3299,24,ⓜ | onebody,A
cpl_2026-03-12_1000_Train_821311,2026-03-12,10:00,Train,Cyberathletes Open Qualifier S10.7,ᴍᴇᴅɪꜱᴘᴏʀᴛꜱ ⓜ,Pain Trains,13,21,0,0.62,68,54,2537,24,ⓜ | jazooka,A
cpl_2026-03-12_1000_Train_821311,2026-03-12,10:00,Train,Cyberathletes Open Qualifier S10.7,ᴍᴇᴅɪꜱᴘᴏʀᴛꜱ ⓜ,Pain Trains,14,19,0,0.74,67,43,2930,24,ⓜ | HazardiaN,A
cpl_2026-03-12_1000_Train_821311,2026-03-12,10:00,Train,Cyberathletes Open Qualifier S10.7,ᴍᴇᴅɪꜱᴘᴏʀᴛꜱ ⓜ,Pain Trains,9,18,4,0.5,56,44,1642,24,ⓜ | GreekFreakKief,A
cpl_2026-03-12_1000_Train_821311,2026-03-12,10:00,Train,Cyberathletes Open Qualifier S10.7,ᴍᴇᴅɪꜱᴘᴏʀᴛꜱ ⓜ,Pain Trains,11,14,1,0.79,71,36,2660,24,Paintrains <10>,A
cpl_2026-03-12_1000_Train_821311,2026-03-12,10:00,Train,Cyberathletes Open Qualifier S10.7,ᴍᴇᴅɪꜱᴘᴏʀᴛꜱ ⓜ,Pain Trains,34,9,2,3.78,66,37,4580,24,Milan knows best,A
cpl_2026-03-12_1000_Train_821311,2026-03-12,10:00,Train,Cyberathletes Open Qualifier S10.7,ᴍᴇᴅɪꜱᴘᴏʀᴛꜱ ⓜ,Pain Trains,29,12,13,2.42,65,36,4336,24,Jaku,A
cpl_2026-03-12_1000_Train_821311,2026-03-12,10:00,Train,Cyberathletes Open Qualifier S10.7,ᴍᴇᴅɪꜱᴘᴏʀᴛꜱ ⓜ,Pain Trains,20,10,0,2,69,50,3879,24,Jakzi,A
cpl_2026-03-12_1000_Train_821311,2026-03-12,10:00,Train,Cyberathletes Open Qualifier S10.7,ᴍᴇᴅɪꜱᴘᴏʀᴛꜱ ⓜ,Pain Trains,7,14,0,0.5,53,50,1678,24,The Pain Train,A
cpl_2026-03-12_1000_Train_821342,2026-03-12,10:00,Train,CPL Open Tournament S10.6,ᴍᴇᴅɪꜱᴘᴏʀᴛꜱ ⓜ,Exército da Rua,11,9,0,1.22,73,64,2865,17,PMC0sta,A
cpl_2026-03-12_1000_Train_821342,2026-03-12,10:00,Train,CPL Open Tournament S10.6,ᴍᴇᴅɪꜱᴘᴏʀᴛꜱ ⓜ,Exército da Rua,18,4,9,4.5,81,44,4112,17,Ferrar!,A
cpl_2026-03-12_1000_Train_821342,2026-03-12,10:00,Train,CPL Open Tournament S10.6,ᴍᴇᴅɪꜱᴘᴏʀᴛꜱ ⓜ,Exército da Rua,12,4,0,3,71,50,3109,17,@rt3m,A
cpl_2026-03-12_1000_Train_821342,2026-03-12,10:00,Train,CPL Open Tournament S10.6,ᴍᴇᴅɪꜱᴘᴏʀᴛꜱ ⓜ,Exército da Rua,16,3,2,5.33,71,50,3761,17,P3T3R,A
cpl_2026-03-12_1000_Train_821342,2026-03-12,10:00,Train,CPL Open Tournament S10.6,ᴍᴇᴅɪꜱᴘᴏʀᴛꜱ ⓜ,Exército da Rua,27,4,5,6.75,74,44,5747,17,str0m,A
cpl_2026-03-12_1000_Train_821342,2026-03-12,10:00,Train,CPL Open Tournament S10.6,ᴍᴇᴅɪꜱᴘᴏʀᴛꜱ ⓜ,Exército da Rua,3,17,0,0.18,67,0,780,17,ⓜ | 8eeR,A
cpl_2026-03-12_1000_Train_821342,2026-03-12,10:00,Train,CPL Open Tournament S10.6,ᴍᴇᴅɪꜱᴘᴏʀᴛꜱ ⓜ,Exército da Rua,4,16,0,0.25,83,75,1064,17,ⓜ | onebody,A
cpl_2026-03-12_1000_Train_821342,2026-03-12,10:00,Train,CPL Open Tournament S10.6,ᴍᴇᴅɪꜱᴘᴏʀᴛꜱ ⓜ,Exército da Rua,5,17,0,0.29,76,20,1374,17,ⓜ | jazooka,A
cpl_2026-03-12_1000_Train_821342,2026-03-12,10:00,Train,CPL Open Tournament S10.6,ᴍᴇᴅɪꜱᴘᴏʀᴛꜱ ⓜ,Exército da Rua,5,17,0,0.29,80,40,1898,17,ⓜ | HazardiaN,A
cpl_2026-03-12_1000_Train_821342,2026-03-12,10:00,Train,CPL Open Tournament S10.6,ᴍᴇᴅɪꜱᴘᴏʀᴛꜱ ⓜ,Exército da Rua,7,17,1,0.41,71,43,1626,17,ⓜ | GreekFreakKief,A
cpl_2026-03-12_1200_Castle_821343,2026-03-12,12:00,Castle,CPL Open Tournament S10.6,ᴍᴇᴅɪꜱᴘᴏʀᴛꜱ ⓜ,IIIIIIIIIIIIII,7,0,0,7,53,14,1131,16,ⓜ | 8eeR,C
cpl_2026-03-12_1200_Castle_821343,2026-03-12,12:00,Castle,CPL Open Tournament S10.6,ᴍᴇᴅɪꜱᴘᴏʀᴛꜱ ⓜ,IIIIIIIIIIIIII,19,0,0,19,57,42,4056,16,ⓜ | onebody,C
cpl_2026-03-12_1200_Castle_821343,2026-03-12,12:00,Castle,CPL Open Tournament S10.6,ᴍᴇᴅɪꜱᴘᴏʀᴛꜱ ⓜ,IIIIIIIIIIIIII,31,1,13,31,84,35,6664,16,ⓜ | jazooka,C
cpl_2026-03-12_1200_Castle_821343,2026-03-12,12:00,Castle,CPL Open Tournament S10.6,ᴍᴇᴅɪꜱᴘᴏʀᴛꜱ ⓜ,IIIIIIIIIIIIII,12,0,1,12,67,67,4692,16,ⓜ | HazardiaN,C
cpl_2026-03-12_1200_Castle_821343,2026-03-12,12:00,Castle,CPL Open Tournament S10.6,ᴍᴇᴅɪꜱᴘᴏʀᴛꜱ ⓜ,IIIIIIIIIIIIII,11,0,2,11,61,55,2448,16,ⓜ | GreekFreakKief,C
cpl_2026-03-12_1200_Castle_821343,2026-03-12,12:00,Castle,CPL Open Tournament S10.6,ᴍᴇᴅɪꜱᴘᴏʀᴛꜱ ⓜ,IIIIIIIIIIIIII,1,16,0,0.06,50,100,328,16,David Meyer,C
cpl_2026-03-12_1200_Castle_821343,2026-03-12,12:00,Castle,CPL Open Tournament S10.6,ᴍᴇᴅɪꜱᴘᴏʀᴛꜱ ⓜ,IIIIIIIIIIIIII,0,16,0,0,82,0,652,16,Mads Olsen,C
cpl_2026-03-12_1200_Castle_821343,2026-03-12,12:00,Castle,CPL Open Tournament S10.6,ᴍᴇᴅɪꜱᴘᴏʀᴛꜱ ⓜ,IIIIIIIIIIIIII,0,16,0,0,N/A,0,0,16,Bjorn Einarsdottir,C
cpl_2026-03-12_1200_Castle_821343,2026-03-12,12:00,Castle,CPL Open Tournament S10.6,ᴍᴇᴅɪꜱᴘᴏʀᴛꜱ ⓜ,IIIIIIIIIIIIII,0,16,0,0,17,0,56,16,Nikolai Gusev,C
cpl_2026-03-12_1200_Castle_821343,2026-03-12,12:00,Castle,CPL Open Tournament S10.6,ᴍᴇᴅɪꜱᴘᴏʀᴛꜱ ⓜ,IIIIIIIIIIIIII,0,16,0,0,N/A,0,0,16,Zhao Zhou,C
cpl_2026-03-12_1400_Train_773836,2026-03-12,14:00,Train,CPL World Ladder Season 10,ᴍᴇᴅɪꜱᴘᴏʀᴛꜱ ⓜ,PrimaL Dgs,6,16,0,0.38,33,0,1377,18,Player #10622,C
cpl_2026-03-12_1400_Train_773836,2026-03-12,14:00,Train,CPL World Ladder Season 10,ᴍᴇᴅɪꜱᴘᴏʀᴛꜱ ⓜ,PrimaL Dgs,9,16,1,0.56,30,0,1606,18,Tarkin,C
cpl_2026-03-12_1400_Train_773836,2026-03-12,14:00,Train,CPL World Ladder Season 10,ᴍᴇᴅɪꜱᴘᴏʀᴛꜱ ⓜ,PrimaL Dgs,7,16,0,0.44,27,0,1447,18,Player #10626,C
cpl_2026-03-12_1400_Train_773836,2026-03-12,14:00,Train,CPL World Ladder Season 10,ᴍᴇᴅɪꜱᴘᴏʀᴛꜱ ⓜ,PrimaL Dgs,2,17,1,0.12,88,0,711,18,Player #10624,C
cpl_2026-03-12_1400_Train_773836,2026-03-12,14:00,Train,CPL World Ladder Season 10,ᴍᴇᴅɪꜱᴘᴏʀᴛꜱ ⓜ,PrimaL Dgs,7,17,0,0.41,34,14,1942,18,Player #10625,C
cpl_2026-03-12_1400_Train_773836,2026-03-12,14:00,Train,CPL World Ladder Season 10,ᴍᴇᴅɪꜱᴘᴏʀᴛꜱ ⓜ,PrimaL Dgs,17,7,0,2.43,76,41,3373,18,ⓜ | bonk,C
cpl_2026-03-12_1400_Train_773836,2026-03-12,14:00,Train,CPL World Ladder Season 10,ᴍᴇᴅɪꜱᴘᴏʀᴛꜱ ⓜ,PrimaL Dgs,21,3,5,7,77,38,4770,18,ⓜ | onebody,C
cpl_2026-03-12_1400_Train_773836,2026-03-12,14:00,Train,CPL World Ladder Season 10,ᴍᴇᴅɪꜱᴘᴏʀᴛꜱ ⓜ,PrimaL Dgs,20,7,11,2.86,76,55,4520,18,ⓜ | jazooka,C
cpl_2026-03-12_1400_Train_773836,2026-03-12,14:00,Train,CPL World Ladder Season 10,ᴍᴇᴅɪꜱᴘᴏʀᴛꜱ ⓜ,PrimaL Dgs,16,3,0,5.33,71,31,3395,18,ⓜ | stroky,C
cpl_2026-03-12_1400_Train_773836,2026-03-12,14:00,Train,CPL World Ladder Season 10,ᴍᴇᴅɪꜱᴘᴏʀᴛꜱ ⓜ,PrimaL Dgs,8,11,0,0.73,59,25,2269,18,ⓜ | SantiSupreme,C
cpl_2026-03-12_1800_Train_809367,2026-03-12,18:00,Train,League diamond #5,ᴍᴇᴅɪꜱᴘᴏʀᴛꜱ ⓜ,Black NirvanaAFK,12,20,0,0.6,61,50,3273,27,ⓜ | bonk,A
cpl_2026-03-12_1800_Train_809367,2026-03-12,18:00,Train,League diamond #5,ᴍᴇᴅɪꜱᴘᴏʀᴛꜱ ⓜ,Black NirvanaAFK,21,17,0,1.24,70,33,3925,27,ⓜ | onebody,A
cpl_2026-03-12_1800_Train_809367,2026-03-12,18:00,Train,League diamond #5,ᴍᴇᴅɪꜱᴘᴏʀᴛꜱ ⓜ,Black NirvanaAFK,21,17,5,1.24,81,57,5063,27,ⓜ | jazooka,A
cpl_2026-03-12_1800_Train_809367,2026-03-12,18:00,Train,League diamond #5,ᴍᴇᴅɪꜱᴘᴏʀᴛꜱ ⓜ,Black NirvanaAFK,19,18,4,1.06,70,32,3723,27,ⓜ | stroky,A
cpl_2026-03-12_1800_Train_809367,2026-03-12,18:00,Train,League diamond #5,ᴍᴇᴅɪꜱᴘᴏʀᴛꜱ ⓜ,Black NirvanaAFK,9,20,2,0.45,51,22,1811,27,ⓜ | SantiSupreme,A
cpl_2026-03-12_1800_Train_809367,2026-03-12,18:00,Train,League diamond #5,ᴍᴇᴅɪꜱᴘᴏʀᴛꜱ ⓜ,Black NirvanaAFK,24,15,9,1.6,70,54,3822,27,Striker,A
cpl_2026-03-12_1800_Train_809367,2026-03-12,18:00,Train,League diamond #5,ᴍᴇᴅɪꜱᴘᴏʀᴛꜱ ⓜ,Black NirvanaAFK,17,18,2,0.94,67,14,2611,27,Naga,A
cpl_2026-03-12_1800_Train_809367,2026-03-12,18:00,Train,League diamond #5,ᴍᴇᴅɪꜱᴘᴏʀᴛꜱ ⓜ,Black NirvanaAFK,24,14,5,1.71,64,38,3874,27,Cypher,A
cpl_2026-03-12_1800_Train_809367,2026-03-12,18:00,Train,League diamond #5,ᴍᴇᴅɪꜱᴘᴏʀᴛꜱ ⓜ,Black NirvanaAFK,10,21,0,0.48,69,60,2214,27,Supernova,A
cpl_2026-03-12_1800_Train_809367,2026-03-12,18:00,Train,League diamond #5,ᴍᴇᴅɪꜱᴘᴏʀᴛꜱ ⓜ,Black NirvanaAFK,17,14,0,1.21,70,41,3553,27,Phobos,A
cpl_2026-03-13_0700_Train_821656,2026-03-13,07:00,Train,Cyberathletes Open Qualifier S10.9,ᴍᴇᴅɪꜱᴘᴏʀᴛꜱ ⓜ,Kellerkinder,8,15,0,0.53,67,50,1481,22,ⓜ | 8eeR,A
cpl_2026-03-13_0700_Train_821656,2026-03-13,07:00,Train,Cyberathletes Open Qualifier S10.9,ᴍᴇᴅɪꜱᴘᴏʀᴛꜱ ⓜ,Kellerkinder,14,11,0,1.27,64,21,2956,22,ⓜ | onebody,A
cpl_2026-03-13_0700_Train_821656,2026-03-13,07:00,Train,Cyberathletes Open Qualifier S10.9,ᴍᴇᴅɪꜱᴘᴏʀᴛꜱ ⓜ,Kellerkinder,24,9,0,2.67,71,63,5424,22,ⓜ | jazooka,A
cpl_2026-03-13_0700_Train_821656,2026-03-13,07:00,Train,Cyberathletes Open Qualifier S10.9,ᴍᴇᴅɪꜱᴘᴏʀᴛꜱ ⓜ,Kellerkinder,20,6,3,3.33,64,55,4388,22,ⓜ | HazardiaN,A
cpl_2026-03-13_0700_Train_821656,2026-03-13,07:00,Train,Cyberathletes Open Qualifier S10.9,ᴍᴇᴅɪꜱᴘᴏʀᴛꜱ ⓜ,Kellerkinder,26,12,13,2.17,72,46,5169,22,ⓜ | GreekFreakKief,A
cpl_2026-03-13_0700_Train_821656,2026-03-13,07:00,Train,Cyberathletes Open Qualifier S10.9,ᴍᴇᴅɪꜱᴘᴏʀᴛꜱ ⓜ,Kellerkinder,5,19,0,0.26,60,40,1403,22,Eduard Vasile,A
cpl_2026-03-13_0700_Train_821656,2026-03-13,07:00,Train,Cyberathletes Open Qualifier S10.9,ᴍᴇᴅɪꜱᴘᴏʀᴛꜱ ⓜ,Kellerkinder,15,18,4,0.83,77,47,3063,22,Miks Silins,A
cpl_2026-03-13_0700_Train_821656,2026-03-13,07:00,Train,Cyberathletes Open Qualifier S10.9,ᴍᴇᴅɪꜱᴘᴏʀᴛꜱ ⓜ,Kellerkinder,6,21,0,0.29,67,50,1727,22,Vaclav Krejci,A
cpl_2026-03-13_0700_Train_821656,2026-03-13,07:00,Train,Cyberathletes Open Qualifier S10.9,ᴍᴇᴅɪꜱᴘᴏʀᴛꜱ ⓜ,Kellerkinder,11,17,0,0.65,63,18,2590,22,Kirill Romanov,A
cpl_2026-03-13_0700_Train_821656,2026-03-13,07:00,Train,Cyberathletes Open Qualifier S10.9,ᴍᴇᴅɪꜱᴘᴏʀᴛꜱ ⓜ,Kellerkinder,16,17,2,0.94,68,56,3488,22,Miks Berzins,A
cpl_2026-03-13_0830_Train_821657,2026-03-13,08:30,Train,Cyberathletes Open Qualifier S10.9,ᴍᴇᴅɪꜱᴘᴏʀᴛꜱ ⓜ,Pain Trains,9,17,0,0.53,65,22,2657,25,Paintrains <10>,A
cpl_2026-03-13_0830_Train_821657,2026-03-13,08:30,Train,Cyberathletes Open Qualifier S10.9,ᴍᴇᴅɪꜱᴘᴏʀᴛꜱ ⓜ,Pain Trains,25,10,14,2.5,58,28,4279,25,Milan knows best,A
cpl_2026-03-13_0830_Train_821657,2026-03-13,08:30,Train,Cyberathletes Open Qualifier S10.9,ᴍᴇᴅɪꜱᴘᴏʀᴛꜱ ⓜ,Pain Trains,26,11,2,2.36,67,23,3833,25,Jaku,A
cpl_2026-03-13_0830_Train_821657,2026-03-13,08:30,Train,Cyberathletes Open Qualifier S10.9,ᴍᴇᴅɪꜱᴘᴏʀᴛꜱ ⓜ,Pain Trains,14,10,0,1.4,59,21,3755,25,Jakzi,A
cpl_2026-03-13_0830_Train_821657,2026-03-13,08:30,Train,Cyberathletes Open Qualifier S10.9,ᴍᴇᴅɪꜱᴘᴏʀᴛꜱ ⓜ,Pain Trains,18,11,0,1.64,60,33,3815,25,The Pain Train,A
cpl_2026-03-13_0830_Train_821657,2026-03-13,08:30,Train,Cyberathletes Open Qualifier S10.9,ᴍᴇᴅɪꜱᴘᴏʀᴛꜱ ⓜ,Pain Trains,9,20,0,0.45,69,11,1560,25,ⓜ | 8eeR,A
cpl_2026-03-13_0830_Train_821657,2026-03-13,08:30,Train,Cyberathletes Open Qualifier S10.9,ᴍᴇᴅɪꜱᴘᴏʀᴛꜱ ⓜ,Pain Trains,11,20,0,0.55,70,27,2039,25,ⓜ | onebody,A
cpl_2026-03-13_0830_Train_821657,2026-03-13,08:30,Train,Cyberathletes Open Qualifier S10.9,ᴍᴇᴅɪꜱᴘᴏʀᴛꜱ ⓜ,Pain Trains,19,18,7,1.06,68,32,3599,25,ⓜ | jazooka,A
cpl_2026-03-13_0830_Train_821657,2026-03-13,08:30,Train,Cyberathletes Open Qualifier S10.9,ᴍᴇᴅɪꜱᴘᴏʀᴛꜱ ⓜ,Pain Trains,13,16,2,0.81,58,23,2648,25,ⓜ | HazardiaN,A
cpl_2026-03-13_0830_Train_821657,2026-03-13,08:30,Train,Cyberathletes Open Qualifier S10.9,ᴍᴇᴅɪꜱᴘᴏʀᴛꜱ ⓜ,Pain Trains,7,18,0,0.39,64,71,1680,25,ⓜ | GreekFreakKief,A
cpl_2026-03-13_1000_Castle_821660,2026-03-13,10:00,Castle,Cyberathletes Open Qualifier S10.9,ᴍᴇᴅɪꜱᴘᴏʀᴛꜱ ⓜ,ᴅᴜᴄᴋ ʜᴜɴᴛᴇʀꜱ,7,16,0,0.44,50,57,1678,16,ⓜ | 8eeR,A
cpl_2026-03-13_1000_Castle_821660,2026-03-13,10:00,Castle,Cyberathletes Open Qualifier S10.9,ᴍᴇᴅɪꜱᴘᴏʀᴛꜱ ⓜ,ᴅᴜᴄᴋ ʜᴜɴᴛᴇʀꜱ,5,16,0,0.31,73,20,1428,16,ⓜ | onebody,A
cpl_2026-03-13_1000_Castle_821660,2026-03-13,10:00,Castle,Cyberathletes Open Qualifier S10.9,ᴍᴇᴅɪꜱᴘᴏʀᴛꜱ ⓜ,ᴅᴜᴄᴋ ʜᴜɴᴛᴇʀꜱ,2,16,0,0.13,100,0,284,16,ⓜ | jazooka,A
cpl_2026-03-13_1000_Castle_821660,2026-03-13,10:00,Castle,Cyberathletes Open Qualifier S10.9,ᴍᴇᴅɪꜱᴘᴏʀᴛꜱ ⓜ,ᴅᴜᴄᴋ ʜᴜɴᴛᴇʀꜱ,2,16,0,0.13,80,50,570,16,ⓜ | HazardiaN,A
cpl_2026-03-13_1000_Castle_821660,2026-03-13,10:00,Castle,Cyberathletes Open Qualifier S10.9,ᴍᴇᴅɪꜱᴘᴏʀᴛꜱ ⓜ,ᴅᴜᴄᴋ ʜᴜɴᴛᴇʀꜱ,4,16,0,0.25,69,50,1468,16,ⓜ | GreekFreakKief,A
cpl_2026-03-13_1000_Castle_821660,2026-03-13,10:00,Castle,Cyberathletes Open Qualifier S10.9,ᴍᴇᴅɪꜱᴘᴏʀᴛꜱ ⓜ,ᴅᴜᴄᴋ ʜᴜɴᴛᴇʀꜱ,16,3,0,5.33,67,69,4133,16,Birra Moretti,A
cpl_2026-03-13_1000_Castle_821660,2026-03-13,10:00,Castle,Cyberathletes Open Qualifier S10.9,ᴍᴇᴅɪꜱᴘᴏʀᴛꜱ ⓜ,ᴅᴜᴄᴋ ʜᴜɴᴛᴇʀꜱ,23,1,14,23,76,48,4720,16,mAXIM,A
cpl_2026-03-13_1000_Castle_821660,2026-03-13,10:00,Castle,Cyberathletes Open Qualifier S10.9,ᴍᴇᴅɪꜱᴘᴏʀᴛꜱ ⓜ,ᴅᴜᴄᴋ ʜᴜɴᴛᴇʀꜱ,19,4,1,4.75,74,42,4442,16,Bauer,A
cpl_2026-03-13_1000_Castle_821660,2026-03-13,10:00,Castle,Cyberathletes Open Qualifier S10.9,ᴍᴇᴅɪꜱᴘᴏʀᴛꜱ ⓜ,ᴅᴜᴄᴋ ʜᴜɴᴛᴇʀꜱ,9,8,0,1.13,62,56,2186,16,Zet,A
cpl_2026-03-13_1000_Castle_821660,2026-03-13,10:00,Castle,Cyberathletes Open Qualifier S10.9,ᴍᴇᴅɪꜱᴘᴏʀᴛꜱ ⓜ,ᴅᴜᴄᴋ ʜᴜɴᴛᴇʀꜱ,13,4,1,3.25,66,62,2850,16,STYKO,A
cpl_2026-03-13_1300_Train_822231,2026-03-13,13:00,Train,Nova Prime Championship Stage 2,ᴍᴇᴅɪꜱᴘᴏʀᴛꜱ ⓜ,BurHaNS.tM,3,17,0,0.18,100,67,946,20,ⓜ | 8eeR,B
cpl_2026-03-13_1300_Train_822231,2026-03-13,13:00,Train,Nova Prime Championship Stage 2,ᴍᴇᴅɪꜱᴘᴏʀᴛꜱ ⓜ,BurHaNS.tM,12,4,3,3,82,17,1672,20,ⓜ | onebody,B
cpl_2026-03-13_1300_Train_822231,2026-03-13,13:00,Train,Nova Prime Championship Stage 2,ᴍᴇᴅɪꜱᴘᴏʀᴛꜱ ⓜ,BurHaNS.tM,19,4,0,4.75,69,47,4002,20,ⓜ | jazooka,B
cpl_2026-03-13_1300_Train_822231,2026-03-13,13:00,Train,Nova Prime Championship Stage 2,ᴍᴇᴅɪꜱᴘᴏʀᴛꜱ ⓜ,BurHaNS.tM,12,5,0,2.4,67,50,3750,20,ⓜ | HazardiaN,B
cpl_2026-03-13_1300_Train_822231,2026-03-13,13:00,Train,Nova Prime Championship Stage 2,ᴍᴇᴅɪꜱᴘᴏʀᴛꜱ ⓜ,BurHaNS.tM,40,5,13,8,77,35,8980,20,ⓜ | GreekFreakKief,B
cpl_2026-03-13_1300_Train_822231,2026-03-13,13:00,Train,Nova Prime Championship Stage 2,ᴍᴇᴅɪꜱᴘᴏʀᴛꜱ ⓜ,BurHaNS.tM,10,19,2,0.53,54,60,2784,20,^№1,B
cpl_2026-03-13_1300_Train_822231,2026-03-13,13:00,Train,Nova Prime Championship Stage 2,ᴍᴇᴅɪꜱᴘᴏʀᴛꜱ ⓜ,BurHaNS.tM,2,18,0,0.11,49,50,975,20,^№2,B
cpl_2026-03-13_1300_Train_822231,2026-03-13,13:00,Train,Nova Prime Championship Stage 2,ᴍᴇᴅɪꜱᴘᴏʀᴛꜱ ⓜ,BurHaNS.tM,5,17,0,0.29,41,60,1412,20,^№3,B
cpl_2026-03-13_1300_Train_822231,2026-03-13,13:00,Train,Nova Prime Championship Stage 2,ᴍᴇᴅɪꜱᴘᴏʀᴛꜱ ⓜ,BurHaNS.tM,5,16,0,0.31,56,0,1231,20,^№4,B
cpl_2026-03-13_1300_Train_822231,2026-03-13,13:00,Train,Nova Prime Championship Stage 2,ᴍᴇᴅɪꜱᴘᴏʀᴛꜱ ⓜ,BurHaNS.tM,13,16,2,0.81,63,23,2376,20,^№5,B
cpl_2026-03-13_1400_Castle_821701,2026-03-13,14:00,Castle,CPL World Ladder Season 10,ᴍᴇᴅɪꜱᴘᴏʀᴛꜱ ⓜ,COLONSAKI EC,19,20,2,0.95,64,47,2559,29,ppx,S
cpl_2026-03-13_1400_Castle_821701,2026-03-13,14:00,Castle,CPL World Ladder Season 10,ᴍᴇᴅɪꜱᴘᴏʀᴛꜱ ⓜ,COLONSAKI EC,20,17,0,1.18,74,50,4545,29,wasaki,S
cpl_2026-03-13_1400_Castle_821701,2026-03-13,14:00,Castle,CPL World Ladder Season 10,ᴍᴇᴅɪꜱᴘᴏʀᴛꜱ ⓜ,COLONSAKI EC,26,16,11,1.63,75,42,5062,29,Natisaki,S
cpl_2026-03-13_1400_Castle_821701,2026-03-13,14:00,Castle,CPL World Ladder Season 10,ᴍᴇᴅɪꜱᴘᴏʀᴛꜱ ⓜ,COLONSAKI EC,14,22,0,0.64,66,36,2343,29,OnlyNatsu,S
cpl_2026-03-13_1400_Castle_821701,2026-03-13,14:00,Castle,CPL World Ladder Season 10,ᴍᴇᴅɪꜱᴘᴏʀᴛꜱ ⓜ,COLONSAKI EC,18,18,0,1,70,39,3433,29,Zik,S
cpl_2026-03-13_1400_Castle_821701,2026-03-13,14:00,Castle,CPL World Ladder Season 10,ᴍᴇᴅɪꜱᴘᴏʀᴛꜱ ⓜ,COLONSAKI EC,14,19,0,0.74,67,29,2371,29,ⓜ | 8eeR,S
cpl_2026-03-13_1400_Castle_821701,2026-03-13,14:00,Castle,CPL World Ladder Season 10,ᴍᴇᴅɪꜱᴘᴏʀᴛꜱ ⓜ,COLONSAKI EC,23,20,9,1.15,76,43,4170,29,ⓜ | onebody,S
cpl_2026-03-13_1400_Castle_821701,2026-03-13,14:00,Castle,CPL World Ladder Season 10,ᴍᴇᴅɪꜱᴘᴏʀᴛꜱ ⓜ,COLONSAKI EC,17,20,3,0.85,74,29,3718,29,ⓜ | jazooka,S
cpl_2026-03-13_1400_Castle_821701,2026-03-13,14:00,Castle,CPL World Ladder Season 10,ᴍᴇᴅɪꜱᴘᴏʀᴛꜱ ⓜ,COLONSAKI EC,18,19,1,0.95,77,44,3425,29,ⓜ | HazardiaN,S
cpl_2026-03-13_1400_Castle_821701,2026-03-13,14:00,Castle,CPL World Ladder Season 10,ᴍᴇᴅɪꜱᴘᴏʀᴛꜱ ⓜ,COLONSAKI EC,21,19,3,1.11,81,48,4475,29,ⓜ | GreekFreakKief,S
cpl_2026-03-13_1500_Castle_822525,2026-03-13,15:00,Castle,Nova Prime Championship Stage 2,ᴍᴇᴅɪꜱᴘᴏʀᴛꜱ ⓜ,Troll E-Sports,10,18,0,0.56,77,60,2261,27,ⓜ | 8eeR,A
cpl_2026-03-13_1500_Castle_822525,2026-03-13,15:00,Castle,Nova Prime Championship Stage 2,ᴍᴇᴅɪꜱᴘᴏʀᴛꜱ ⓜ,Troll E-Sports,19,14,0,1.36,75,47,2796,27,ⓜ | onebody,A
cpl_2026-03-13_1500_Castle_822525,2026-03-13,15:00,Castle,Nova Prime Championship Stage 2,ᴍᴇᴅɪꜱᴘᴏʀᴛꜱ ⓜ,Troll E-Sports,26,13,14,2,80,50,5038,27,ⓜ | jazooka,A
cpl_2026-03-13_1500_Castle_822525,2026-03-13,15:00,Castle,Nova Prime Championship Stage 2,ᴍᴇᴅɪꜱᴘᴏʀᴛꜱ ⓜ,Troll E-Sports,28,13,2,2.15,78,41,5960,27,ⓜ | HazardiaN,A
cpl_2026-03-13_1500_Castle_822525,2026-03-13,15:00,Castle,Nova Prime Championship Stage 2,ᴍᴇᴅɪꜱᴘᴏʀᴛꜱ ⓜ,Troll E-Sports,7,15,0,0.47,71,43,1750,27,ⓜ | GreekFreakKief,A
cpl_2026-03-13_1500_Castle_822525,2026-03-13,15:00,Castle,Nova Prime Championship Stage 2,ᴍᴇᴅɪꜱᴘᴏʀᴛꜱ ⓜ,Troll E-Sports,10,18,0,0.56,60,50,2803,27,SlowCL,A
cpl_2026-03-13_1500_Castle_822525,2026-03-13,15:00,Castle,Nova Prime Championship Stage 2,ᴍᴇᴅɪꜱᴘᴏʀᴛꜱ ⓜ,Troll E-Sports,14,19,0,0.74,79,64,3296,27,G-top-G,A
cpl_2026-03-13_1500_Castle_822525,2026-03-13,15:00,Castle,Nova Prime Championship Stage 2,ᴍᴇᴅɪꜱᴘᴏʀᴛꜱ ⓜ,Troll E-Sports,18,16,7,1.13,80,39,3948,27,AlwysHard,A
cpl_2026-03-13_1500_Castle_822525,2026-03-13,15:00,Castle,Nova Prime Championship Stage 2,ᴍᴇᴅɪꜱᴘᴏʀᴛꜱ ⓜ,Troll E-Sports,18,16,4,1.13,75,56,4221,27,Brokolis,A
cpl_2026-03-13_1500_Castle_822525,2026-03-13,15:00,Castle,Nova Prime Championship Stage 2,ᴍᴇᴅɪꜱᴘᴏʀᴛꜱ ⓜ,Troll E-Sports,13,21,0,0.62,74,23,2530,27,A1mBot,A
cpl_2026-03-13_1700_Train_822766,2026-03-13,17:00,Train,Nova Prime Championship Stage 2,ᴍᴇᴅɪꜱᴘᴏʀᴛꜱ ⓜ,Inglourious Basterds,23,26,0,0.88,71,35,11472,36,×.FODOOR-,A
cpl_2026-03-13_1700_Train_822766,2026-03-13,17:00,Train,Nova Prime Championship Stage 2,ᴍᴇᴅɪꜱᴘᴏʀᴛꜱ ⓜ,Inglourious Basterds,18,26,0,0.69,69,39,7108,36,×.Capitão'Romance,A
cpl_2026-03-13_1700_Train_822766,2026-03-13,17:00,Train,Nova Prime Championship Stage 2,ᴍᴇᴅɪꜱᴘᴏʀᴛꜱ ⓜ,Inglourious Basterds,30,22,5,1.36,73,27,9250,36,×.rydhelm,A
cpl_2026-03-13_1700_Train_822766,2026-03-13,17:00,Train,Nova Prime Championship Stage 2,ᴍᴇᴅɪꜱᴘᴏʀᴛꜱ ⓜ,Inglourious Basterds,24,21,0,1.14,74,27,8145,36,×.RoseBaryJam,A
cpl_2026-03-13_1700_Train_822766,2026-03-13,17:00,Train,Nova Prime Championship Stage 2,ᴍᴇᴅɪꜱᴘᴏʀᴛꜱ ⓜ,Inglourious Basterds,27,28,12,0.96,75,44,12328,36,×.ajukrezi-,A
cpl_2026-03-13_1700_Train_822766,2026-03-13,17:00,Train,Nova Prime Championship Stage 2,ᴍᴇᴅɪꜱᴘᴏʀᴛꜱ ⓜ,Inglourious Basterds,14,28,0,0.5,59,29,5016,36,ⓜ | 8eeR,A
cpl_2026-03-13_1700_Train_822766,2026-03-13,17:00,Train,Nova Prime Championship Stage 2,ᴍᴇᴅɪꜱᴘᴏʀᴛꜱ ⓜ,Inglourious Basterds,19,23,0,0.83,66,37,8015,36,ⓜ | onebody,A
cpl_2026-03-13_1700_Train_822766,2026-03-13,17:00,Train,Nova Prime Championship Stage 2,ᴍᴇᴅɪꜱᴘᴏʀᴛꜱ ⓜ,Inglourious Basterds,32,24,15,1.33,69,56,13356,36,ⓜ | jazooka,A
cpl_2026-03-13_1700_Train_822766,2026-03-13,17:00,Train,Nova Prime Championship Stage 2,ᴍᴇᴅɪꜱᴘᴏʀᴛꜱ ⓜ,Inglourious Basterds,24,23,0,1.04,69,46,10204,36,ⓜ | HazardiaN,A
cpl_2026-03-13_1700_Train_822766,2026-03-13,17:00,Train,Nova Prime Championship Stage 2,ᴍᴇᴅɪꜱᴘᴏʀᴛꜱ ⓜ,Inglourious Basterds,34,24,4,1.42,66,47,11469,36,ⓜ | GreekFreakKief,A
cpl_2026-03-13_1800_Castle_809371,2026-03-13,18:00,Castle,League diamond #5,ᴍᴇᴅɪꜱᴘᴏʀᴛꜱ ⓜ,Grüne Mediziner,16,6,2,2.67,69,31,2982,20,Tingeltangel JR,S
cpl_2026-03-13_1800_Castle_809371,2026-03-13,18:00,Castle,League diamond #5,ᴍᴇᴅɪꜱᴘᴏʀᴛꜱ ⓜ,Grüne Mediziner,16,5,1,3.2,71,69,3983,20,Focz₭a,S
cpl_2026-03-13_1800_Castle_809371,2026-03-13,18:00,Castle,League diamond #5,ᴍᴇᴅɪꜱᴘᴏʀᴛꜱ ⓜ,Grüne Mediziner,18,5,1,3.6,74,44,3172,20,C-LΛV,S
cpl_2026-03-13_1800_Castle_809371,2026-03-13,18:00,Castle,League diamond #5,ᴍᴇᴅɪꜱᴘᴏʀᴛꜱ ⓜ,Grüne Mediziner,16,8,9,2,76,58,3138,20,Neoth,S
cpl_2026-03-13_1800_Castle_809371,2026-03-13,18:00,Castle,League diamond #5,ᴍᴇᴅɪꜱᴘᴏʀᴛꜱ ⓜ,Grüne Mediziner,21,8,3,2.63,67,62,4471,20,Rıᴢᴢ²,S
cpl_2026-03-13_1800_Castle_809371,2026-03-13,18:00,Castle,League diamond #5,ᴍᴇᴅɪꜱᴘᴏʀᴛꜱ ⓜ,Grüne Mediziner,7,16,0,0.44,68,14,1512,20,ⓜ | bonk,S
cpl_2026-03-13_1800_Castle_809371,2026-03-13,18:00,Castle,League diamond #5,ᴍᴇᴅɪꜱᴘᴏʀᴛꜱ ⓜ,Grüne Mediziner,5,17,0,0.29,77,40,1344,20,ⓜ | onebody,S
cpl_2026-03-13_1800_Castle_809371,2026-03-13,18:00,Castle,League diamond #5,ᴍᴇᴅɪꜱᴘᴏʀᴛꜱ ⓜ,Grüne Mediziner,15,17,4,0.88,78,40,3417,20,ⓜ | jazooka,S
cpl_2026-03-13_1800_Castle_809371,2026-03-13,18:00,Castle,League diamond #5,ᴍᴇᴅɪꜱᴘᴏʀᴛꜱ ⓜ,Grüne Mediziner,3,18,0,0.17,68,33,855,20,ⓜ | stroky,S
cpl_2026-03-13_1800_Castle_809371,2026-03-13,18:00,Castle,League diamond #5,ᴍᴇᴅɪꜱᴘᴏʀᴛꜱ ⓜ,Grüne Mediziner,2,19,0,0.11,72,0,698,20,ⓜ | SantiSupreme,S
cpl_2026-03-13_1800_Castle_820842,2026-03-13,18:00,Castle,ᴍᴀᴅᴍᴇɴ ᴄᴀꜱᴛʟᴇ ʙᴏᴏᴛᴄᴀᴍᴘ ꜱ¹⁰,ᴍᴇᴅɪꜱᴘᴏʀᴛꜱ ⓜ,ⲓⲛⲛⲉꞅⲥⲓⲁ,6,20,0,0.3,63,17,1967,28,inn | Lukas,B
cpl_2026-03-13_1800_Castle_820842,2026-03-13,18:00,Castle,ᴍᴀᴅᴍᴇɴ ᴄᴀꜱᴛʟᴇ ʙᴏᴏᴛᴄᴀᴍᴘ ꜱ¹⁰,ᴍᴇᴅɪꜱᴘᴏʀᴛꜱ ⓜ,ⲓⲛⲛⲉꞅⲥⲓⲁ,19,17,0,1.12,74,47,3268,28,inn | Diego,B
cpl_2026-03-13_1800_Castle_820842,2026-03-13,18:00,Castle,ᴍᴀᴅᴍᴇɴ ᴄᴀꜱᴛʟᴇ ʙᴏᴏᴛᴄᴀᴍᴘ ꜱ¹⁰,ᴍᴇᴅɪꜱᴘᴏʀᴛꜱ ⓜ,ⲓⲛⲛⲉꞅⲥⲓⲁ,18,14,0,1.29,70,17,2996,28,inn | Kavali,B
cpl_2026-03-13_1800_Castle_820842,2026-03-13,18:00,Castle,ᴍᴀᴅᴍᴇɴ ᴄᴀꜱᴛʟᴇ ʙᴏᴏᴛᴄᴀᴍᴘ ꜱ¹⁰,ᴍᴇᴅɪꜱᴘᴏʀᴛꜱ ⓜ,ⲓⲛⲛⲉꞅⲥⲓⲁ,30,14,11,2.14,81,27,5783,28,inn | Jing Hu,B
cpl_2026-03-13_1800_Castle_820842,2026-03-13,18:00,Castle,ᴍᴀᴅᴍᴇɴ ᴄᴀꜱᴛʟᴇ ʙᴏᴏᴛᴄᴀᴍᴘ ꜱ¹⁰,ᴍᴇᴅɪꜱᴘᴏʀᴛꜱ ⓜ,ⲓⲛⲛⲉꞅⲥⲓⲁ,27,14,5,1.93,77,52,4534,28,inn | Irina,B
cpl_2026-03-13_1800_Castle_820842,2026-03-13,18:00,Castle,ᴍᴀᴅᴍᴇɴ ᴄᴀꜱᴛʟᴇ ʙᴏᴏᴛᴄᴀᴍᴘ ꜱ¹⁰,ᴍᴇᴅɪꜱᴘᴏʀᴛꜱ ⓜ,ⲓⲛⲛⲉꞅⲥⲓⲁ,8,19,0,0.42,57,13,1795,28,ⓜ | 8eeR,B
cpl_2026-03-13_1800_Castle_820842,2026-03-13,18:00,Castle,ᴍᴀᴅᴍᴇɴ ᴄᴀꜱᴛʟᴇ ʙᴏᴏᴛᴄᴀᴍᴘ ꜱ¹⁰,ᴍᴇᴅɪꜱᴘᴏʀᴛꜱ ⓜ,ⲓⲛⲛⲉꞅⲥⲓⲁ,14,21,0,0.67,60,57,3431,28,ⓜ | onebody,B
cpl_2026-03-13_1800_Castle_820842,2026-03-13,18:00,Castle,ᴍᴀᴅᴍᴇɴ ᴄᴀꜱᴛʟᴇ ʙᴏᴏᴛᴄᴀᴍᴘ ꜱ¹⁰,ᴍᴇᴅɪꜱᴘᴏʀᴛꜱ ⓜ,ⲓⲛⲛⲉꞅⲥⲓⲁ,19,20,9,0.95,69,42,4334,28,ⓜ | jazooka,B
cpl_2026-03-13_1800_Castle_820842,2026-03-13,18:00,Castle,ᴍᴀᴅᴍᴇɴ ᴄᴀꜱᴛʟᴇ ʙᴏᴏᴛᴄᴀᴍᴘ ꜱ¹⁰,ᴍᴇᴅɪꜱᴘᴏʀᴛꜱ ⓜ,ⲓⲛⲛⲉꞅⲥⲓⲁ,18,19,2,0.95,62,39,4684,28,ⓜ | HazardiaN,B
cpl_2026-03-13_1800_Castle_820842,2026-03-13,18:00,Castle,ᴍᴀᴅᴍᴇɴ ᴄᴀꜱᴛʟᴇ ʙᴏᴏᴛᴄᴀᴍᴘ ꜱ¹⁰,ᴍᴇᴅɪꜱᴘᴏʀᴛꜱ ⓜ,ⲓⲛⲛⲉꞅⲥⲓⲁ,20,21,1,0.95,74,35,3344,28,ⓜ | GreekFreakKief,B
cpl_2026-03-13_1900_Castle_820843,2026-03-13,19:00,Castle,ᴍᴀᴅᴍᴇɴ ᴄᴀꜱᴛʟᴇ ʙᴏᴏᴛᴄᴀᴍᴘ ꜱ¹⁰,ᴍᴇᴅɪꜱᴘᴏʀᴛꜱ ⓜ,ⲓⲛⲛⲉꞅⲥⲓⲁ,7,22,0,0.32,58,14,1360,28,ⓜ | 8eeR,B
cpl_2026-03-13_1900_Castle_820843,2026-03-13,19:00,Castle,ᴍᴀᴅᴍᴇɴ ᴄᴀꜱᴛʟᴇ ʙᴏᴏᴛᴄᴀᴍᴘ ꜱ¹⁰,ᴍᴇᴅɪꜱᴘᴏʀᴛꜱ ⓜ,ⲓⲛⲛⲉꞅⲥⲓⲁ,22,20,0,1.1,70,41,4353,28,ⓜ | onebody,B
cpl_2026-03-13_1900_Castle_820843,2026-03-13,19:00,Castle,ᴍᴀᴅᴍᴇɴ ᴄᴀꜱᴛʟᴇ ʙᴏᴏᴛᴄᴀᴍᴘ ꜱ¹⁰,ᴍᴇᴅɪꜱᴘᴏʀᴛꜱ ⓜ,ⲓⲛⲛⲉꞅⲥⲓⲁ,23,19,3,1.21,63,43,4687,28,ⓜ | jazooka,B
cpl_2026-03-13_1900_Castle_820843,2026-03-13,19:00,Castle,ᴍᴀᴅᴍᴇɴ ᴄᴀꜱᴛʟᴇ ʙᴏᴏᴛᴄᴀᴍᴘ ꜱ¹⁰,ᴍᴇᴅɪꜱᴘᴏʀᴛꜱ ⓜ,ⲓⲛⲛⲉꞅⲥⲓⲁ,24,18,0,1.33,74,42,3832,28,ⓜ | HazardiaN,B
cpl_2026-03-13_1900_Castle_820843,2026-03-13,19:00,Castle,ᴍᴀᴅᴍᴇɴ ᴄᴀꜱᴛʟᴇ ʙᴏᴏᴛᴄᴀᴍᴘ ꜱ¹⁰,ᴍᴇᴅɪꜱᴘᴏʀᴛꜱ ⓜ,ⲓⲛⲛⲉꞅⲥⲓⲁ,17,22,10,0.77,71,47,3371,28,ⓜ | GreekFreakKief,B
cpl_2026-03-13_1900_Castle_820843,2026-03-13,19:00,Castle,ᴍᴀᴅᴍᴇɴ ᴄᴀꜱᴛʟᴇ ʙᴏᴏᴛᴄᴀᴍᴘ ꜱ¹⁰,ᴍᴇᴅɪꜱᴘᴏʀᴛꜱ ⓜ,ⲓⲛⲛⲉꞅⲥⲓⲁ,23,19,0,1.21,63,30,5155,28,inn | Lukas,B
cpl_2026-03-13_1900_Castle_820843,2026-03-13,19:00,Castle,ᴍᴀᴅᴍᴇɴ ᴄᴀꜱᴛʟᴇ ʙᴏᴏᴛᴄᴀᴍᴘ ꜱ¹⁰,ᴍᴇᴅɪꜱᴘᴏʀᴛꜱ ⓜ,ⲓⲛⲛⲉꞅⲥⲓⲁ,17,23,2,0.74,72,29,2732,28,inn | Diego,B
cpl_2026-03-13_1900_Castle_820843,2026-03-13,19:00,Castle,ᴍᴀᴅᴍᴇɴ ᴄᴀꜱᴛʟᴇ ʙᴏᴏᴛᴄᴀᴍᴘ ꜱ¹⁰,ᴍᴇᴅɪꜱᴘᴏʀᴛꜱ ⓜ,ⲓⲛⲛⲉꞅⲥⲓⲁ,23,18,0,1.28,59,41,3887,28,inn | Kavali,B
cpl_2026-03-13_1900_Castle_820843,2026-03-13,19:00,Castle,ᴍᴀᴅᴍᴇɴ ᴄᴀꜱᴛʟᴇ ʙᴏᴏᴛᴄᴀᴍᴘ ꜱ¹⁰,ᴍᴇᴅɪꜱᴘᴏʀᴛꜱ ⓜ,ⲓⲛⲛⲉꞅⲥⲓⲁ,29,14,14,2.07,67,43,5886,28,inn | Jing Hu,B
cpl_2026-03-13_1900_Castle_820843,2026-03-13,19:00,Castle,ᴍᴀᴅᴍᴇɴ ᴄᴀꜱᴛʟᴇ ʙᴏᴏᴛᴄᴀᴍᴘ ꜱ¹⁰,ᴍᴇᴅɪꜱᴘᴏʀᴛꜱ ⓜ,ⲓⲛⲛⲉꞅⲥⲓⲁ,9,19,0,0.47,72,33,2581,28,inn | Irina,B
cpl_2026-03-13_1900_Castle_822951,2026-03-13,19:00,Castle,Nova Prime Championship Stage 2,ᴍᴇᴅɪꜱᴘᴏʀᴛꜱ ⓜ,ⲓⲛⲛⲉꞅⲥⲓⲁ,16,21,0,0.76,61,38,2818,29,inn | Lukas,B
cpl_2026-03-13_1900_Castle_822951,2026-03-13,19:00,Castle,Nova Prime Championship Stage 2,ᴍᴇᴅɪꜱᴘᴏʀᴛꜱ ⓜ,ⲓⲛⲛⲉꞅⲥⲓⲁ,19,21,4,0.9,75,42,3281,29,inn | Diego,B
cpl_2026-03-13_1900_Castle_822951,2026-03-13,19:00,Castle,Nova Prime Championship Stage 2,ᴍᴇᴅɪꜱᴘᴏʀᴛꜱ ⓜ,ⲓⲛⲛⲉꞅⲥⲓⲁ,13,22,1,0.59,76,15,2897,29,inn | Kavali,B
cpl_2026-03-13_1900_Castle_822951,2026-03-13,19:00,Castle,Nova Prime Championship Stage 2,ᴍᴇᴅɪꜱᴘᴏʀᴛꜱ ⓜ,ⲓⲛⲛⲉꞅⲥⲓⲁ,30,17,8,1.76,77,40,5248,29,inn | Jing Hu,B
cpl_2026-03-13_1900_Castle_822951,2026-03-13,19:00,Castle,Nova Prime Championship Stage 2,ᴍᴇᴅɪꜱᴘᴏʀᴛꜱ ⓜ,ⲓⲛⲛⲉꞅⲥⲓⲁ,7,21,0,0.33,74,29,1792,29,inn | Irina,B
cpl_2026-03-13_1900_Castle_822951,2026-03-13,19:00,Castle,Nova Prime Championship Stage 2,ᴍᴇᴅɪꜱᴘᴏʀᴛꜱ ⓜ,ⲓⲛⲛⲉꞅⲥⲓⲁ,9,17,0,0.53,62,78,3004,29,ⓜ | 8eeR,B
cpl_2026-03-13_1900_Castle_822951,2026-03-13,19:00,Castle,Nova Prime Championship Stage 2,ᴍᴇᴅɪꜱᴘᴏʀᴛꜱ ⓜ,ⲓⲛⲛⲉꞅⲥⲓⲁ,28,17,0,1.65,79,32,5041,29,ⓜ | onebody,B
cpl_2026-03-13_1900_Castle_822951,2026-03-13,19:00,Castle,Nova Prime Championship Stage 2,ᴍᴇᴅɪꜱᴘᴏʀᴛꜱ ⓜ,ⲓⲛⲛⲉꞅⲥⲓⲁ,13,17,0,0.76,73,8,2597,29,ⓜ | jazooka,B
cpl_2026-03-13_1900_Castle_822951,2026-03-13,19:00,Castle,Nova Prime Championship Stage 2,ᴍᴇᴅɪꜱᴘᴏʀᴛꜱ ⓜ,ⲓⲛⲛⲉꞅⲥⲓⲁ,29,16,11,1.81,72,31,4509,29,ⓜ | HazardiaN,B
cpl_2026-03-13_1900_Castle_822951,2026-03-13,19:00,Castle,Nova Prime Championship Stage 2,ᴍᴇᴅɪꜱᴘᴏʀᴛꜱ ⓜ,ⲓⲛⲛⲉꞅⲥⲓⲁ,23,18,5,1.28,70,43,4194,29,ⓜ | GreekFreakKief,B
cpl_2026-03-15_1400_Castle_823518,2026-03-15,14:00,Castle,CPL World Ladder Season 10,ᴍᴇᴅɪꜱᴘᴏʀᴛꜱ ⓜ,Blacksouls.cs,7,19,3,0.37,73,43,1698,24,Era1Ka,C
cpl_2026-03-15_1400_Castle_823518,2026-03-15,14:00,Castle,CPL World Ladder Season 10,ᴍᴇᴅɪꜱᴘᴏʀᴛꜱ ⓜ,Blacksouls.cs,9,20,0,0.45,57,22,1540,24,k1za^,C
cpl_2026-03-15_1400_Castle_823518,2026-03-15,14:00,Castle,CPL World Ladder Season 10,ᴍᴇᴅɪꜱᴘᴏʀᴛꜱ ⓜ,Blacksouls.cs,4,20,0,0.2,63,50,1129,24,W0lve^,C
cpl_2026-03-15_1400_Castle_823518,2026-03-15,14:00,Castle,CPL World Ladder Season 10,ᴍᴇᴅɪꜱᴘᴏʀᴛꜱ ⓜ,Blacksouls.cs,20,18,5,1.11,63,70,3475,24,Smalatestaz,C
cpl_2026-03-15_1400_Castle_823518,2026-03-15,14:00,Castle,CPL World Ladder Season 10,ᴍᴇᴅɪꜱᴘᴏʀᴛꜱ ⓜ,Blacksouls.cs,13,20,0,0.65,66,38,3224,24,ZivilliaN,C
cpl_2026-03-15_1400_Castle_823518,2026-03-15,14:00,Castle,CPL World Ladder Season 10,ᴍᴇᴅɪꜱᴘᴏʀᴛꜱ ⓜ,Blacksouls.cs,10,14,0,0.71,58,40,2607,24,ⓜ | 8eeR,C
cpl_2026-03-15_1400_Castle_823518,2026-03-15,14:00,Castle,CPL World Ladder Season 10,ᴍᴇᴅɪꜱᴘᴏʀᴛꜱ ⓜ,Blacksouls.cs,22,9,2,2.44,73,36,4627,24,ⓜ | onebody,C
cpl_2026-03-15_1400_Castle_823518,2026-03-15,14:00,Castle,CPL World Ladder Season 10,ᴍᴇᴅɪꜱᴘᴏʀᴛꜱ ⓜ,Blacksouls.cs,24,7,0,3.43,68,42,3792,24,ⓜ | jazooka,C
cpl_2026-03-15_1400_Castle_823518,2026-03-15,14:00,Castle,CPL World Ladder Season 10,ᴍᴇᴅɪꜱᴘᴏʀᴛꜱ ⓜ,Blacksouls.cs,30,9,14,3.33,68,37,5752,24,ⓜ | HazardiaN,C
cpl_2026-03-15_1400_Castle_823518,2026-03-15,14:00,Castle,CPL World Ladder Season 10,ᴍᴇᴅɪꜱᴘᴏʀᴛꜱ ⓜ,Blacksouls.cs,11,14,0,0.79,76,45,2939,24,ⓜ | GreekFreakKief,C
cpl_2026-03-15_1300_Train_823265,2026-03-15,13:00,Train,Cyberathletes Open Qualifier S10.12,ᴍᴇᴅɪꜱᴘᴏʀᴛꜱ ⓜ,King of Queens,15,21,2,0.71,73,27,3224,27,ⓜ | 8eeR,A
cpl_2026-03-15_1300_Train_823265,2026-03-15,13:00,Train,Cyberathletes Open Qualifier S10.12,ᴍᴇᴅɪꜱᴘᴏʀᴛꜱ ⓜ,King of Queens,24,19,5,1.26,72,38,3823,27,ⓜ | onebody,A
cpl_2026-03-15_1300_Train_823265,2026-03-15,13:00,Train,Cyberathletes Open Qualifier S10.12,ᴍᴇᴅɪꜱᴘᴏʀᴛꜱ ⓜ,King of Queens,22,20,4,1.1,67,50,4667,27,ⓜ | jazooka,A
cpl_2026-03-15_1300_Train_823265,2026-03-15,13:00,Train,Cyberathletes Open Qualifier S10.12,ᴍᴇᴅɪꜱᴘᴏʀᴛꜱ ⓜ,King of Queens,15,17,0,0.88,53,20,2855,27,ⓜ | HazardiaN,A
cpl_2026-03-15_1300_Train_823265,2026-03-15,13:00,Train,Cyberathletes Open Qualifier S10.12,ᴍᴇᴅɪꜱᴘᴏʀᴛꜱ ⓜ,King of Queens,15,19,0,0.79,73,40,3911,27,ⓜ | GreekFreakKief,A
cpl_2026-03-15_1300_Train_823265,2026-03-15,13:00,Train,Cyberathletes Open Qualifier S10.12,ᴍᴇᴅɪꜱᴘᴏʀᴛꜱ ⓜ,King of Queens,23,18,3,1.28,73,39,2807,27,Deacon²⤵,A
cpl_2026-03-15_1300_Train_823265,2026-03-15,13:00,Train,Cyberathletes Open Qualifier S10.12,ᴍᴇᴅɪꜱᴘᴏʀᴛꜱ ⓜ,King of Queens,16,18,0,0.89,72,63,3018,27,Puderquaste⤵,A
cpl_2026-03-15_1300_Train_823265,2026-03-15,13:00,Train,Cyberathletes Open Qualifier S10.12,ᴍᴇᴅɪꜱᴘᴏʀᴛꜱ ⓜ,King of Queens,26,18,13,1.44,64,42,5012,27,Spencinator ⤵,A
cpl_2026-03-15_1300_Train_823265,2026-03-15,13:00,Train,Cyberathletes Open Qualifier S10.12,ᴍᴇᴅɪꜱᴘᴏʀᴛꜱ ⓜ,King of Queens,10,21,0,0.48,60,70,2944,27,Keller-Artie⤵,A
cpl_2026-03-15_1300_Train_823265,2026-03-15,13:00,Train,Cyberathletes Open Qualifier S10.12,ᴍᴇᴅɪꜱᴘᴏʀᴛꜱ ⓜ,King of Queens,21,16,0,1.31,68,33,3731,27,Richie ⤵,A
cpl_2026-03-15_1200_Train_823749,2026-03-15,12:00,Train,CPL Open Tournament S10.11,ᴍᴇᴅɪꜱᴘᴏʀᴛꜱ ⓜ,BiP,12,14,0,0.86,70,42,3388,17,ⓜ | 8eeR,B
cpl_2026-03-15_1200_Train_823749,2026-03-15,12:00,Train,CPL Open Tournament S10.11,ᴍᴇᴅɪꜱᴘᴏʀᴛꜱ ⓜ,BiP,27,3,13,9,67,37,6682,17,ⓜ | onebody,B
cpl_2026-03-15_1200_Train_823749,2026-03-15,12:00,Train,CPL Open Tournament S10.11,ᴍᴇᴅɪꜱᴘᴏʀᴛꜱ ⓜ,BiP,17,1,3,17,75,47,3448,17,ⓜ | jazooka,B
cpl_2026-03-15_1200_Train_823749,2026-03-15,12:00,Train,CPL Open Tournament S10.11,ᴍᴇᴅɪꜱᴘᴏʀᴛꜱ ⓜ,BiP,11,1,0,11,81,64,2885,17,ⓜ | HazardiaN,B
cpl_2026-03-15_1200_Train_823749,2026-03-15,12:00,Train,CPL Open Tournament S10.11,ᴍᴇᴅɪꜱᴘᴏʀᴛꜱ ⓜ,BiP,14,1,0,14,83,57,2662,17,ⓜ | GreekFreakKief,B
cpl_2026-03-15_1200_Train_823749,2026-03-15,12:00,Train,CPL Open Tournament S10.11,ᴍᴇᴅɪꜱᴘᴏʀᴛꜱ ⓜ,BiP,5,16,1,0.31,79,60,1057,17,Leadzer,B
cpl_2026-03-15_1200_Train_823749,2026-03-15,12:00,Train,CPL Open Tournament S10.11,ᴍᴇᴅɪꜱᴘᴏʀᴛꜱ ⓜ,BiP,5,16,0,0.31,76,20,1595,17,breach,B
cpl_2026-03-15_1200_Train_823749,2026-03-15,12:00,Train,CPL Open Tournament S10.11,ᴍᴇᴅɪꜱᴘᴏʀᴛꜱ ⓜ,BiP,6,16,0,0.38,78,33,2011,17,Skillzer,B
cpl_2026-03-15_1200_Train_823749,2026-03-15,12:00,Train,CPL Open Tournament S10.11,ᴍᴇᴅɪꜱᴘᴏʀᴛꜱ ⓜ,BiP,4,17,0,0.24,100,75,778,17,LUcI,B
cpl_2026-03-15_1200_Train_823749,2026-03-15,12:00,Train,CPL Open Tournament S10.11,ᴍᴇᴅɪꜱᴘᴏʀᴛꜱ ⓜ,BiP,0,16,0,0,80,0,335,17,Alekzis,B
cpl_2026-03-15_1000_Train_823257,2026-03-15,10:00,Train,Cyberathletes Open Qualifier S10.12,ᴍᴇᴅɪꜱᴘᴏʀᴛꜱ ⓜ,Chinelo Vuitton,5,22,0,0.23,71,40,1866,26,Henry Harris,A
cpl_2026-03-15_1000_Train_823257,2026-03-15,10:00,Train,Cyberathletes Open Qualifier S10.12,ᴍᴇᴅɪꜱᴘᴏʀᴛꜱ ⓜ,Chinelo Vuitton,21,19,1,1.11,69,24,3610,26,Matteo,A
cpl_2026-03-15_1000_Train_823257,2026-03-15,10:00,Train,Cyberathletes Open Qualifier S10.12,ᴍᴇᴅɪꜱᴘᴏʀᴛꜱ ⓜ,Chinelo Vuitton,15,18,1,0.83,63,21,2582,26,Arunas,A
cpl_2026-03-15_1000_Train_823257,2026-03-15,10:00,Train,Cyberathletes Open Qualifier S10.12,ᴍᴇᴅɪꜱᴘᴏʀᴛꜱ ⓜ,Chinelo Vuitton,14,18,0,0.78,58,29,3108,26,Baumann,A
cpl_2026-03-15_1000_Train_823257,2026-03-15,10:00,Train,Cyberathletes Open Qualifier S10.12,ᴍᴇᴅɪꜱᴘᴏʀᴛꜱ ⓜ,Chinelo Vuitton,21,18,8,1.17,59,43,4147,26,Robin Karu,A
cpl_2026-03-15_1000_Train_823257,2026-03-15,10:00,Train,Cyberathletes Open Qualifier S10.12,ᴍᴇᴅɪꜱᴘᴏʀᴛꜱ ⓜ,Chinelo Vuitton,11,17,0,0.65,47,27,1737,26,ⓜ | 8eeR,A
cpl_2026-03-15_1000_Train_823257,2026-03-15,10:00,Train,Cyberathletes Open Qualifier S10.12,ᴍᴇᴅɪꜱᴘᴏʀᴛꜱ ⓜ,Chinelo Vuitton,21,14,2,1.5,62,43,3704,26,ⓜ | onebody,A
cpl_2026-03-15_1000_Train_823257,2026-03-15,10:00,Train,Cyberathletes Open Qualifier S10.12,ᴍᴇᴅɪꜱᴘᴏʀᴛꜱ ⓜ,Chinelo Vuitton,28,14,7,2,75,30,3502,26,ⓜ | jazooka,A
cpl_2026-03-15_1000_Train_823257,2026-03-15,10:00,Train,Cyberathletes Open Qualifier S10.12,ᴍᴇᴅɪꜱᴘᴏʀᴛꜱ ⓜ,Chinelo Vuitton,18,13,6,1.38,70,56,4837,26,ⓜ | HazardiaN,A
cpl_2026-03-15_1000_Train_823257,2026-03-15,10:00,Train,Cyberathletes Open Qualifier S10.12,ᴍᴇᴅɪꜱᴘᴏʀᴛꜱ ⓜ,Chinelo Vuitton,17,18,1,0.94,61,29,2898,26,ⓜ | GreekFreakKief,A
cpl_2026-03-15_1000_Train_823746,2026-03-15,10:00,Train,CPL Open Tournament S10.11,ᴍᴇᴅɪꜱᴘᴏʀᴛꜱ ⓜ,Team.BB,15,17,4,0.88,58,47,3321,25,Piotr <3 BOBBER!,B
cpl_2026-03-15_1000_Train_823746,2026-03-15,10:00,Train,CPL Open Tournament S10.11,ᴍᴇᴅɪꜱᴘᴏʀᴛꜱ ⓜ,Team.BB,22,11,8,2,76,32,5487,25,Leroy. -_-,B
cpl_2026-03-15_1000_Train_823746,2026-03-15,10:00,Train,CPL Open Tournament S10.11,ᴍᴇᴅɪꜱᴘᴏʀᴛꜱ ⓜ,Team.BB,19,13,2,1.46,57,32,3384,25,Vino,B
cpl_2026-03-15_1000_Train_823746,2026-03-15,10:00,Train,CPL Open Tournament S10.11,ᴍᴇᴅɪꜱᴘᴏʀᴛꜱ ⓜ,Team.BB,14,15,1,0.93,55,25,2917,25,don´t look at me!,B
cpl_2026-03-15_1000_Train_823746,2026-03-15,10:00,Train,CPL Open Tournament S10.11,ᴍᴇᴅɪꜱᴘᴏʀᴛꜱ ⓜ,Team.BB,23,14,1,1.64,61,39,4151,25,Yako. -_-,B
cpl_2026-03-15_1000_Train_823746,2026-03-15,10:00,Train,CPL Open Tournament S10.11,ᴍᴇᴅɪꜱᴘᴏʀᴛꜱ ⓜ,Team.BB,7,18,0,0.39,71,14,1861,25,ⓜ | 8eeR,B
cpl_2026-03-15_1000_Train_823746,2026-03-15,10:00,Train,CPL Open Tournament S10.11,ᴍᴇᴅɪꜱᴘᴏʀᴛꜱ ⓜ,Team.BB,16,18,0,0.89,59,44,2764,25,ⓜ | onebody,B
cpl_2026-03-15_1000_Train_823746,2026-03-15,10:00,Train,CPL Open Tournament S10.11,ᴍᴇᴅɪꜱᴘᴏʀᴛꜱ ⓜ,Team.BB,18,19,0,0.95,60,39,2903,25,ⓜ | jazooka,B
cpl_2026-03-15_1000_Train_823746,2026-03-15,10:00,Train,CPL Open Tournament S10.11,ᴍᴇᴅɪꜱᴘᴏʀᴛꜱ ⓜ,Team.BB,12,18,0,0.67,57,42,2137,25,ⓜ | HazardiaN,B
cpl_2026-03-15_1000_Train_823746,2026-03-15,10:00,Train,CPL Open Tournament S10.11,ᴍᴇᴅɪꜱᴘᴏʀᴛꜱ ⓜ,Team.BB,17,20,9,0.85,62,41,2941,25,ⓜ | GreekFreakKief,B
cpl_2026-03-15_0830_Train_823255,2026-03-15,08:30,Train,Cyberathletes Open Qualifier S10.12,ᴍᴇᴅɪꜱᴘᴏʀᴛꜱ ⓜ,C64,7,13,0,0.54,56,29,1979,24,ⓜ | 8eeR,A
cpl_2026-03-15_0830_Train_823255,2026-03-15,08:30,Train,Cyberathletes Open Qualifier S10.12,ᴍᴇᴅɪꜱᴘᴏʀᴛꜱ ⓜ,C64,15,14,0,1.07,66,33,2860,24,ⓜ | onebody,A
cpl_2026-03-15_0830_Train_823255,2026-03-15,08:30,Train,Cyberathletes Open Qualifier S10.12,ᴍᴇᴅɪꜱᴘᴏʀᴛꜱ ⓜ,C64,20,16,0,1.25,70,45,5112,24,ⓜ | jazooka,A
cpl_2026-03-15_0830_Train_823255,2026-03-15,08:30,Train,Cyberathletes Open Qualifier S10.12,ᴍᴇᴅɪꜱᴘᴏʀᴛꜱ ⓜ,C64,27,13,1,2.08,56,41,3858,24,ⓜ | HazardiaN,A
cpl_2026-03-15_0830_Train_823255,2026-03-15,08:30,Train,Cyberathletes Open Qualifier S10.12,ᴍᴇᴅɪꜱᴘᴏʀᴛꜱ ⓜ,C64,26,14,15,1.86,67,35,4185,24,ⓜ | GreekFreakKief,A
cpl_2026-03-15_0830_Train_823255,2026-03-15,08:30,Train,Cyberathletes Open Qualifier S10.12,ᴍᴇᴅɪꜱᴘᴏʀᴛꜱ ⓜ,C64,10,18,3,0.56,67,30,2733,24,Apollo,A
cpl_2026-03-15_0830_Train_823255,2026-03-15,08:30,Train,Cyberathletes Open Qualifier S10.12,ᴍᴇᴅɪꜱᴘᴏʀᴛꜱ ⓜ,C64,18,19,3,0.95,62,28,2736,24,HERZ,A
cpl_2026-03-15_0830_Train_823255,2026-03-15,08:30,Train,Cyberathletes Open Qualifier S10.12,ᴍᴇᴅɪꜱᴘᴏʀᴛꜱ ⓜ,C64,10,20,0,0.5,80,40,2403,24,Ultramarine,A
cpl_2026-03-15_0830_Train_823255,2026-03-15,08:30,Train,Cyberathletes Open Qualifier S10.12,ᴍᴇᴅɪꜱᴘᴏʀᴛꜱ ⓜ,C64,12,19,1,0.63,64,50,3356,24,Pirates!,A
cpl_2026-03-15_0830_Train_823255,2026-03-15,08:30,Train,Cyberathletes Open Qualifier S10.12,ᴍᴇᴅɪꜱᴘᴏʀᴛꜱ ⓜ,C64,20,19,1,1.05,70,30,4196,24,Helios,A
cpl_2026-03-15_0800_Train_823745,2026-03-15,08:00,Train,CPL Open Tournament S10.11,ᴍᴇᴅɪꜱᴘᴏʀᴛꜱ ⓜ,Inn☢vative Gaming ®,14,22,0,0.64,55,21,2622,30,ⓜ | 8eeR,A
cpl_2026-03-15_0800_Train_823745,2026-03-15,08:00,Train,CPL Open Tournament S10.11,ᴍᴇᴅɪꜱᴘᴏʀᴛꜱ ⓜ,Inn☢vative Gaming ®,16,18,0,0.89,72,38,3591,30,ⓜ | onebody,A
cpl_2026-03-15_0800_Train_823745,2026-03-15,08:00,Train,CPL Open Tournament S10.11,ᴍᴇᴅɪꜱᴘᴏʀᴛꜱ ⓜ,Inn☢vative Gaming ®,20,21,0,0.95,60,50,4523,30,ⓜ | jazooka,A
cpl_2026-03-15_0800_Train_823745,2026-03-15,08:00,Train,CPL Open Tournament S10.11,ᴍᴇᴅɪꜱᴘᴏʀᴛꜱ ⓜ,Inn☢vative Gaming ®,21,17,0,1.24,61,43,3608,30,ⓜ | HazardiaN,A
cpl_2026-03-15_0800_Train_823745,2026-03-15,08:00,Train,CPL Open Tournament S10.11,ᴍᴇᴅɪꜱᴘᴏʀᴛꜱ ⓜ,Inn☢vative Gaming ®,22,17,14,1.29,65,36,4304,30,ⓜ | GreekFreakKief,A
cpl_2026-03-15_0800_Train_823745,2026-03-15,08:00,Train,CPL Open Tournament S10.11,ᴍᴇᴅɪꜱᴘᴏʀᴛꜱ ⓜ,Inn☢vative Gaming ®,16,20,0,0.8,74,63,3161,30,merckX,A
cpl_2026-03-15_0800_Train_823745,2026-03-15,08:00,Train,CPL Open Tournament S10.11,ᴍᴇᴅɪꜱᴘᴏʀᴛꜱ ⓜ,Inn☢vative Gaming ®,24,19,9,1.26,75,38,4562,30,Andres ♥,A
cpl_2026-03-15_0800_Train_823745,2026-03-15,08:00,Train,CPL Open Tournament S10.11,ᴍᴇᴅɪꜱᴘᴏʀᴛꜱ ⓜ,Inn☢vative Gaming ®,12,19,0,0.63,73,50,2489,30,Andrea ♥,A
cpl_2026-03-15_0800_Train_823745,2026-03-15,08:00,Train,CPL Open Tournament S10.11,ᴍᴇᴅɪꜱᴘᴏʀᴛꜱ ⓜ,Inn☢vative Gaming ®,29,18,5,1.61,74,41,4578,30,pshero,A
cpl_2026-03-15_0800_Train_823745,2026-03-15,08:00,Train,CPL Open Tournament S10.11,ᴍᴇᴅɪꜱᴘᴏʀᴛꜱ ⓜ,Inn☢vative Gaming ®,14,17,2,0.82,77,54,3403,30,steineR,A
cpl_2026-03-15_0700_Train_823253,2026-03-15,07:00,Train,Cyberathletes Open Qualifier S10.12,ᴍᴇᴅɪꜱᴘᴏʀᴛꜱ ⓜ,ant1hype,8,14,0,0.57,53,38,2305,22,ⓜ | 8eeR,A
cpl_2026-03-15_0700_Train_823253,2026-03-15,07:00,Train,Cyberathletes Open Qualifier S10.12,ᴍᴇᴅɪꜱᴘᴏʀᴛꜱ ⓜ,ant1hype,15,14,0,1.07,65,47,3820,22,ⓜ | onebody,A
cpl_2026-03-15_0700_Train_823253,2026-03-15,07:00,Train,Cyberathletes Open Qualifier S10.12,ᴍᴇᴅɪꜱᴘᴏʀᴛꜱ ⓜ,ant1hype,21,11,2,1.91,57,62,4098,22,ⓜ | jazooka,A
cpl_2026-03-15_0700_Train_823253,2026-03-15,07:00,Train,Cyberathletes Open Qualifier S10.12,ᴍᴇᴅɪꜱᴘᴏʀᴛꜱ ⓜ,ant1hype,20,8,0,2.5,60,40,3185,22,ⓜ | HazardiaN,A
cpl_2026-03-15_0700_Train_823253,2026-03-15,07:00,Train,Cyberathletes Open Qualifier S10.12,ᴍᴇᴅɪꜱᴘᴏʀᴛꜱ ⓜ,ant1hype,20,12,14,1.67,62,35,3824,22,ⓜ | GreekFreakKief,A
cpl_2026-03-15_0700_Train_823253,2026-03-15,07:00,Train,Cyberathletes Open Qualifier S10.12,ᴍᴇᴅɪꜱᴘᴏʀᴛꜱ ⓜ,ant1hype,9,18,2,0.5,73,44,2475,22,pepe,A
cpl_2026-03-15_0700_Train_823253,2026-03-15,07:00,Train,Cyberathletes Open Qualifier S10.12,ᴍᴇᴅɪꜱᴘᴏʀᴛꜱ ⓜ,ant1hype,14,15,1,0.93,57,55,2907,22,watafa,A
cpl_2026-03-15_0700_Train_823253,2026-03-15,07:00,Train,Cyberathletes Open Qualifier S10.12,ᴍᴇᴅɪꜱᴘᴏʀᴛꜱ ⓜ,ant1hype,13,15,0,0.87,59,23,2068,22,shnelle,A
cpl_2026-03-15_0700_Train_823253,2026-03-15,07:00,Train,Cyberathletes Open Qualifier S10.12,ᴍᴇᴅɪꜱᴘᴏʀᴛꜱ ⓜ,ant1hype,14,16,1,0.88,60,36,3501,22,fruKt,A
cpl_2026-03-15_0700_Train_823253,2026-03-15,07:00,Train,Cyberathletes Open Qualifier S10.12,ᴍᴇᴅɪꜱᴘᴏʀᴛꜱ ⓜ,ant1hype,9,20,2,0.45,74,56,3324,22,sheeeshhh,A
cpl_2026-03-14_1900_Train_823867,2026-03-14,19:00,Train,Nova Prime Championship Stage 2,ᴍᴇᴅɪꜱᴘᴏʀᴛꜱ ⓜ,ɢɪɴᴋɢᴏ,8,19,0,0.42,70,50,2329,27,GKO carilloggan,A
cpl_2026-03-14_1900_Train_823867,2026-03-14,19:00,Train,Nova Prime Championship Stage 2,ᴍᴇᴅɪꜱᴘᴏʀᴛꜱ ⓜ,ɢɪɴᴋɢᴏ,20,19,7,1.05,83,20,3953,27,GKO brozen,A
cpl_2026-03-14_1900_Train_823867,2026-03-14,19:00,Train,Nova Prime Championship Stage 2,ᴍᴇᴅɪꜱᴘᴏʀᴛꜱ ⓜ,ɢɪɴᴋɢᴏ,16,17,1,0.94,71,25,3493,27,GKO TozZee,A
cpl_2026-03-14_1900_Train_823867,2026-03-14,19:00,Train,Nova Prime Championship Stage 2,ᴍᴇᴅɪꜱᴘᴏʀᴛꜱ ⓜ,ɢɪɴᴋɢᴏ,25,16,1,1.56,74,20,3727,27,GKO Wristzz,A
cpl_2026-03-14_1900_Train_823867,2026-03-14,19:00,Train,Nova Prime Championship Stage 2,ᴍᴇᴅɪꜱᴘᴏʀᴛꜱ ⓜ,ɢɪɴᴋɢᴏ,14,18,2,0.78,87,50,3769,27,GKO groky,A
cpl_2026-03-14_1900_Train_823867,2026-03-14,19:00,Train,Nova Prime Championship Stage 2,ᴍᴇᴅɪꜱᴘᴏʀᴛꜱ ⓜ,ɢɪɴᴋɢᴏ,6,19,0,0.32,58,33,1518,27,ⓜ | 8eeR,A
cpl_2026-03-14_1900_Train_823867,2026-03-14,19:00,Train,Nova Prime Championship Stage 2,ᴍᴇᴅɪꜱᴘᴏʀᴛꜱ ⓜ,ɢɪɴᴋɢᴏ,22,17,0,1.29,72,32,3796,27,ⓜ | onebody,A
cpl_2026-03-14_1900_Train_823867,2026-03-14,19:00,Train,Nova Prime Championship Stage 2,ᴍᴇᴅɪꜱᴘᴏʀᴛꜱ ⓜ,ɢɪɴᴋɢᴏ,21,17,8,1.24,75,57,3656,27,ⓜ | jazooka,A
cpl_2026-03-14_1900_Train_823867,2026-03-14,19:00,Train,Nova Prime Championship Stage 2,ᴍᴇᴅɪꜱᴘᴏʀᴛꜱ ⓜ,ɢɪɴᴋɢᴏ,23,15,0,1.53,75,35,3919,27,ⓜ | HazardiaN,A
cpl_2026-03-14_1900_Train_823867,2026-03-14,19:00,Train,Nova Prime Championship Stage 2,ᴍᴇᴅɪꜱᴘᴏʀᴛꜱ ⓜ,ɢɪɴᴋɢᴏ,17,15,8,1.13,57,47,2406,27,ⓜ | GreekFreakKief,A
cpl_2026-03-14_1500_Train_823016,2026-03-14,15:00,Train,Nova Prime Championship Stage 2,ᴍᴇᴅɪꜱᴘᴏʀᴛꜱ ⓜ,Isaiah 1:18,7,19,0,0.37,63,29,1422,22,ⓜ | 8eeR,A
cpl_2026-03-14_1500_Train_823016,2026-03-14,15:00,Train,Nova Prime Championship Stage 2,ᴍᴇᴅɪꜱᴘᴏʀᴛꜱ ⓜ,Isaiah 1:18,9,16,0,0.56,63,56,2386,22,ⓜ | onebody,A
cpl_2026-03-14_1500_Train_823016,2026-03-14,15:00,Train,Nova Prime Championship Stage 2,ᴍᴇᴅɪꜱᴘᴏʀᴛꜱ ⓜ,Isaiah 1:18,17,15,4,1.13,72,65,3730,22,ⓜ | jazooka,A
cpl_2026-03-14_1500_Train_823016,2026-03-14,15:00,Train,Nova Prime Championship Stage 2,ᴍᴇᴅɪꜱᴘᴏʀᴛꜱ ⓜ,Isaiah 1:18,16,14,0,1.14,63,38,3347,22,ⓜ | HazardiaN,A
cpl_2026-03-14_1500_Train_823016,2026-03-14,15:00,Train,Nova Prime Championship Stage 2,ᴍᴇᴅɪꜱᴘᴏʀᴛꜱ ⓜ,Isaiah 1:18,14,17,2,0.82,70,50,3927,22,ⓜ | GreekFreakKief,A
cpl_2026-03-14_1500_Train_823016,2026-03-14,15:00,Train,Nova Prime Championship Stage 2,ᴍᴇᴅɪꜱᴘᴏʀᴛꜱ ⓜ,Isaiah 1:18,9,14,0,0.64,54,56,1806,22,macho,A
cpl_2026-03-14_1500_Train_823016,2026-03-14,15:00,Train,Nova Prime Championship Stage 2,ᴍᴇᴅɪꜱᴘᴏʀᴛꜱ ⓜ,Isaiah 1:18,24,12,12,2,71,30,4204,22,wagner,A
cpl_2026-03-14_1500_Train_823016,2026-03-14,15:00,Train,Nova Prime Championship Stage 2,ᴍᴇᴅɪꜱᴘᴏʀᴛꜱ ⓜ,Isaiah 1:18,10,13,0,0.77,63,40,2504,22,juriy,A
cpl_2026-03-14_1500_Train_823016,2026-03-14,15:00,Train,Nova Prime Championship Stage 2,ᴍᴇᴅɪꜱᴘᴏʀᴛꜱ ⓜ,Isaiah 1:18,18,11,0,1.64,72,33,3681,22,walle,A
cpl_2026-03-14_1500_Train_823016,2026-03-14,15:00,Train,Nova Prime Championship Stage 2,ᴍᴇᴅɪꜱᴘᴏʀᴛꜱ ⓜ,Isaiah 1:18,20,13,4,1.54,63,35,3767,22,oxbow,A
cpl_2026-03-14_1400_Train_822621,2026-03-14,14:00,Train,CPL World Ladder Season 10,ᴍᴇᴅɪꜱᴘᴏʀᴛꜱ ⓜ,Combinatozaurii,10,22,0,0.45,46,30,1468,29,ⓜ | 8eeR,S
cpl_2026-03-14_1400_Train_822621,2026-03-14,14:00,Train,CPL World Ladder Season 10,ᴍᴇᴅɪꜱᴘᴏʀᴛꜱ ⓜ,Combinatozaurii,13,23,0,0.57,74,23,3014,29,ⓜ | onebody,S
cpl_2026-03-14_1400_Train_822621,2026-03-14,14:00,Train,CPL World Ladder Season 10,ᴍᴇᴅɪꜱᴘᴏʀᴛꜱ ⓜ,Combinatozaurii,16,21,0,0.76,71,38,3927,29,ⓜ | jazooka,S
cpl_2026-03-14_1400_Train_822621,2026-03-14,14:00,Train,CPL World Ladder Season 10,ᴍᴇᴅɪꜱᴘᴏʀᴛꜱ ⓜ,Combinatozaurii,28,19,6,1.47,71,29,4682,29,ⓜ | HazardiaN,S
cpl_2026-03-14_1400_Train_822621,2026-03-14,14:00,Train,CPL World Ladder Season 10,ᴍᴇᴅɪꜱᴘᴏʀᴛꜱ ⓜ,Combinatozaurii,17,21,7,0.81,72,41,3717,29,ⓜ | GreekFreakKief,S
cpl_2026-03-14_1400_Train_822621,2026-03-14,14:00,Train,CPL World Ladder Season 10,ᴍᴇᴅɪꜱᴘᴏʀᴛꜱ ⓜ,Combinatozaurii,11,18,1,0.61,60,55,3226,29,CheerLeader,S
cpl_2026-03-14_1400_Train_822621,2026-03-14,14:00,Train,CPL World Ladder Season 10,ᴍᴇᴅɪꜱᴘᴏʀᴛꜱ ⓜ,Combinatozaurii,15,18,0,0.83,61,40,3543,29,toxic Ex gf,S
cpl_2026-03-14_1400_Train_822621,2026-03-14,14:00,Train,CPL World Ladder Season 10,ᴍᴇᴅɪꜱᴘᴏʀᴛꜱ ⓜ,Combinatozaurii,23,15,4,1.53,58,35,4064,29,Han:seen:,S
cpl_2026-03-14_1400_Train_822621,2026-03-14,14:00,Train,CPL World Ladder Season 10,ᴍᴇᴅɪꜱᴘᴏʀᴛꜱ ⓜ,Combinatozaurii,31,13,11,2.38,64,32,5691,29,Reno Duba,S
cpl_2026-03-14_1400_Train_822621,2026-03-14,14:00,Train,CPL World Ladder Season 10,ᴍᴇᴅɪꜱᴘᴏʀᴛꜱ ⓜ,Combinatozaurii,26,20,0,1.3,64,42,4521,29,Simon Says: RATATATA,S
cpl_2026-03-14_1700_Castle_823633,2026-03-14,17:00,Castle,Nova Prime Championship Stage 2,ᴍᴇᴅɪꜱᴘᴏʀᴛꜱ ⓜ,wargoat-idle,15,17,0,0.88,77,40,2780,28,wargod,A
cpl_2026-03-14_1700_Castle_823633,2026-03-14,17:00,Castle,Nova Prime Championship Stage 2,ᴍᴇᴅɪꜱᴘᴏʀᴛꜱ ⓜ,wargoat-idle,23,19,7,1.21,79,39,3070,28,tobbix,A
cpl_2026-03-14_1700_Castle_823633,2026-03-14,17:00,Castle,Nova Prime Championship Stage 2,ᴍᴇᴅɪꜱᴘᴏʀᴛꜱ ⓜ,wargoat-idle,10,22,0,0.45,69,60,2436,28,sui,A
cpl_2026-03-14_1700_Castle_823633,2026-03-14,17:00,Castle,Nova Prime Championship Stage 2,ᴍᴇᴅɪꜱᴘᴏʀᴛꜱ ⓜ,wargoat-idle,19,19,0,1,70,42,3751,28,ValarMorghulis,A
cpl_2026-03-14_1700_Castle_823633,2026-03-14,17:00,Castle,Nova Prime Championship Stage 2,ᴍᴇᴅɪꜱᴘᴏʀᴛꜱ ⓜ,wargoat-idle,20,19,5,1.05,81,45,3205,28,RIP,A
cpl_2026-03-14_1700_Castle_823633,2026-03-14,17:00,Castle,Nova Prime Championship Stage 2,ᴍᴇᴅɪꜱᴘᴏʀᴛꜱ ⓜ,wargoat-idle,20,18,5,1.11,52,35,4015,28,ⓜ | 8eeR,A
cpl_2026-03-14_1700_Castle_823633,2026-03-14,17:00,Castle,Nova Prime Championship Stage 2,ᴍᴇᴅɪꜱᴘᴏʀᴛꜱ ⓜ,wargoat-idle,12,16,0,0.75,61,50,3032,28,ⓜ | onebody,A
cpl_2026-03-14_1700_Castle_823633,2026-03-14,17:00,Castle,Nova Prime Championship Stage 2,ᴍᴇᴅɪꜱᴘᴏʀᴛꜱ ⓜ,wargoat-idle,32,16,11,2,81,53,6451,28,ⓜ | jazooka,A
cpl_2026-03-14_1700_Castle_823633,2026-03-14,17:00,Castle,Nova Prime Championship Stage 2,ᴍᴇᴅɪꜱᴘᴏʀᴛꜱ ⓜ,wargoat-idle,16,20,0,0.8,65,31,3340,28,ⓜ | HazardiaN,A
cpl_2026-03-14_1700_Castle_823633,2026-03-14,17:00,Castle,Nova Prime Championship Stage 2,ᴍᴇᴅɪꜱᴘᴏʀᴛꜱ ⓜ,wargoat-idle,16,17,0,0.94,75,44,2832,28,ⓜ | GreekFreakKief,A
cpl_2026-03-16_1800_Train_809375,2026-03-16,18:00,Train,League diamond #5,ᴍᴇᴅɪꜱᴘᴏʀᴛꜱ ⓜ,UKRAINE,8,20,0,0.4,60,38,1377,27,ⓜ | 8eeR,A
cpl_2026-03-16_1800_Train_809375,2026-03-16,18:00,Train,League diamond #5,ᴍᴇᴅɪꜱᴘᴏʀᴛꜱ ⓜ,UKRAINE,14,17,4,0.82,75,64,3809,27,ⓜ | onebody,A
cpl_2026-03-16_1800_Train_809375,2026-03-16,18:00,Train,League diamond #5,ᴍᴇᴅɪꜱᴘᴏʀᴛꜱ ⓜ,UKRAINE,18,14,1,1.29,70,50,3997,27,ⓜ | jazooka,A
cpl_2026-03-16_1800_Train_809375,2026-03-16,18:00,Train,League diamond #5,ᴍᴇᴅɪꜱᴘᴏʀᴛꜱ ⓜ,UKRAINE,38,15,3,2.53,79,50,6267,27,ⓜ | HazardiaN,A
cpl_2026-03-16_1800_Train_809375,2026-03-16,18:00,Train,League diamond #5,ᴍᴇᴅɪꜱᴘᴏʀᴛꜱ ⓜ,UKRAINE,21,17,8,1.24,83,52,5027,27,ⓜ | GreekFreakKief,A
cpl_2026-03-16_1800_Train_809375,2026-03-16,18:00,Train,League diamond #5,ᴍᴇᴅɪꜱᴘᴏʀᴛꜱ ⓜ,UKRAINE,6,20,0,0.3,51,17,1337,27,Player #178791,A
cpl_2026-03-16_1800_Train_809375,2026-03-16,18:00,Train,League diamond #5,ᴍᴇᴅɪꜱᴘᴏʀᴛꜱ ⓜ,UKRAINE,15,18,2,0.83,72,33,3965,27,lit,A
cpl_2026-03-16_1800_Train_809375,2026-03-16,18:00,Train,League diamond #5,ᴍᴇᴅɪꜱᴘᴏʀᴛꜱ ⓜ,UKRAINE,27,18,2,1.5,69,33,4496,27,sin,A
cpl_2026-03-16_1800_Train_809375,2026-03-16,18:00,Train,League diamond #5,ᴍᴇᴅɪꜱᴘᴏʀᴛꜱ ⓜ,UKRAINE,26,19,7,1.37,66,38,4477,27,slo,A
cpl_2026-03-16_1800_Train_809375,2026-03-16,18:00,Train,League diamond #5,ᴍᴇᴅɪꜱᴘᴏʀᴛꜱ ⓜ,UKRAINE,9,24,0,0.38,58,11,1323,27,pol,A
cpl_2026-03-16_1700_Castle_824479,2026-03-16,17:00,Castle,Nova Prime Championship Stage 3,ᴍᴇᴅɪꜱᴘᴏʀᴛꜱ ⓜ,ⲓⲛⲛⲉꞅⲥⲓⲁ,14,20,0,0.7,79,29,2213,25,inn | Lukas,B
cpl_2026-03-16_1700_Castle_824479,2026-03-16,17:00,Castle,Nova Prime Championship Stage 3,ᴍᴇᴅɪꜱᴘᴏʀᴛꜱ ⓜ,ⲓⲛⲛⲉꞅⲥⲓⲁ,16,16,0,1,70,38,3074,25,inn | Diego,B
cpl_2026-03-16_1700_Castle_824479,2026-03-16,17:00,Castle,Nova Prime Championship Stage 3,ᴍᴇᴅɪꜱᴘᴏʀᴛꜱ ⓜ,ⲓⲛⲛⲉꞅⲥⲓⲁ,18,12,0,1.5,80,39,3449,25,inn | Kavali,B
cpl_2026-03-16_1700_Castle_824479,2026-03-16,17:00,Castle,Nova Prime Championship Stage 3,ᴍᴇᴅɪꜱᴘᴏʀᴛꜱ ⓜ,ⲓⲛⲛⲉꞅⲥⲓⲁ,25,15,15,1.67,72,60,5369,25,inn | Jing Hu,B
cpl_2026-03-16_1700_Castle_824479,2026-03-16,17:00,Castle,Nova Prime Championship Stage 3,ᴍᴇᴅɪꜱᴘᴏʀᴛꜱ ⓜ,ⲓⲛⲛⲉꞅⲥⲓⲁ,22,9,1,2.44,75,50,4242,25,inn | Irina,B
cpl_2026-03-16_1700_Castle_824479,2026-03-16,17:00,Castle,Nova Prime Championship Stage 3,ᴍᴇᴅɪꜱᴘᴏʀᴛꜱ ⓜ,ⲓⲛⲛⲉꞅⲥⲓⲁ,9,20,0,0.45,73,44,2142,25,ⓜ | 8eeR,B
cpl_2026-03-16_1700_Castle_824479,2026-03-16,17:00,Castle,Nova Prime Championship Stage 3,ᴍᴇᴅɪꜱᴘᴏʀᴛꜱ ⓜ,ⲓⲛⲛⲉꞅⲥⲓⲁ,13,22,0,0.59,77,31,3383,25,ⓜ | onebody,B
cpl_2026-03-16_1700_Castle_824479,2026-03-16,17:00,Castle,Nova Prime Championship Stage 3,ᴍᴇᴅɪꜱᴘᴏʀᴛꜱ ⓜ,ⲓⲛⲛⲉꞅⲥⲓⲁ,25,17,7,1.47,76,52,4844,25,ⓜ | jazooka,B
cpl_2026-03-16_1700_Castle_824479,2026-03-16,17:00,Castle,Nova Prime Championship Stage 3,ᴍᴇᴅɪꜱᴘᴏʀᴛꜱ ⓜ,ⲓⲛⲛⲉꞅⲥⲓⲁ,18,17,2,1.06,71,61,4273,25,ⓜ | HazardiaN,B
cpl_2026-03-16_1700_Castle_824479,2026-03-16,17:00,Castle,Nova Prime Championship Stage 3,ᴍᴇᴅɪꜱᴘᴏʀᴛꜱ ⓜ,ⲓⲛⲛⲉꞅⲥⲓⲁ,7,19,0,0.37,65,57,2110,25,ⓜ | GreekFreakKief,B
cpl_2026-03-16_1500_Train_824478,2026-03-16,15:00,Train,Nova Prime Championship Stage 3,ᴍᴇᴅɪꜱᴘᴏʀᴛꜱ ⓜ,TSB,13,14,2,0.93,77,54,2820,24,Han Lue,S
cpl_2026-03-16_1500_Train_824478,2026-03-16,15:00,Train,Nova Prime Championship Stage 3,ᴍᴇᴅɪꜱᴘᴏʀᴛꜱ ⓜ,TSB,16,10,7,1.6,75,50,4110,24,Tej,S
cpl_2026-03-16_1500_Train_824478,2026-03-16,15:00,Train,Nova Prime Championship Stage 3,ᴍᴇᴅɪꜱᴘᴏʀᴛꜱ ⓜ,TSB,13,11,0,1.18,68,62,3034,24,Dom,S
cpl_2026-03-16_1500_Train_824478,2026-03-16,15:00,Train,Nova Prime Championship Stage 3,ᴍᴇᴅɪꜱᴘᴏʀᴛꜱ ⓜ,TSB,35,12,7,2.92,76,51,7219,24,Suki,S
cpl_2026-03-16_1500_Train_824478,2026-03-16,15:00,Train,Nova Prime Championship Stage 3,ᴍᴇᴅɪꜱᴘᴏʀᴛꜱ ⓜ,TSB,14,14,0,1,76,43,3044,24,Buster,S
cpl_2026-03-16_1500_Train_824478,2026-03-16,15:00,Train,Nova Prime Championship Stage 3,ᴍᴇᴅɪꜱᴘᴏʀᴛꜱ ⓜ,TSB,7,18,0,0.39,69,57,1984,24,ⓜ | 8eeR,S
cpl_2026-03-16_1500_Train_824478,2026-03-16,15:00,Train,Nova Prime Championship Stage 3,ᴍᴇᴅɪꜱᴘᴏʀᴛꜱ ⓜ,TSB,15,18,2,0.83,73,60,2451,24,ⓜ | onebody,S
cpl_2026-03-16_1500_Train_824478,2026-03-16,15:00,Train,Nova Prime Championship Stage 3,ᴍᴇᴅɪꜱᴘᴏʀᴛꜱ ⓜ,TSB,10,19,0,0.53,82,30,1920,24,ⓜ | jazooka,S
cpl_2026-03-16_1500_Train_824478,2026-03-16,15:00,Train,Nova Prime Championship Stage 3,ᴍᴇᴅɪꜱᴘᴏʀᴛꜱ ⓜ,TSB,14,18,2,0.78,76,14,2461,24,ⓜ | HazardiaN,S
cpl_2026-03-16_1500_Train_824478,2026-03-16,15:00,Train,Nova Prime Championship Stage 3,ᴍᴇᴅɪꜱᴘᴏʀᴛꜱ ⓜ,TSB,15,18,4,0.83,77,60,3004,24,ⓜ | GreekFreakKief,S
cpl_2026-03-16_1400_Train_824269,2026-03-16,14:00,Train,CPL World Ladder Season 10,ᴍᴇᴅɪꜱᴘᴏʀᴛꜱ ⓜ,p.I.xels.•,11,21,0,0.52,64,9,2553,28,ⓜ | 8eeR,S
cpl_2026-03-16_1400_Train_824269,2026-03-16,14:00,Train,CPL World Ladder Season 10,ᴍᴇᴅɪꜱᴘᴏʀᴛꜱ ⓜ,p.I.xels.•,11,20,0,0.55,73,55,2787,28,ⓜ | onebody,S
cpl_2026-03-16_1400_Train_824269,2026-03-16,14:00,Train,CPL World Ladder Season 10,ᴍᴇᴅɪꜱᴘᴏʀᴛꜱ ⓜ,p.I.xels.•,17,20,0,0.85,75,47,4117,28,ⓜ | jazooka,S
cpl_2026-03-16_1400_Train_824269,2026-03-16,14:00,Train,CPL World Ladder Season 10,ᴍᴇᴅɪꜱᴘᴏʀᴛꜱ ⓜ,p.I.xels.•,27,19,12,1.42,84,37,4779,28,ⓜ | HazardiaN,S
cpl_2026-03-16_1400_Train_824269,2026-03-16,14:00,Train,CPL World Ladder Season 10,ᴍᴇᴅɪꜱᴘᴏʀᴛꜱ ⓜ,p.I.xels.•,13,19,0,0.68,71,23,2796,28,ⓜ | GreekFreakKief,S
cpl_2026-03-16_1400_Train_824269,2026-03-16,14:00,Train,CPL World Ladder Season 10,ᴍᴇᴅɪꜱᴘᴏʀᴛꜱ ⓜ,p.I.xels.•,24,18,2,1.33,68,42,4016,28,Berta.•,S
cpl_2026-03-16_1400_Train_824269,2026-03-16,14:00,Train,CPL World Ladder Season 10,ᴍᴇᴅɪꜱᴘᴏʀᴛꜱ ⓜ,p.I.xels.•,17,19,0,0.89,74,88,3523,28,tornado.•,S
cpl_2026-03-16_1400_Train_824269,2026-03-16,14:00,Train,CPL World Ladder Season 10,ᴍᴇᴅɪꜱᴘᴏʀᴛꜱ ⓜ,p.I.xels.•,24,14,7,1.71,78,54,5134,28,AwaKe.•,S
cpl_2026-03-16_1400_Train_824269,2026-03-16,14:00,Train,CPL World Ladder Season 10,ᴍᴇᴅɪꜱᴘᴏʀᴛꜱ ⓜ,p.I.xels.•,8,15,0,0.53,63,13,1755,28,dilshot.•,S
cpl_2026-03-16_1400_Train_824269,2026-03-16,14:00,Train,CPL World Ladder Season 10,ᴍᴇᴅɪꜱᴘᴏʀᴛꜱ ⓜ,p.I.xels.•,26,13,7,2,73,54,4992,28,pewpew.•,S
cpl_2026-03-16_1000_Castle_824685,2026-03-16,10:00,Castle,Cyberathletes Open Qualifier S10.15,ᴍᴇᴅɪꜱᴘᴏʀᴛꜱ ⓜ,вяαιηѕтσям,6,19,0,0.32,62,50,1252,23,ⓜ | 8eeR,A
cpl_2026-03-16_1000_Castle_824685,2026-03-16,10:00,Castle,Cyberathletes Open Qualifier S10.15,ᴍᴇᴅɪꜱᴘᴏʀᴛꜱ ⓜ,вяαιηѕтσям,10,19,2,0.53,85,10,2075,23,ⓜ | onebody,A
cpl_2026-03-16_1000_Castle_824685,2026-03-16,10:00,Castle,Cyberathletes Open Qualifier S10.15,ᴍᴇᴅɪꜱᴘᴏʀᴛꜱ ⓜ,вяαιηѕтσям,16,17,4,0.94,74,56,2908,23,ⓜ | jazooka,A
cpl_2026-03-16_1000_Castle_824685,2026-03-16,10:00,Castle,Cyberathletes Open Qualifier S10.15,ᴍᴇᴅɪꜱᴘᴏʀᴛꜱ ⓜ,вяαιηѕтσям,11,17,0,0.65,82,27,1746,23,ⓜ | HazardiaN,A
cpl_2026-03-16_1000_Castle_824685,2026-03-16,10:00,Castle,Cyberathletes Open Qualifier S10.15,ᴍᴇᴅɪꜱᴘᴏʀᴛꜱ ⓜ,вяαιηѕтσям,7,21,1,0.33,67,43,1519,23,ⓜ | GreekFreakKief,A
cpl_2026-03-16_1000_Castle_824685,2026-03-16,10:00,Castle,Cyberathletes Open Qualifier S10.15,ᴍᴇᴅɪꜱᴘᴏʀᴛꜱ ⓜ,вяαιηѕтσям,19,11,6,1.73,76,32,3005,23,Finn,A
cpl_2026-03-16_1000_Castle_824685,2026-03-16,10:00,Castle,Cyberathletes Open Qualifier S10.15,ᴍᴇᴅɪꜱᴘᴏʀᴛꜱ ⓜ,вяαιηѕтσям,18,9,2,2,73,29,3872,23,Ronja,A
cpl_2026-03-16_1000_Castle_824685,2026-03-16,10:00,Castle,Cyberathletes Open Qualifier S10.15,ᴍᴇᴅɪꜱᴘᴏʀᴛꜱ ⓜ,вяαιηѕтσям,26,8,4,3.25,72,58,5470,23,Heino,A
cpl_2026-03-16_1000_Castle_824685,2026-03-16,10:00,Castle,Cyberathletes Open Qualifier S10.15,ᴍᴇᴅɪꜱᴘᴏʀᴛꜱ ⓜ,вяαιηѕтσям,21,10,3,2.1,72,38,3542,23,Holger,A
cpl_2026-03-16_1000_Castle_824685,2026-03-16,10:00,Castle,Cyberathletes Open Qualifier S10.15,ᴍᴇᴅɪꜱᴘᴏʀᴛꜱ ⓜ,вяαιηѕтσям,9,12,1,0.75,63,67,3281,23,Klaus,A
cpl_2026-03-16_0830_Train_824682,2026-03-16,08:30,Train,Cyberathletes Open Qualifier S10.15,ᴍᴇᴅɪꜱᴘᴏʀᴛꜱ ⓜ,zeroDown,15,22,1,0.68,65,47,2942,28,kn0x,A
cpl_2026-03-16_0830_Train_824682,2026-03-16,08:30,Train,Cyberathletes Open Qualifier S10.15,ᴍᴇᴅɪꜱᴘᴏʀᴛꜱ ⓜ,zeroDown,23,18,6,1.28,77,52,5136,28,HuKToR,A
cpl_2026-03-16_0830_Train_824682,2026-03-16,08:30,Train,Cyberathletes Open Qualifier S10.15,ᴍᴇᴅɪꜱᴘᴏʀᴛꜱ ⓜ,zeroDown,25,17,5,1.47,62,32,3805,28,hOoLyGaN,A
cpl_2026-03-16_0830_Train_824682,2026-03-16,08:30,Train,Cyberathletes Open Qualifier S10.15,ᴍᴇᴅɪꜱᴘᴏʀᴛꜱ ⓜ,zeroDown,11,22,0,0.5,61,45,2538,28,xMpL,A
cpl_2026-03-16_0830_Train_824682,2026-03-16,08:30,Train,Cyberathletes Open Qualifier S10.15,ᴍᴇᴅɪꜱᴘᴏʀᴛꜱ ⓜ,zeroDown,11,18,0,0.61,66,45,3599,28,b0rG,A
cpl_2026-03-16_0830_Train_824682,2026-03-16,08:30,Train,Cyberathletes Open Qualifier S10.15,ᴍᴇᴅɪꜱᴘᴏʀᴛꜱ ⓜ,zeroDown,13,20,0,0.65,56,31,2091,28,ⓜ | 8eeR,A
cpl_2026-03-16_0830_Train_824682,2026-03-16,08:30,Train,Cyberathletes Open Qualifier S10.15,ᴍᴇᴅɪꜱᴘᴏʀᴛꜱ ⓜ,zeroDown,23,18,3,1.28,68,30,3472,28,ⓜ | onebody,A
cpl_2026-03-16_0830_Train_824682,2026-03-16,08:30,Train,Cyberathletes Open Qualifier S10.15,ᴍᴇᴅɪꜱᴘᴏʀᴛꜱ ⓜ,zeroDown,19,16,0,1.19,61,37,3484,28,ⓜ | jazooka,A
cpl_2026-03-16_0830_Train_824682,2026-03-16,08:30,Train,Cyberathletes Open Qualifier S10.15,ᴍᴇᴅɪꜱᴘᴏʀᴛꜱ ⓜ,zeroDown,27,15,13,1.8,66,41,5272,28,ⓜ | HazardiaN,A
cpl_2026-03-16_0830_Train_824682,2026-03-16,08:30,Train,Cyberathletes Open Qualifier S10.15,ᴍᴇᴅɪꜱᴘᴏʀᴛꜱ ⓜ,zeroDown,15,16,0,0.94,60,47,2839,28,ⓜ | GreekFreakKief,A
cpl_2026-03-16_0700_Castle_824681,2026-03-16,07:00,Castle,Cyberathletes Open Qualifier S10.15,ᴍᴇᴅɪꜱᴘᴏʀᴛꜱ ⓜ,Inn☢vative Gaming ®,5,19,0,0.26,57,20,1248,22,ⓜ | 8eeR,A
cpl_2026-03-16_0700_Castle_824681,2026-03-16,07:00,Castle,Cyberathletes Open Qualifier S10.15,ᴍᴇᴅɪꜱᴘᴏʀᴛꜱ ⓜ,Inn☢vative Gaming ®,8,19,0,0.42,67,25,2308,22,ⓜ | onebody,A
cpl_2026-03-16_0700_Castle_824681,2026-03-16,07:00,Castle,Cyberathletes Open Qualifier S10.15,ᴍᴇᴅɪꜱᴘᴏʀᴛꜱ ⓜ,Inn☢vative Gaming ®,10,19,0,0.53,79,20,1958,22,ⓜ | jazooka,A
cpl_2026-03-16_0700_Castle_824681,2026-03-16,07:00,Castle,Cyberathletes Open Qualifier S10.15,ᴍᴇᴅɪꜱᴘᴏʀᴛꜱ ⓜ,Inn☢vative Gaming ®,18,19,3,0.95,60,39,3465,22,ⓜ | HazardiaN,A
cpl_2026-03-16_0700_Castle_824681,2026-03-16,07:00,Castle,Cyberathletes Open Qualifier S10.15,ᴍᴇᴅɪꜱᴘᴏʀᴛꜱ ⓜ,Inn☢vative Gaming ®,11,19,3,0.58,74,36,2394,22,ⓜ | GreekFreakKief,A
cpl_2026-03-16_0700_Castle_824681,2026-03-16,07:00,Castle,Cyberathletes Open Qualifier S10.15,ᴍᴇᴅɪꜱᴘᴏʀᴛꜱ ⓜ,Inn☢vative Gaming ®,11,13,0,0.85,68,30,2380,22,merckX,A
cpl_2026-03-16_0700_Castle_824681,2026-03-16,07:00,Castle,Cyberathletes Open Qualifier S10.15,ᴍᴇᴅɪꜱᴘᴏʀᴛꜱ ⓜ,Inn☢vative Gaming ®,24,11,7,2.18,74,54,4306,22,Andres ♥,A
cpl_2026-03-16_0700_Castle_824681,2026-03-16,07:00,Castle,Cyberathletes Open Qualifier S10.15,ᴍᴇᴅɪꜱᴘᴏʀᴛꜱ ⓜ,Inn☢vative Gaming ®,23,12,0,1.92,72,39,4395,22,Andrea ♥,A
cpl_2026-03-16_0700_Castle_824681,2026-03-16,07:00,Castle,Cyberathletes Open Qualifier S10.15,ᴍᴇᴅɪꜱᴘᴏʀᴛꜱ ⓜ,Inn☢vative Gaming ®,26,8,9,3.25,71,46,5465,22,pshero,A
cpl_2026-03-16_0700_Castle_824681,2026-03-16,07:00,Castle,Cyberathletes Open Qualifier S10.15,ᴍᴇᴅɪꜱᴘᴏʀᴛꜱ ⓜ,Inn☢vative Gaming ®,12,9,0,1.33,70,42,4262,22,steineR,A
cpl_2026-03-25_1800_Castle_809412,2026-03-25,18:00,Castle,League diamond #5,ᴍᴇᴅɪꜱᴘᴏʀᴛꜱ ⓜ,Black NirvanaAFK,21,14,3,1.5,83,38,3621,25,Striker,A
cpl_2026-03-25_1800_Castle_809412,2026-03-25,18:00,Castle,League diamond #5,ᴍᴇᴅɪꜱᴘᴏʀᴛꜱ ⓜ,Black NirvanaAFK,10,14,0,0.71,77,50,2714,25,Naga,A
cpl_2026-03-25_1800_Castle_809412,2026-03-25,18:00,Castle,League diamond #5,ᴍᴇᴅɪꜱᴘᴏʀᴛꜱ ⓜ,Black NirvanaAFK,24,10,0,2.4,72,33,3670,25,Cypher,A
cpl_2026-03-25_1800_Castle_809412,2026-03-25,18:00,Castle,League diamond #5,ᴍᴇᴅɪꜱᴘᴏʀᴛꜱ ⓜ,Black NirvanaAFK,12,17,0,0.71,65,33,2696,25,Supernova,A
cpl_2026-03-25_1800_Castle_809412,2026-03-25,18:00,Castle,League diamond #5,ᴍᴇᴅɪꜱᴘᴏʀᴛꜱ ⓜ,Black NirvanaAFK,22,9,13,2.44,76,50,3825,25,Phobos,A
cpl_2026-03-25_1800_Castle_809412,2026-03-25,18:00,Castle,League diamond #5,ᴍᴇᴅɪꜱᴘᴏʀᴛꜱ ⓜ,Black NirvanaAFK,6,18,0,0.33,48,50,1456,25,ⓜ | 8eeR,A
cpl_2026-03-25_1800_Castle_809412,2026-03-25,18:00,Castle,League diamond #5,ᴍᴇᴅɪꜱᴘᴏʀᴛꜱ ⓜ,Black NirvanaAFK,11,17,0,0.65,60,18,2812,25,ⓜ | onebody,A
cpl_2026-03-25_1800_Castle_809412,2026-03-25,18:00,Castle,League diamond #5,ᴍᴇᴅɪꜱᴘᴏʀᴛꜱ ⓜ,Black NirvanaAFK,21,16,9,1.31,74,57,4258,25,ⓜ | jazooka,A
cpl_2026-03-25_1800_Castle_809412,2026-03-25,18:00,Castle,League diamond #5,ᴍᴇᴅɪꜱᴘᴏʀᴛꜱ ⓜ,Black NirvanaAFK,20,16,0,1.25,75,55,4379,25,ⓜ | HazardiaN,A
cpl_2026-03-25_1800_Castle_809412,2026-03-25,18:00,Castle,League diamond #5,ᴍᴇᴅɪꜱᴘᴏʀᴛꜱ ⓜ,Black NirvanaAFK,6,22,0,0.27,73,50,1941,25,ⓜ | GreekFreakKief,A
cpl_2026-03-25_1400_Castle_830524,2026-03-25,14:00,Castle,CPL World Ladder Season 10,ᴍᴇᴅɪꜱᴘᴏʀᴛꜱ ⓜ,pihaTNT,8,10,0,0.8,62,13,1388,23,Rappin' Captain,A
cpl_2026-03-25_1400_Castle_830524,2026-03-25,14:00,Castle,CPL World Ladder Season 10,ᴍᴇᴅɪꜱᴘᴏʀᴛꜱ ⓜ,pihaTNT,27,10,16,2.7,73,17,2621,23,Odor,A
cpl_2026-03-25_1400_Castle_830524,2026-03-25,14:00,Castle,CPL World Ladder Season 10,ᴍᴇᴅɪꜱᴘᴏʀᴛꜱ ⓜ,pihaTNT,17,9,0,1.89,73,33,2859,23,apvpnisti,A
cpl_2026-03-25_1400_Castle_830524,2026-03-25,14:00,Castle,CPL World Ladder Season 10,ᴍᴇᴅɪꜱᴘᴏʀᴛꜱ ⓜ,pihaTNT,22,11,0,2,73,41,3887,23,coolman,A
cpl_2026-03-25_1400_Castle_830524,2026-03-25,14:00,Castle,CPL World Ladder Season 10,ᴍᴇᴅɪꜱᴘᴏʀᴛꜱ ⓜ,pihaTNT,15,11,0,1.36,74,47,2260,23,osama,A
cpl_2026-03-25_1400_Castle_830524,2026-03-25,14:00,Castle,CPL World Ladder Season 10,ᴍᴇᴅɪꜱᴘᴏʀᴛꜱ ⓜ,pihaTNT,1,19,0,0.05,66,0,917,23,ⓜ | 8eeR,A
cpl_2026-03-25_1400_Castle_830524,2026-03-25,14:00,Castle,CPL World Ladder Season 10,ᴍᴇᴅɪꜱᴘᴏʀᴛꜱ ⓜ,pihaTNT,11,18,3,0.61,61,45,2988,23,ⓜ | onebody,A
cpl_2026-03-25_1400_Castle_830524,2026-03-25,14:00,Castle,CPL World Ladder Season 10,ᴍᴇᴅɪꜱᴘᴏʀᴛꜱ ⓜ,pihaTNT,13,17,0,0.76,68,46,2614,23,ⓜ | jazooka,A
cpl_2026-03-25_1400_Castle_830524,2026-03-25,14:00,Castle,CPL World Ladder Season 10,ᴍᴇᴅɪꜱᴘᴏʀᴛꜱ ⓜ,pihaTNT,15,17,4,0.88,75,33,3221,23,ⓜ | HazardiaN,A
cpl_2026-03-25_1400_Castle_830524,2026-03-25,14:00,Castle,CPL World Ladder Season 10,ᴍᴇᴅɪꜱᴘᴏʀᴛꜱ ⓜ,pihaTNT,11,18,0,0.61,68,27,2099,23,ⓜ | GreekFreakKief,A
cpl_2026-03-13_1900_Castle_820843,2026-03-13,19:00,Castle,ᴍᴀᴅᴍᴇɴ ᴄᴀꜱᴛʟᴇ ʙᴏᴏᴛᴄᴀᴍᴘ ꜱ¹⁰,ᴍᴇᴅɪꜱᴘᴏʀᴛꜱ ⓜ,ⲓⲛⲛⲉꞅⲥⲓⲁ,7,22,0,0.32,58,14,1360,29,ⓜ | 8eeR,B
cpl_2026-03-13_1900_Castle_820843,2026-03-13,19:00,Castle,ᴍᴀᴅᴍᴇɴ ᴄᴀꜱᴛʟᴇ ʙᴏᴏᴛᴄᴀᴍᴘ ꜱ¹⁰,ᴍᴇᴅɪꜱᴘᴏʀᴛꜱ ⓜ,ⲓⲛⲛⲉꞅⲥⲓⲁ,22,20,0,1.1,70,41,4353,29,ⓜ | onebody,B
cpl_2026-03-13_1900_Castle_820843,2026-03-13,19:00,Castle,ᴍᴀᴅᴍᴇɴ ᴄᴀꜱᴛʟᴇ ʙᴏᴏᴛᴄᴀᴍᴘ ꜱ¹⁰,ᴍᴇᴅɪꜱᴘᴏʀᴛꜱ ⓜ,ⲓⲛⲛⲉꞅⲥⲓⲁ,23,19,3,1.21,63,43,4687,29,ⓜ | jazooka,B
cpl_2026-03-13_1900_Castle_820843,2026-03-13,19:00,Castle,ᴍᴀᴅᴍᴇɴ ᴄᴀꜱᴛʟᴇ ʙᴏᴏᴛᴄᴀᴍᴘ ꜱ¹⁰,ᴍᴇᴅɪꜱᴘᴏʀᴛꜱ ⓜ,ⲓⲛⲛⲉꞅⲥⲓⲁ,24,18,0,1.33,74,42,3832,29,ⓜ | HazardiaN,B
cpl_2026-03-13_1900_Castle_820843,2026-03-13,19:00,Castle,ᴍᴀᴅᴍᴇɴ ᴄᴀꜱᴛʟᴇ ʙᴏᴏᴛᴄᴀᴍᴘ ꜱ¹⁰,ᴍᴇᴅɪꜱᴘᴏʀᴛꜱ ⓜ,ⲓⲛⲛⲉꞅⲥⲓⲁ,17,22,10,0.77,71,47,3371,29,ⓜ | GreekFreakKief,B
cpl_2026-03-13_1900_Castle_820843,2026-03-13,19:00,Castle,ᴍᴀᴅᴍᴇɴ ᴄᴀꜱᴛʟᴇ ʙᴏᴏᴛᴄᴀᴍᴘ ꜱ¹⁰,ᴍᴇᴅɪꜱᴘᴏʀᴛꜱ ⓜ,ⲓⲛⲛⲉꞅⲥⲓⲁ,23,19,0,1.21,63,30,5155,29,inn | Lukas,B
cpl_2026-03-13_1900_Castle_820843,2026-03-13,19:00,Castle,ᴍᴀᴅᴍᴇɴ ᴄᴀꜱᴛʟᴇ ʙᴏᴏᴛᴄᴀᴍᴘ ꜱ¹⁰,ᴍᴇᴅɪꜱᴘᴏʀᴛꜱ ⓜ,ⲓⲛⲛⲉꞅⲥⲓⲁ,17,23,2,0.74,72,29,2732,29,inn | Diego,B
cpl_2026-03-13_1900_Castle_820843,2026-03-13,19:00,Castle,ᴍᴀᴅᴍᴇɴ ᴄᴀꜱᴛʟᴇ ʙᴏᴏᴛᴄᴀᴍᴘ ꜱ¹⁰,ᴍᴇᴅɪꜱᴘᴏʀᴛꜱ ⓜ,ⲓⲛⲛⲉꞅⲥⲓⲁ,23,18,0,1.28,59,41,3887,29,inn | Kavali,B
cpl_2026-03-13_1900_Castle_820843,2026-03-13,19:00,Castle,ᴍᴀᴅᴍᴇɴ ᴄᴀꜱᴛʟᴇ ʙᴏᴏᴛᴄᴀᴍᴘ ꜱ¹⁰,ᴍᴇᴅɪꜱᴘᴏʀᴛꜱ ⓜ,ⲓⲛⲛⲉꞅⲥⲓⲁ,29,14,14,2.07,67,43,5886,29,inn | Jing Hu,B
cpl_2026-03-13_1900_Castle_820843,2026-03-13,19:00,Castle,ᴍᴀᴅᴍᴇɴ ᴄᴀꜱᴛʟᴇ ʙᴏᴏᴛᴄᴀᴍᴘ ꜱ¹⁰,ᴍᴇᴅɪꜱᴘᴏʀᴛꜱ ⓜ,ⲓⲛⲛⲉꞅⲥⲓⲁ,9,19,0,0.47,72,33,2581,29,inn | Irina,B
cpl_2026-03-13_1800_Castle_820842,2026-03-13,18:00,Castle,ᴍᴀᴅᴍᴇɴ ᴄᴀꜱᴛʟᴇ ʙᴏᴏᴛᴄᴀᴍᴘ ꜱ¹⁰,ᴍᴇᴅɪꜱᴘᴏʀᴛꜱ ⓜ,ⲓⲛⲛⲉꞅⲥⲓⲁ,6,20,0,0.3,63,17,1967,28,inn | Lukas,B
cpl_2026-03-13_1800_Castle_820842,2026-03-13,18:00,Castle,ᴍᴀᴅᴍᴇɴ ᴄᴀꜱᴛʟᴇ ʙᴏᴏᴛᴄᴀᴍᴘ ꜱ¹⁰,ᴍᴇᴅɪꜱᴘᴏʀᴛꜱ ⓜ,ⲓⲛⲛⲉꞅⲥⲓⲁ,19,17,0,1.12,74,47,3268,28,inn | Diego,B
cpl_2026-03-13_1800_Castle_820842,2026-03-13,18:00,Castle,ᴍᴀᴅᴍᴇɴ ᴄᴀꜱᴛʟᴇ ʙᴏᴏᴛᴄᴀᴍᴘ ꜱ¹⁰,ᴍᴇᴅɪꜱᴘᴏʀᴛꜱ ⓜ,ⲓⲛⲛⲉꞅⲥⲓⲁ,18,14,0,1.29,70,17,2996,28,inn | Kavali,B
cpl_2026-03-13_1800_Castle_820842,2026-03-13,18:00,Castle,ᴍᴀᴅᴍᴇɴ ᴄᴀꜱᴛʟᴇ ʙᴏᴏᴛᴄᴀᴍᴘ ꜱ¹⁰,ᴍᴇᴅɪꜱᴘᴏʀᴛꜱ ⓜ,ⲓⲛⲛⲉꞅⲥⲓⲁ,30,14,11,2.14,81,27,5783,28,inn | Jing Hu,B
cpl_2026-03-13_1800_Castle_820842,2026-03-13,18:00,Castle,ᴍᴀᴅᴍᴇɴ ᴄᴀꜱᴛʟᴇ ʙᴏᴏᴛᴄᴀᴍᴘ ꜱ¹⁰,ᴍᴇᴅɪꜱᴘᴏʀᴛꜱ ⓜ,ⲓⲛⲛⲉꞅⲥⲓⲁ,27,14,5,1.93,77,52,4534,28,inn | Irina,B
cpl_2026-03-13_1800_Castle_820842,2026-03-13,18:00,Castle,ᴍᴀᴅᴍᴇɴ ᴄᴀꜱᴛʟᴇ ʙᴏᴏᴛᴄᴀᴍᴘ ꜱ¹⁰,ᴍᴇᴅɪꜱᴘᴏʀᴛꜱ ⓜ,ⲓⲛⲛⲉꞅⲥⲓⲁ,8,19,0,0.42,57,13,1795,28,ⓜ | 8eeR,B
cpl_2026-03-13_1800_Castle_820842,2026-03-13,18:00,Castle,ᴍᴀᴅᴍᴇɴ ᴄᴀꜱᴛʟᴇ ʙᴏᴏᴛᴄᴀᴍᴘ ꜱ¹⁰,ᴍᴇᴅɪꜱᴘᴏʀᴛꜱ ⓜ,ⲓⲛⲛⲉꞅⲥⲓⲁ,14,21,0,0.67,60,57,3431,28,ⓜ | onebody,B
cpl_2026-03-13_1800_Castle_820842,2026-03-13,18:00,Castle,ᴍᴀᴅᴍᴇɴ ᴄᴀꜱᴛʟᴇ ʙᴏᴏᴛᴄᴀᴍᴘ ꜱ¹⁰,ᴍᴇᴅɪꜱᴘᴏʀᴛꜱ ⓜ,ⲓⲛⲛⲉꞅⲥⲓⲁ,19,20,9,0.95,69,42,4334,28,ⓜ | jazooka,B
cpl_2026-03-13_1800_Castle_820842,2026-03-13,18:00,Castle,ᴍᴀᴅᴍᴇɴ ᴄᴀꜱᴛʟᴇ ʙᴏᴏᴛᴄᴀᴍᴘ ꜱ¹⁰,ᴍᴇᴅɪꜱᴘᴏʀᴛꜱ ⓜ,ⲓⲛⲛⲉꞅⲥⲓⲁ,18,19,2,0.95,62,39,4684,28,ⓜ | HazardiaN,B
cpl_2026-03-13_1800_Castle_820842,2026-03-13,18:00,Castle,ᴍᴀᴅᴍᴇɴ ᴄᴀꜱᴛʟᴇ ʙᴏᴏᴛᴄᴀᴍᴘ ꜱ¹⁰,ᴍᴇᴅɪꜱᴘᴏʀᴛꜱ ⓜ,ⲓⲛⲛⲉꞅⲥⲓⲁ,20,21,1,0.95,74,35,3344,28,ⓜ | GreekFreakKief,B
cpl_2026-03-11_2000_Castle_821219,2026-03-11,20:00,Castle,ᴍᴀᴅᴍᴇɴ ᴄᴀꜱᴛʟᴇ ʙᴏᴏᴛᴄᴀᴍᴘ ꜱ¹⁰,ᴍᴇᴅɪꜱᴘᴏʀᴛꜱ ⓜ,ⲓⲛⲛⲉꞅⲥⲓⲁ,19,22,8,0.86,67,26,2291,28,inn | Lukas,B
cpl_2026-03-11_2000_Castle_821219,2026-03-11,20:00,Castle,ᴍᴀᴅᴍᴇɴ ᴄᴀꜱᴛʟᴇ ʙᴏᴏᴛᴄᴀᴍᴘ ꜱ¹⁰,ᴍᴇᴅɪꜱᴘᴏʀᴛꜱ ⓜ,ⲓⲛⲛⲉꞅⲥⲓⲁ,14,20,1,0.7,86,43,3044,28,inn | Diego,B
cpl_2026-03-11_2000_Castle_821219,2026-03-11,20:00,Castle,ᴍᴀᴅᴍᴇɴ ᴄᴀꜱᴛʟᴇ ʙᴏᴏᴛᴄᴀᴍᴘ ꜱ¹⁰,ᴍᴇᴅɪꜱᴘᴏʀᴛꜱ ⓜ,ⲓⲛⲛⲉꞅⲥⲓⲁ,20,19,0,1.05,71,47,2881,28,inn | Kavali,B
cpl_2026-03-11_2000_Castle_821219,2026-03-11,20:00,Castle,ᴍᴀᴅᴍᴇɴ ᴄᴀꜱᴛʟᴇ ʙᴏᴏᴛᴄᴀᴍᴘ ꜱ¹⁰,ᴍᴇᴅɪꜱᴘᴏʀᴛꜱ ⓜ,ⲓⲛⲛⲉꞅⲥⲓⲁ,18,18,1,1,69,56,3546,28,inn | Jing Hu,B
cpl_2026-03-11_2000_Castle_821219,2026-03-11,20:00,Castle,ᴍᴀᴅᴍᴇɴ ᴄᴀꜱᴛʟᴇ ʙᴏᴏᴛᴄᴀᴍᴘ ꜱ¹⁰,ᴍᴇᴅɪꜱᴘᴏʀᴛꜱ ⓜ,ⲓⲛⲛⲉꞅⲥⲓⲁ,16,17,2,0.94,71,44,3455,28,inn | Irina,B
cpl_2026-03-11_2000_Castle_821219,2026-03-11,20:00,Castle,ᴍᴀᴅᴍᴇɴ ᴄᴀꜱᴛʟᴇ ʙᴏᴏᴛᴄᴀᴍᴘ ꜱ¹⁰,ᴍᴇᴅɪꜱᴘᴏʀᴛꜱ ⓜ,ⲓⲛⲛⲉꞅⲥⲓⲁ,15,17,0,0.88,79,40,2768,28,ⓜ | 8eeR,B
cpl_2026-03-11_2000_Castle_821219,2026-03-11,20:00,Castle,ᴍᴀᴅᴍᴇɴ ᴄᴀꜱᴛʟᴇ ʙᴏᴏᴛᴄᴀᴍᴘ ꜱ¹⁰,ᴍᴇᴅɪꜱᴘᴏʀᴛꜱ ⓜ,ⲓⲛⲛⲉꞅⲥⲓⲁ,17,21,0,0.81,70,35,3893,28,ⓜ | onebody,B
cpl_2026-03-11_2000_Castle_821219,2026-03-11,20:00,Castle,ᴍᴀᴅᴍᴇɴ ᴄᴀꜱᴛʟᴇ ʙᴏᴏᴛᴄᴀᴍᴘ ꜱ¹⁰,ᴍᴇᴅɪꜱᴘᴏʀᴛꜱ ⓜ,ⲓⲛⲛⲉꞅⲥⲓⲁ,24,16,1,1.5,71,29,4162,28,ⓜ | jazooka,B
cpl_2026-03-11_2000_Castle_821219,2026-03-11,20:00,Castle,ᴍᴀᴅᴍᴇɴ ᴄᴀꜱᴛʟᴇ ʙᴏᴏᴛᴄᴀᴍᴘ ꜱ¹⁰,ᴍᴇᴅɪꜱᴘᴏʀᴛꜱ ⓜ,ⲓⲛⲛⲉꞅⲥⲓⲁ,31,14,15,2.21,72,68,6187,28,ⓜ | HazardiaN,B
cpl_2026-03-11_2000_Castle_821219,2026-03-11,20:00,Castle,ᴍᴀᴅᴍᴇɴ ᴄᴀꜱᴛʟᴇ ʙᴏᴏᴛᴄᴀᴍᴘ ꜱ¹⁰,ᴍᴇᴅɪꜱᴘᴏʀᴛꜱ ⓜ,ⲓⲛⲛⲉꞅⲥⲓⲁ,9,19,0,0.47,72,56,2720,28,ⓜ | GreekFreakKief,B
cpl_2026-03-11_1600_Castle_820833,2026-03-11,16:00,Castle,ᴍᴀᴅᴍᴇɴ ᴄᴀꜱᴛʟᴇ ʙᴏᴏᴛᴄᴀᴍᴘ ꜱ¹⁰,ᴍᴇᴅɪꜱᴘᴏʀᴛꜱ ⓜ,вɩαск ωιᴆɵω ᴘᴚɵτɵᴄɵɩ,3,18,0,0.17,40,100,591,18,ⓜ | 8eeR,B
cpl_2026-03-11_1600_Castle_820833,2026-03-11,16:00,Castle,ᴍᴀᴅᴍᴇɴ ᴄᴀꜱᴛʟᴇ ʙᴏᴏᴛᴄᴀᴍᴘ ꜱ¹⁰,ᴍᴇᴅɪꜱᴘᴏʀᴛꜱ ⓜ,вɩαск ωιᴆɵω ᴘᴚɵτɵᴄɵɩ,5,17,0,0.29,47,60,875,18,ⓜ | onebody,B
cpl_2026-03-11_1600_Castle_820833,2026-03-11,16:00,Castle,ᴍᴀᴅᴍᴇɴ ᴄᴀꜱᴛʟᴇ ʙᴏᴏᴛᴄᴀᴍᴘ ꜱ¹⁰,ᴍᴇᴅɪꜱᴘᴏʀᴛꜱ ⓜ,вɩαск ωιᴆɵω ᴘᴚɵτɵᴄɵɩ,7,16,0,0.44,89,71,1821,18,ⓜ | jazooka,B
cpl_2026-03-11_1600_Castle_820833,2026-03-11,16:00,Castle,ᴍᴀᴅᴍᴇɴ ᴄᴀꜱᴛʟᴇ ʙᴏᴏᴛᴄᴀᴍᴘ ꜱ¹⁰,ᴍᴇᴅɪꜱᴘᴏʀᴛꜱ ⓜ,вɩαск ωιᴆɵω ᴘᴚɵτɵᴄɵɩ,6,17,1,0.35,74,50,1613,18,ⓜ | HazardiaN,B
cpl_2026-03-11_1600_Castle_820833,2026-03-11,16:00,Castle,ᴍᴀᴅᴍᴇɴ ᴄᴀꜱᴛʟᴇ ʙᴏᴏᴛᴄᴀᴍᴘ ꜱ¹⁰,ᴍᴇᴅɪꜱᴘᴏʀᴛꜱ ⓜ,вɩαск ωιᴆɵω ᴘᴚɵτɵᴄɵɩ,6,17,1,0.35,76,50,1852,18,ⓜ | GreekFreakKief,B
cpl_2026-03-11_1600_Castle_820833,2026-03-11,16:00,Castle,ᴍᴀᴅᴍᴇɴ ᴄᴀꜱᴛʟᴇ ʙᴏᴏᴛᴄᴀᴍᴘ ꜱ¹⁰,ᴍᴇᴅɪꜱᴘᴏʀᴛꜱ ⓜ,вɩαск ωιᴆɵω ᴘᴚɵτɵᴄɵɩ,8,6,0,1.33,50,13,2564,18,WebControl,B
cpl_2026-03-11_1600_Castle_820833,2026-03-11,16:00,Castle,ᴍᴀᴅᴍᴇɴ ᴄᴀꜱᴛʟᴇ ʙᴏᴏᴛᴄᴀᴍᴘ ꜱ¹⁰,ᴍᴇᴅɪꜱᴘᴏʀᴛꜱ ⓜ,вɩαск ωιᴆɵω ᴘᴚɵτɵᴄɵɩ,20,4,2,5,62,40,3447,18,FangByte,B
cpl_2026-03-11_1600_Castle_820833,2026-03-11,16:00,Castle,ᴍᴀᴅᴍᴇɴ ᴄᴀꜱᴛʟᴇ ʙᴏᴏᴛᴄᴀᴍᴘ ꜱ¹⁰,ᴍᴇᴅɪꜱᴘᴏʀᴛꜱ ⓜ,вɩαск ωιᴆɵω ᴘᴚɵτɵᴄɵɩ,16,4,0,4,53,50,3475,18,NeuroVenom,B
cpl_2026-03-11_1600_Castle_820833,2026-03-11,16:00,Castle,ᴍᴀᴅᴍᴇɴ ᴄᴀꜱᴛʟᴇ ʙᴏᴏᴛᴄᴀᴍᴘ ꜱ¹⁰,ᴍᴇᴅɪꜱᴘᴏʀᴛꜱ ⓜ,вɩαск ωιᴆɵω ᴘᴚɵτɵᴄɵɩ,17,6,4,2.83,81,76,4386,18,BlackNode,B
cpl_2026-03-11_1600_Castle_820833,2026-03-11,16:00,Castle,ᴍᴀᴅᴍᴇɴ ᴄᴀꜱᴛʟᴇ ʙᴏᴏᴛᴄᴀᴍᴘ ꜱ¹⁰,ᴍᴇᴅɪꜱᴘᴏʀᴛꜱ ⓜ,вɩαск ωιᴆɵω ᴘᴚɵτɵᴄɵɩ,24,7,10,3.43,85,46,6125,18,DeadWeb,B
cpl_2026-03-05_2000_Castle_821435,2026-03-05,20:00,Castle,ᴍᴀᴅᴍᴇɴ ᴄᴀꜱᴛʟᴇ ʙᴏᴏᴛᴄᴀᴍᴘ ꜱ¹⁰,ᴍᴇᴅɪꜱᴘᴏʀᴛꜱ ⓜ,[ᴀꜰᴋ] ꜱᴘɪᴛꜰɪʀᴇ,16,20,0,0.8,59,19,4049,26,ⓜ | 8eeR,A
cpl_2026-03-05_2000_Castle_821435,2026-03-05,20:00,Castle,ᴍᴀᴅᴍᴇɴ ᴄᴀꜱᴛʟᴇ ʙᴏᴏᴛᴄᴀᴍᴘ ꜱ¹⁰,ᴍᴇᴅɪꜱᴘᴏʀᴛꜱ ⓜ,[ᴀꜰᴋ] ꜱᴘɪᴛꜰɪʀᴇ,26,13,5,2,60,19,3868,26,ⓜ | onebody,A
cpl_2026-03-05_2000_Castle_821435,2026-03-05,20:00,Castle,ᴍᴀᴅᴍᴇɴ ᴄᴀꜱᴛʟᴇ ʙᴏᴏᴛᴄᴀᴍᴘ ꜱ¹⁰,ᴍᴇᴅɪꜱᴘᴏʀᴛꜱ ⓜ,[ᴀꜰᴋ] ꜱᴘɪᴛꜰɪʀᴇ,27,11,5,2.45,69,41,5111,26,ⓜ | jazooka,A
cpl_2026-03-05_2000_Castle_821435,2026-03-05,20:00,Castle,ᴍᴀᴅᴍᴇɴ ᴄᴀꜱᴛʟᴇ ʙᴏᴏᴛᴄᴀᴍᴘ ꜱ¹⁰,ᴍᴇᴅɪꜱᴘᴏʀᴛꜱ ⓜ,[ᴀꜰᴋ] ꜱᴘɪᴛꜰɪʀᴇ,21,11,0,1.91,57,24,4044,26,ⓜ | HazardiaN,A
cpl_2026-03-05_2000_Castle_821435,2026-03-05,20:00,Castle,ᴍᴀᴅᴍᴇɴ ᴄᴀꜱᴛʟᴇ ʙᴏᴏᴛᴄᴀᴍᴘ ꜱ¹⁰,ᴍᴇᴅɪꜱᴘᴏʀᴛꜱ ⓜ,[ᴀꜰᴋ] ꜱᴘɪᴛꜰɪʀᴇ,9,19,6,0.47,72,44,2720,26,ⓜ | GreekFreakKief,A
cpl_2026-03-05_2000_Castle_821435,2026-03-05,20:00,Castle,ᴍᴀᴅᴍᴇɴ ᴄᴀꜱᴛʟᴇ ʙᴏᴏᴛᴄᴀᴍᴘ ꜱ¹⁰,ᴍᴇᴅɪꜱᴘᴏʀᴛꜱ ⓜ,[ᴀꜰᴋ] ꜱᴘɪᴛꜰɪʀᴇ,13,22,0,0.59,67,46,2465,26,raygun,A
cpl_2026-03-05_2000_Castle_821435,2026-03-05,20:00,Castle,ᴍᴀᴅᴍᴇɴ ᴄᴀꜱᴛʟᴇ ʙᴏᴏᴛᴄᴀᴍᴘ ꜱ¹⁰,ᴍᴇᴅɪꜱᴘᴏʀᴛꜱ ⓜ,[ᴀꜰᴋ] ꜱᴘɪᴛꜰɪʀᴇ,9,21,0,0.43,71,44,2726,26,defecto,A
cpl_2026-03-05_2000_Castle_821435,2026-03-05,20:00,Castle,ᴍᴀᴅᴍᴇɴ ᴄᴀꜱᴛʟᴇ ʙᴏᴏᴛᴄᴀᴍᴘ ꜱ¹⁰,ᴍᴇᴅɪꜱᴘᴏʀᴛꜱ ⓜ,[ᴀꜰᴋ] ꜱᴘɪᴛꜰɪʀᴇ,17,18,6,0.94,65,35,3510,26,andr3s,A
cpl_2026-03-05_2000_Castle_821435,2026-03-05,20:00,Castle,ᴍᴀᴅᴍᴇɴ ᴄᴀꜱᴛʟᴇ ʙᴏᴏᴛᴄᴀᴍᴘ ꜱ¹⁰,ᴍᴇᴅɪꜱᴘᴏʀᴛꜱ ⓜ,[ᴀꜰᴋ] ꜱᴘɪᴛꜰɪʀᴇ,9,20,0,0.45,69,33,2340,26,gallo,A
cpl_2026-03-05_2000_Castle_821435,2026-03-05,20:00,Castle,ᴍᴀᴅᴍᴇɴ ᴄᴀꜱᴛʟᴇ ʙᴏᴏᴛᴄᴀᴍᴘ ꜱ¹⁰,ᴍᴇᴅɪꜱᴘᴏʀᴛꜱ ⓜ,[ᴀꜰᴋ] ꜱᴘɪᴛꜰɪʀᴇ,26,18,4,1.44,74,27,4657,26,v0s,A
cpl_2026-03-05_1800_Castle_821424,2026-03-05,18:00,Castle,ᴍᴀᴅᴍᴇɴ ᴄᴀꜱᴛʟᴇ ʙᴏᴏᴛᴄᴀᴍᴘ ꜱ¹⁰,ᴍᴇᴅɪꜱᴘᴏʀᴛꜱ ⓜ,вяαιηѕтσям,6,14,0,0.43,74,50,1692,21,Finn,A
cpl_2026-03-05_1800_Castle_821424,2026-03-05,18:00,Castle,ᴍᴀᴅᴍᴇɴ ᴄᴀꜱᴛʟᴇ ʙᴏᴏᴛᴄᴀᴍᴘ ꜱ¹⁰,ᴍᴇᴅɪꜱᴘᴏʀᴛꜱ ⓜ,вяαιηѕтσям,20,9,12,2.22,78,50,4606,21,Ronja,A
cpl_2026-03-05_1800_Castle_821424,2026-03-05,18:00,Castle,ᴍᴀᴅᴍᴇɴ ᴄᴀꜱᴛʟᴇ ʙᴏᴏᴛᴄᴀᴍᴘ ꜱ¹⁰,ᴍᴇᴅɪꜱᴘᴏʀᴛꜱ ⓜ,вяαιηѕтσям,15,5,0,3,74,53,3927,21,Heino,A
cpl_2026-03-05_1800_Castle_821424,2026-03-05,18:00,Castle,ᴍᴀᴅᴍᴇɴ ᴄᴀꜱᴛʟᴇ ʙᴏᴏᴛᴄᴀᴍᴘ ꜱ¹⁰,ᴍᴇᴅɪꜱᴘᴏʀᴛꜱ ⓜ,вяαιηѕтσям,26,9,4,2.89,71,46,4641,21,PatZa,A
cpl_2026-03-05_1800_Castle_821424,2026-03-05,18:00,Castle,ᴍᴀᴅᴍᴇɴ ᴄᴀꜱᴛʟᴇ ʙᴏᴏᴛᴄᴀᴍᴘ ꜱ¹⁰,ᴍᴇᴅɪꜱᴘᴏʀᴛꜱ ⓜ,вяαιηѕтσям,17,9,0,1.89,76,53,3712,21,Holger,A
cpl_2026-03-05_1800_Castle_821424,2026-03-05,18:00,Castle,ᴍᴀᴅᴍᴇɴ ᴄᴀꜱᴛʟᴇ ʙᴏᴏᴛᴄᴀᴍᴘ ꜱ¹⁰,ᴍᴇᴅɪꜱᴘᴏʀᴛꜱ ⓜ,вяαιηѕтσям,7,16,0,0.44,54,14,2006,21,ⓜ | 8eeR,A
cpl_2026-03-05_1800_Castle_821424,2026-03-05,18:00,Castle,ᴍᴀᴅᴍᴇɴ ᴄᴀꜱᴛʟᴇ ʙᴏᴏᴛᴄᴀᴍᴘ ꜱ¹⁰,ᴍᴇᴅɪꜱᴘᴏʀᴛꜱ ⓜ,вяαιηѕтσям,14,17,0,0.82,81,50,2485,21,ⓜ | onebody,A
cpl_2026-03-05_1800_Castle_821424,2026-03-05,18:00,Castle,ᴍᴀᴅᴍᴇɴ ᴄᴀꜱᴛʟᴇ ʙᴏᴏᴛᴄᴀᴍᴘ ꜱ¹⁰,ᴍᴇᴅɪꜱᴘᴏʀᴛꜱ ⓜ,вяαιηѕтσям,16,16,5,1,76,56,3654,21,ⓜ | jazooka,A
cpl_2026-03-05_1800_Castle_821424,2026-03-05,18:00,Castle,ᴍᴀᴅᴍᴇɴ ᴄᴀꜱᴛʟᴇ ʙᴏᴏᴛᴄᴀᴍᴘ ꜱ¹⁰,ᴍᴇᴅɪꜱᴘᴏʀᴛꜱ ⓜ,вяαιηѕтσям,7,17,0,0.41,56,43,1673,21,ⓜ | HazardiaN,A
cpl_2026-03-05_1800_Castle_821424,2026-03-05,18:00,Castle,ᴍᴀᴅᴍᴇɴ ᴄᴀꜱᴛʟᴇ ʙᴏᴏᴛᴄᴀᴍᴘ ꜱ¹⁰,ᴍᴇᴅɪꜱᴘᴏʀᴛꜱ ⓜ,вяαιηѕтσям,2,18,0,0.11,63,0,743,21,ⓜ | GreekFreakKief,A
cpl_2026-03-05_1600_Castle_821416,2026-03-05,16:00,Castle,ᴍᴀᴅᴍᴇɴ ᴄᴀꜱᴛʟᴇ ʙᴏᴏᴛᴄᴀᴍᴘ ꜱ¹⁰,ᴍᴇᴅɪꜱᴘᴏʀᴛꜱ ⓜ,ͷσ ꜱсσᴘε ͷσ ʜσᴘε,21,22,1,0.95,56,35,2855,29,ⓜ | 8eeR,A
cpl_2026-03-05_1600_Castle_821416,2026-03-05,16:00,Castle,ᴍᴀᴅᴍᴇɴ ᴄᴀꜱᴛʟᴇ ʙᴏᴏᴛᴄᴀᴍᴘ ꜱ¹⁰,ᴍᴇᴅɪꜱᴘᴏʀᴛꜱ ⓜ,ͷσ ꜱсσᴘε ͷσ ʜσᴘε,18,21,1,0.86,64,56,4059,29,ⓜ | onebody,A
cpl_2026-03-05_1600_Castle_821416,2026-03-05,16:00,Castle,ᴍᴀᴅᴍᴇɴ ᴄᴀꜱᴛʟᴇ ʙᴏᴏᴛᴄᴀᴍᴘ ꜱ¹⁰,ᴍᴇᴅɪꜱᴘᴏʀᴛꜱ ⓜ,ͷσ ꜱсσᴘε ͷσ ʜσᴘε,15,20,0,0.75,62,27,3157,29,ⓜ | jazooka,A
cpl_2026-03-05_1600_Castle_821416,2026-03-05,16:00,Castle,ᴍᴀᴅᴍᴇɴ ᴄᴀꜱᴛʟᴇ ʙᴏᴏᴛᴄᴀᴍᴘ ꜱ¹⁰,ᴍᴇᴅɪꜱᴘᴏʀᴛꜱ ⓜ,ͷσ ꜱсσᴘε ͷσ ʜσᴘε,23,21,7,1.1,69,35,3716,29,ⓜ | HazardiaN,A
cpl_2026-03-05_1600_Castle_821416,2026-03-05,16:00,Castle,ᴍᴀᴅᴍᴇɴ ᴄᴀꜱᴛʟᴇ ʙᴏᴏᴛᴄᴀᴍᴘ ꜱ¹⁰,ᴍᴇᴅɪꜱᴘᴏʀᴛꜱ ⓜ,ͷσ ꜱсσᴘε ͷσ ʜσᴘε,12,18,4,0.67,70,67,2849,29,ⓜ | GreekFreakKief,A
cpl_2026-03-05_1600_Castle_821416,2026-03-05,16:00,Castle,ᴍᴀᴅᴍᴇɴ ᴄᴀꜱᴛʟᴇ ʙᴏᴏᴛᴄᴀᴍᴘ ꜱ¹⁰,ᴍᴇᴅɪꜱᴘᴏʀᴛꜱ ⓜ,ͷσ ꜱсσᴘε ͷσ ʜσᴘε,14,23,0,0.61,73,64,3320,29,Ibra Jr,A
cpl_2026-03-05_1600_Castle_821416,2026-03-05,16:00,Castle,ᴍᴀᴅᴍᴇɴ ᴄᴀꜱᴛʟᴇ ʙᴏᴏᴛᴄᴀᴍᴘ ꜱ¹⁰,ᴍᴇᴅɪꜱᴘᴏʀᴛꜱ ⓜ,ͷσ ꜱсσᴘε ͷσ ʜσᴘε,16,18,0,0.89,73,50,3751,29,ToineD,A
cpl_2026-03-05_1600_Castle_821416,2026-03-05,16:00,Castle,ᴍᴀᴅᴍᴇɴ ᴄᴀꜱᴛʟᴇ ʙᴏᴏᴛᴄᴀᴍᴘ ꜱ¹⁰,ᴍᴇᴅɪꜱᴘᴏʀᴛꜱ ⓜ,ͷσ ꜱсσᴘε ͷσ ʜσᴘε,28,16,14,1.75,75,54,5507,29,MiKow,A
cpl_2026-03-05_1600_Castle_821416,2026-03-05,16:00,Castle,ᴍᴀᴅᴍᴇɴ ᴄᴀꜱᴛʟᴇ ʙᴏᴏᴛᴄᴀᴍᴘ ꜱ¹⁰,ᴍᴇᴅɪꜱᴘᴏʀᴛꜱ ⓜ,ͷσ ꜱсσᴘε ͷσ ʜσᴘε,22,16,2,1.38,73,36,3798,29,Pastel de Cvetko,A
cpl_2026-03-05_1600_Castle_821416,2026-03-05,16:00,Castle,ᴍᴀᴅᴍᴇɴ ᴄᴀꜱᴛʟᴇ ʙᴏᴏᴛᴄᴀᴍᴘ ꜱ¹⁰,ᴍᴇᴅɪꜱᴘᴏʀᴛꜱ ⓜ,ͷσ ꜱсσᴘε ͷσ ʜσᴘε,22,16,0,1.38,69,45,3957,29,Small King,A
cpl_2026-03-04_2000_Castle_821198,2026-03-04,20:00,Castle,ᴍᴀᴅᴍᴇɴ ᴄᴀꜱᴛʟᴇ ʙᴏᴏᴛᴄᴀᴍᴘ ꜱ¹⁰,ᴍᴇᴅɪꜱᴘᴏʀᴛꜱ ⓜ,мεεт тʜε ѕтαяꜱ,5,17,0,0.29,83,40,1895,21,Eva de Groot,B
cpl_2026-03-04_2000_Castle_821198,2026-03-04,20:00,Castle,ᴍᴀᴅᴍᴇɴ ᴄᴀꜱᴛʟᴇ ʙᴏᴏᴛᴄᴀᴍᴘ ꜱ¹⁰,ᴍᴇᴅɪꜱᴘᴏʀᴛꜱ ⓜ,мεεт тʜε ѕтαяꜱ,5,16,0,0.31,70,40,1046,21,Joao Ferreira,B
cpl_2026-03-04_2000_Castle_821198,2026-03-04,20:00,Castle,ᴍᴀᴅᴍᴇɴ ᴄᴀꜱᴛʟᴇ ʙᴏᴏᴛᴄᴀᴍᴘ ꜱ¹⁰,ᴍᴇᴅɪꜱᴘᴏʀᴛꜱ ⓜ,мεεт тʜε ѕтαяꜱ,4,14,0,0.29,68,50,1147,21,Ingeborg Olafsdottir,B
cpl_2026-03-04_2000_Castle_821198,2026-03-04,20:00,Castle,ᴍᴀᴅᴍᴇɴ ᴄᴀꜱᴛʟᴇ ʙᴏᴏᴛᴄᴀᴍᴘ ꜱ¹⁰,ᴍᴇᴅɪꜱᴘᴏʀᴛꜱ ⓜ,мεεт тʜε ѕтαяꜱ,3,13,0,0.23,54,33,883,21,Kevin Pekk,B
cpl_2026-03-04_2000_Castle_821198,2026-03-04,20:00,Castle,ᴍᴀᴅᴍᴇɴ ᴄᴀꜱᴛʟᴇ ʙᴏᴏᴛᴄᴀᴍᴘ ꜱ¹⁰,ᴍᴇᴅɪꜱᴘᴏʀᴛꜱ ⓜ,мεεт тʜε ѕтαяꜱ,10,15,5,0.67,80,10,1383,21,Ramon Ramirez,B
cpl_2026-03-04_2000_Castle_821198,2026-03-04,20:00,Castle,ᴍᴀᴅᴍᴇɴ ᴄᴀꜱᴛʟᴇ ʙᴏᴏᴛᴄᴀᴍᴘ ꜱ¹⁰,ᴍᴇᴅɪꜱᴘᴏʀᴛꜱ ⓜ,мεεт тʜε ѕтαяꜱ,20,5,10,4,62,40,3926,21,ⓜ | 8eeR,B
cpl_2026-03-04_2000_Castle_821198,2026-03-04,20:00,Castle,ᴍᴀᴅᴍᴇɴ ᴄᴀꜱᴛʟᴇ ʙᴏᴏᴛᴄᴀᴍᴘ ꜱ¹⁰,ᴍᴇᴅɪꜱᴘᴏʀᴛꜱ ⓜ,мεεт тʜε ѕтαяꜱ,15,5,2,3,79,60,3578,21,ⓜ | onebody,B
cpl_2026-03-04_2000_Castle_821198,2026-03-04,20:00,Castle,ᴍᴀᴅᴍᴇɴ ᴄᴀꜱᴛʟᴇ ʙᴏᴏᴛᴄᴀᴍᴘ ꜱ¹⁰,ᴍᴇᴅɪꜱᴘᴏʀᴛꜱ ⓜ,мεεт тʜε ѕтαяꜱ,16,5,0,3.2,81,50,3318,21,ⓜ | jazooka,B
cpl_2026-03-04_2000_Castle_821198,2026-03-04,20:00,Castle,ᴍᴀᴅᴍᴇɴ ᴄᴀꜱᴛʟᴇ ʙᴏᴏᴛᴄᴀᴍᴘ ꜱ¹⁰,ᴍᴇᴅɪꜱᴘᴏʀᴛꜱ ⓜ,мεεт тʜε ѕтαяꜱ,18,5,4,3.6,76,39,3247,21,ⓜ | HazardiaN,B
cpl_2026-03-04_2000_Castle_821198,2026-03-04,20:00,Castle,ᴍᴀᴅᴍᴇɴ ᴄᴀꜱᴛʟᴇ ʙᴏᴏᴛᴄᴀᴍᴘ ꜱ¹⁰,ᴍᴇᴅɪꜱᴘᴏʀᴛꜱ ⓜ,мεεт тʜε ѕтαяꜱ,6,7,0,0.86,84,50,1312,21,ⓜ | GreekFreakKief,B
cpl_2026-03-04_1800_Castle_821192,2026-03-04,18:00,Castle,ᴍᴀᴅᴍᴇɴ ᴄᴀꜱᴛʟᴇ ʙᴏᴏᴛᴄᴀᴍᴘ ꜱ¹⁰,ᴍᴇᴅɪꜱᴘᴏʀᴛꜱ ⓜ,ꜱᴛᴀᴠᴀɴɢᴇʀ,6,21,0,0.29,69,33,1574,25,Scorp,B
cpl_2026-03-04_1800_Castle_821192,2026-03-04,18:00,Castle,ᴍᴀᴅᴍᴇɴ ᴄᴀꜱᴛʟᴇ ʙᴏᴏᴛᴄᴀᴍᴘ ꜱ¹⁰,ᴍᴇᴅɪꜱᴘᴏʀᴛꜱ ⓜ,ꜱᴛᴀᴠᴀɴɢᴇʀ,8,20,1,0.4,76,63,2119,25,inn | Nils,B
cpl_2026-03-04_1800_Castle_821192,2026-03-04,18:00,Castle,ᴍᴀᴅᴍᴇɴ ᴄᴀꜱᴛʟᴇ ʙᴏᴏᴛᴄᴀᴍᴘ ꜱ¹⁰,ᴍᴇᴅɪꜱᴘᴏʀᴛꜱ ⓜ,ꜱᴛᴀᴠᴀɴɢᴇʀ,13,18,0,0.72,76,38,2917,25,Rona,B
cpl_2026-03-04_1800_Castle_821192,2026-03-04,18:00,Castle,ᴍᴀᴅᴍᴇɴ ᴄᴀꜱᴛʟᴇ ʙᴏᴏᴛᴄᴀᴍᴘ ꜱ¹⁰,ᴍᴇᴅɪꜱᴘᴏʀᴛꜱ ⓜ,ꜱᴛᴀᴠᴀɴɢᴇʀ,20,16,8,1.25,68,50,3018,25,juncho,B
cpl_2026-03-04_1800_Castle_821192,2026-03-04,18:00,Castle,ᴍᴀᴅᴍᴇɴ ᴄᴀꜱᴛʟᴇ ʙᴏᴏᴛᴄᴀᴍᴘ ꜱ¹⁰,ᴍᴇᴅɪꜱᴘᴏʀᴛꜱ ⓜ,ꜱᴛᴀᴠᴀɴɢᴇʀ,11,19,0,0.58,76,45,2713,25,Jian He,B
cpl_2026-03-04_1800_Castle_821192,2026-03-04,18:00,Castle,ᴍᴀᴅᴍᴇɴ ᴄᴀꜱᴛʟᴇ ʙᴏᴏᴛᴄᴀᴍᴘ ꜱ¹⁰,ᴍᴇᴅɪꜱᴘᴏʀᴛꜱ ⓜ,ꜱᴛᴀᴠᴀɴɢᴇʀ,9,14,0,0.64,72,67,2793,25,ⓜ | 8eeR,B
cpl_2026-03-04_1800_Castle_821192,2026-03-04,18:00,Castle,ᴍᴀᴅᴍᴇɴ ᴄᴀꜱᴛʟᴇ ʙᴏᴏᴛᴄᴀᴍᴘ ꜱ¹⁰,ᴍᴇᴅɪꜱᴘᴏʀᴛꜱ ⓜ,ꜱᴛᴀᴠᴀɴɢᴇʀ,30,10,3,3,67,30,4256,25,ⓜ | onebody,B
cpl_2026-03-04_1800_Castle_821192,2026-03-04,18:00,Castle,ᴍᴀᴅᴍᴇɴ ᴄᴀꜱᴛʟᴇ ʙᴏᴏᴛᴄᴀᴍᴘ ꜱ¹⁰,ᴍᴇᴅɪꜱᴘᴏʀᴛꜱ ⓜ,ꜱᴛᴀᴠᴀɴɢᴇʀ,25,9,5,2.78,71,40,4055,25,ⓜ | jazooka,B
cpl_2026-03-04_1800_Castle_821192,2026-03-04,18:00,Castle,ᴍᴀᴅᴍᴇɴ ᴄᴀꜱᴛʟᴇ ʙᴏᴏᴛᴄᴀᴍᴘ ꜱ¹⁰,ᴍᴇᴅɪꜱᴘᴏʀᴛꜱ ⓜ,ꜱᴛᴀᴠᴀɴɢᴇʀ,19,11,8,1.73,65,37,3816,25,ⓜ | HazardiaN,B
cpl_2026-03-04_1800_Castle_821192,2026-03-04,18:00,Castle,ᴍᴀᴅᴍᴇɴ ᴄᴀꜱᴛʟᴇ ʙᴏᴏᴛᴄᴀᴍᴘ ꜱ¹⁰,ᴍᴇᴅɪꜱᴘᴏʀᴛꜱ ⓜ,ꜱᴛᴀᴠᴀɴɢᴇʀ,11,14,0,0.79,62,55,2124,25,ⓜ | GreekFreakKief,B
cpl_2026-03-03_1900_Train_771573,2026-03-03,19:00,Train,ᴍᴀᴅᴍᴇɴ ɪɴᴠɪᴛᴀᴛɪᴏɴᴀʟ ꜱ⁹,ᴍᴇᴅɪꜱᴘᴏʀᴛꜱ ⓜ,ⲓⲛⲛⲉꞅⲥⲓⲁ,10,21,4,0.48,75,40,2169,24,ⓜ | 8eeR,B
cpl_2026-03-03_1900_Train_771573,2026-03-03,19:00,Train,ᴍᴀᴅᴍᴇɴ ɪɴᴠɪᴛᴀᴛɪᴏɴᴀʟ ꜱ⁹,ᴍᴇᴅɪꜱᴘᴏʀᴛꜱ ⓜ,ⲓⲛⲛⲉꞅⲥⲓⲁ,5,18,0,0.28,65,40,1148,24,ⓜ | onebody,B
cpl_2026-03-03_1900_Train_771573,2026-03-03,19:00,Train,ᴍᴀᴅᴍᴇɴ ɪɴᴠɪᴛᴀᴛɪᴏɴᴀʟ ꜱ⁹,ᴍᴇᴅɪꜱᴘᴏʀᴛꜱ ⓜ,ⲓⲛⲛⲉꞅⲥⲓⲁ,10,20,0,0.5,70,30,2235,24,ⓜ | jazooka,B
cpl_2026-03-03_1900_Train_771573,2026-03-03,19:00,Train,ᴍᴀᴅᴍᴇɴ ɪɴᴠɪᴛᴀᴛɪᴏɴᴀʟ ꜱ⁹,ᴍᴇᴅɪꜱᴘᴏʀᴛꜱ ⓜ,ⲓⲛⲛⲉꞅⲥⲓⲁ,15,18,1,0.83,63,33,2439,24,ⓜ | GreekFreakKief,B
cpl_2026-03-03_1900_Train_771573,2026-03-03,19:00,Train,ᴍᴀᴅᴍᴇɴ ɪɴᴠɪᴛᴀᴛɪᴏɴᴀʟ ꜱ⁹,ᴍᴇᴅɪꜱᴘᴏʀᴛꜱ ⓜ,ⲓⲛⲛⲉꞅⲥⲓⲁ,15,19,3,0.79,73,47,2643,24,ⓜ | Hunglow,B
cpl_2026-03-03_1900_Train_771573,2026-03-03,19:00,Train,ᴍᴀᴅᴍᴇɴ ɪɴᴠɪᴛᴀᴛɪᴏɴᴀʟ ꜱ⁹,ᴍᴇᴅɪꜱᴘᴏʀᴛꜱ ⓜ,ⲓⲛⲛⲉꞅⲥⲓⲁ,15,13,0,1.15,71,40,2791,24,inn | Lukas,B
cpl_2026-03-03_1900_Train_771573,2026-03-03,19:00,Train,ᴍᴀᴅᴍᴇɴ ɪɴᴠɪᴛᴀᴛɪᴏɴᴀʟ ꜱ⁹,ᴍᴇᴅɪꜱᴘᴏʀᴛꜱ ⓜ,ⲓⲛⲛⲉꞅⲥⲓⲁ,12,11,0,1.09,58,58,2389,24,inn | Diego,B
cpl_2026-03-03_1900_Train_771573,2026-03-03,19:00,Train,ᴍᴀᴅᴍᴇɴ ɪɴᴠɪᴛᴀᴛɪᴏɴᴀʟ ꜱ⁹,ᴍᴇᴅɪꜱᴘᴏʀᴛꜱ ⓜ,ⲓⲛⲛⲉꞅⲥⲓⲁ,19,10,4,1.9,64,42,3952,24,inn | Kavali,B
cpl_2026-03-03_1900_Train_771573,2026-03-03,19:00,Train,ᴍᴀᴅᴍᴇɴ ɪɴᴠɪᴛᴀᴛɪᴏɴᴀʟ ꜱ⁹,ᴍᴇᴅɪꜱᴘᴏʀᴛꜱ ⓜ,ⲓⲛⲛⲉꞅⲥⲓⲁ,27,12,4,2.25,79,33,4905,24,inn | Nils,B
cpl_2026-03-03_1900_Train_771573,2026-03-03,19:00,Train,ᴍᴀᴅᴍᴇɴ ɪɴᴠɪᴛᴀᴛɪᴏɴᴀʟ ꜱ⁹,ᴍᴇᴅɪꜱᴘᴏʀᴛꜱ ⓜ,ⲓⲛⲛⲉꞅⲥⲓⲁ,23,9,8,2.56,85,35,5703,24,inn | Irina,B
cpl_2026-03-03_1600_Train_771123,2026-03-03,16:00,Train,ᴍᴀᴅᴍᴇɴ ɪɴᴠɪᴛᴀᴛɪᴏɴᴀʟ ꜱ⁹,ᴍᴇᴅɪꜱᴘᴏʀᴛꜱ ⓜ,вяαιηѕтσям,8,17,0,0.47,39,38,1990,26,ⓜ | 8eeR,A
cpl_2026-03-03_1600_Train_771123,2026-03-03,16:00,Train,ᴍᴀᴅᴍᴇɴ ɪɴᴠɪᴛᴀᴛɪᴏɴᴀʟ ꜱ⁹,ᴍᴇᴅɪꜱᴘᴏʀᴛꜱ ⓜ,вяαιηѕтσям,16,19,0,0.84,53,13,3138,26,ⓜ | onebody,A
cpl_2026-03-03_1600_Train_771123,2026-03-03,16:00,Train,ᴍᴀᴅᴍᴇɴ ɪɴᴠɪᴛᴀᴛɪᴏɴᴀʟ ꜱ⁹,ᴍᴇᴅɪꜱᴘᴏʀᴛꜱ ⓜ,вяαιηѕтσям,11,18,0,0.61,54,9,3054,26,ⓜ | jazooka,A
cpl_2026-03-03_1600_Train_771123,2026-03-03,16:00,Train,ᴍᴀᴅᴍᴇɴ ɪɴᴠɪᴛᴀᴛɪᴏɴᴀʟ ꜱ⁹,ᴍᴇᴅɪꜱᴘᴏʀᴛꜱ ⓜ,вяαιηѕтσям,16,18,2,0.89,58,50,3185,26,ⓜ | GreekFreakKief,A
cpl_2026-03-03_1600_Train_771123,2026-03-03,16:00,Train,ᴍᴀᴅᴍᴇɴ ɪɴᴠɪᴛᴀᴛɪᴏɴᴀʟ ꜱ⁹,ᴍᴇᴅɪꜱᴘᴏʀᴛꜱ ⓜ,вяαιηѕтσям,16,16,8,1,39,38,3292,26,ⓜ | Hunglow,A
cpl_2026-03-03_1600_Train_771123,2026-03-03,16:00,Train,ᴍᴀᴅᴍᴇɴ ɪɴᴠɪᴛᴀᴛɪᴏɴᴀʟ ꜱ⁹,ᴍᴇᴅɪꜱᴘᴏʀᴛꜱ ⓜ,вяαιηѕтσям,18,15,0,1.2,70,56,3140,26,Finn,A
cpl_2026-03-03_1600_Train_771123,2026-03-03,16:00,Train,ᴍᴀᴅᴍᴇɴ ɪɴᴠɪᴛᴀᴛɪᴏɴᴀʟ ꜱ⁹,ᴍᴇᴅɪꜱᴘᴏʀᴛꜱ ⓜ,вяαιηѕтσям,17,14,1,1.21,69,35,3501,26,Ronja,A
cpl_2026-03-03_1600_Train_771123,2026-03-03,16:00,Train,ᴍᴀᴅᴍᴇɴ ɪɴᴠɪᴛᴀᴛɪᴏɴᴀʟ ꜱ⁹,ᴍᴇᴅɪꜱᴘᴏʀᴛꜱ ⓜ,вяαιηѕтσям,29,10,15,2.9,71,31,4743,26,Heino,A
cpl_2026-03-03_1600_Train_771123,2026-03-03,16:00,Train,ᴍᴀᴅᴍᴇɴ ɪɴᴠɪᴛᴀᴛɪᴏɴᴀʟ ꜱ⁹,ᴍᴇᴅɪꜱᴘᴏʀᴛꜱ ⓜ,вяαιηѕтσям,7,13,0,0.54,55,29,1657,26,PatZa,A
cpl_2026-03-03_1600_Train_771123,2026-03-03,16:00,Train,ᴍᴀᴅᴍᴇɴ ɪɴᴠɪᴛᴀᴛɪᴏɴᴀʟ ꜱ⁹,ᴍᴇᴅɪꜱᴘᴏʀᴛꜱ ⓜ,вяαιηѕтσям,17,15,0,1.13,69,24,2776,26,Holger,A
cpl_2026-03-02_1800_Mill_771089,2026-03-02,18:00,Mill,ᴍᴀᴅᴍᴇɴ ɪɴᴠɪᴛᴀᴛɪᴏɴᴀʟ ꜱ⁹,ᴍᴇᴅɪꜱᴘᴏʀᴛꜱ ⓜ,Combinatozaurii,22,11,10,2,78,45,4125,24,CheerLeader,S
cpl_2026-03-02_1800_Mill_771089,2026-03-02,18:00,Mill,ᴍᴀᴅᴍᴇɴ ɪɴᴠɪᴛᴀᴛɪᴏɴᴀʟ ꜱ⁹,ᴍᴇᴅɪꜱᴘᴏʀᴛꜱ ⓜ,Combinatozaurii,14,18,0,0.78,62,21,1631,24,toxic Ex gf,S
cpl_2026-03-02_1800_Mill_771089,2026-03-02,18:00,Mill,ᴍᴀᴅᴍᴇɴ ɪɴᴠɪᴛᴀᴛɪᴏɴᴀʟ ꜱ⁹,ᴍᴇᴅɪꜱᴘᴏʀᴛꜱ ⓜ,Combinatozaurii,16,14,0,1.14,73,50,3759,24,Han:seen:,S
cpl_2026-03-02_1800_Mill_771089,2026-03-02,18:00,Mill,ᴍᴀᴅᴍᴇɴ ɪɴᴠɪᴛᴀᴛɪᴏɴᴀʟ ꜱ⁹,ᴍᴇᴅɪꜱᴘᴏʀᴛꜱ ⓜ,Combinatozaurii,17,10,0,1.7,76,35,3589,24,Reno Duba,S
cpl_2026-03-02_1800_Mill_771089,2026-03-02,18:00,Mill,ᴍᴀᴅᴍᴇɴ ɪɴᴠɪᴛᴀᴛɪᴏɴᴀʟ ꜱ⁹,ᴍᴇᴅɪꜱᴘᴏʀᴛꜱ ⓜ,Combinatozaurii,27,16,6,1.69,77,52,4987,24,Bruce Willis Diehard,S
cpl_2026-03-02_1800_Mill_771089,2026-03-02,18:00,Mill,ᴍᴀᴅᴍᴇɴ ɪɴᴠɪᴛᴀᴛɪᴏɴᴀʟ ꜱ⁹,ᴍᴇᴅɪꜱᴘᴏʀᴛꜱ ⓜ,Combinatozaurii,10,23,0,0.43,60,0,3283,24,ⓜ | 8eeR,S
cpl_2026-03-02_1800_Mill_771089,2026-03-02,18:00,Mill,ᴍᴀᴅᴍᴇɴ ɪɴᴠɪᴛᴀᴛɪᴏɴᴀʟ ꜱ⁹,ᴍᴇᴅɪꜱᴘᴏʀᴛꜱ ⓜ,Combinatozaurii,19,19,0,1,72,42,3804,24,ⓜ | onebody,S
cpl_2026-03-02_1800_Mill_771089,2026-03-02,18:00,Mill,ᴍᴀᴅᴍᴇɴ ɪɴᴠɪᴛᴀᴛɪᴏɴᴀʟ ꜱ⁹,ᴍᴇᴅɪꜱᴘᴏʀᴛꜱ ⓜ,Combinatozaurii,7,18,0,0.39,76,43,1606,24,ⓜ | jazooka,S
cpl_2026-03-02_1800_Mill_771089,2026-03-02,18:00,Mill,ᴍᴀᴅᴍᴇɴ ɪɴᴠɪᴛᴀᴛɪᴏɴᴀʟ ꜱ⁹,ᴍᴇᴅɪꜱᴘᴏʀᴛꜱ ⓜ,Combinatozaurii,16,17,4,0.94,71,6,2793,24,ⓜ | GreekFreakKief,S
cpl_2026-03-02_1800_Mill_771089,2026-03-02,18:00,Mill,ᴍᴀᴅᴍᴇɴ ɪɴᴠɪᴛᴀᴛɪᴏɴᴀʟ ꜱ⁹,ᴍᴇᴅɪꜱᴘᴏʀᴛꜱ ⓜ,Combinatozaurii,17,19,4,0.89,85,29,2614,24,ⓜ | Hunglow,S
cpl_2026-03-02_1600_Train_770879,2026-03-02,16:00,Train,ᴍᴀᴅᴍᴇɴ ɪɴᴠɪᴛᴀᴛɪᴏɴᴀʟ ꜱ⁹,ᴍᴇᴅɪꜱᴘᴏʀᴛꜱ ⓜ,CS 4 EVER,22,22,8,1,65,35,3532,28,Kayjay,A
cpl_2026-03-02_1600_Train_770879,2026-03-02,16:00,Train,ᴍᴀᴅᴍᴇɴ ɪɴᴠɪᴛᴀᴛɪᴏɴᴀʟ ꜱ⁹,ᴍᴇᴅɪꜱᴘᴏʀᴛꜱ ⓜ,CS 4 EVER,18,20,4,0.9,65,35,4140,28,Ferrari,A
cpl_2026-03-02_1600_Train_770879,2026-03-02,16:00,Train,ᴍᴀᴅᴍᴇɴ ɪɴᴠɪᴛᴀᴛɪᴏɴᴀʟ ꜱ⁹,ᴍᴇᴅɪꜱᴘᴏʀᴛꜱ ⓜ,CS 4 EVER,15,18,0,0.83,65,29,2324,28,Kowa,A
cpl_2026-03-02_1600_Train_770879,2026-03-02,16:00,Train,ᴍᴀᴅᴍᴇɴ ɪɴᴠɪᴛᴀᴛɪᴏɴᴀʟ ꜱ⁹,ᴍᴇᴅɪꜱᴘᴏʀᴛꜱ ⓜ,CS 4 EVER,18,18,0,1,69,18,2422,28,Maradona,A
cpl_2026-03-02_1600_Train_770879,2026-03-02,16:00,Train,ᴍᴀᴅᴍᴇɴ ɪɴᴠɪᴛᴀᴛɪᴏɴᴀʟ ꜱ⁹,ᴍᴇᴅɪꜱᴘᴏʀᴛꜱ ⓜ,CS 4 EVER,10,17,0,0.59,61,50,2340,28,FaengZ,A
cpl_2026-03-02_1600_Train_770879,2026-03-02,16:00,Train,ᴍᴀᴅᴍᴇɴ ɪɴᴠɪᴛᴀᴛɪᴏɴᴀʟ ꜱ⁹,ᴍᴇᴅɪꜱᴘᴏʀᴛꜱ ⓜ,CS 4 EVER,11,17,0,0.65,65,9,2289,28,ⓜ | 8eeR,A
cpl_2026-03-02_1600_Train_770879,2026-03-02,16:00,Train,ᴍᴀᴅᴍᴇɴ ɪɴᴠɪᴛᴀᴛɪᴏɴᴀʟ ꜱ⁹,ᴍᴇᴅɪꜱᴘᴏʀᴛꜱ ⓜ,CS 4 EVER,20,18,0,1.11,65,30,3774,28,ⓜ | onebody,A
cpl_2026-03-02_1600_Train_770879,2026-03-02,16:00,Train,ᴍᴀᴅᴍᴇɴ ɪɴᴠɪᴛᴀᴛɪᴏɴᴀʟ ꜱ⁹,ᴍᴇᴅɪꜱᴘᴏʀᴛꜱ ⓜ,CS 4 EVER,31,15,15,2.07,75,52,5429,28,ⓜ | jazooka,A
cpl_2026-03-02_1600_Train_770879,2026-03-02,16:00,Train,ᴍᴀᴅᴍᴇɴ ɪɴᴠɪᴛᴀᴛɪᴏɴᴀʟ ꜱ⁹,ᴍᴇᴅɪꜱᴘᴏʀᴛꜱ ⓜ,CS 4 EVER,18,17,1,1.06,74,39,3431,28,ⓜ | GreekFreakKief,A
cpl_2026-03-02_1600_Train_770879,2026-03-02,16:00,Train,ᴍᴀᴅᴍᴇɴ ɪɴᴠɪᴛᴀᴛɪᴏɴᴀʟ ꜱ⁹,ᴍᴇᴅɪꜱᴘᴏʀᴛꜱ ⓜ,CS 4 EVER,15,16,0,0.94,64,13,1981,28,ⓜ | Hunglow,A
cpl_2026-03-01_2000_Train_770751,2026-03-01,20:00,Train,ᴍᴀᴅᴍᴇɴ ɪɴʜᴏᴜꜱᴇ ᴄᴜᴘ ꜱ9,ᴍᴇᴅɪꜱᴘᴏʀᴛꜱ ⓜ,@m8s,11,17,0,0.65,54,9,2205,29,ⓜ | 8eeR,B
cpl_2026-03-01_2000_Train_770751,2026-03-01,20:00,Train,ᴍᴀᴅᴍᴇɴ ɪɴʜᴏᴜꜱᴇ ᴄᴜᴘ ꜱ9,ᴍᴇᴅɪꜱᴘᴏʀᴛꜱ ⓜ,@m8s,24,19,3,1.26,68,50,4582,29,ⓜ | onebody,B
cpl_2026-03-01_2000_Train_770751,2026-03-01,20:00,Train,ᴍᴀᴅᴍᴇɴ ɪɴʜᴏᴜꜱᴇ ᴄᴜᴘ ꜱ9,ᴍᴇᴅɪꜱᴘᴏʀᴛꜱ ⓜ,@m8s,27,17,13,1.59,74,52,6072,29,ⓜ | jazooka,B
cpl_2026-03-01_2000_Train_770751,2026-03-01,20:00,Train,ᴍᴀᴅᴍᴇɴ ɪɴʜᴏᴜꜱᴇ ᴄᴜᴘ ꜱ9,ᴍᴇᴅɪꜱᴘᴏʀᴛꜱ ⓜ,@m8s,22,19,0,1.16,64,45,4260,29,ⓜ | GreekFreakKief,B
cpl_2026-03-01_2000_Train_770751,2026-03-01,20:00,Train,ᴍᴀᴅᴍᴇɴ ɪɴʜᴏᴜꜱᴇ ᴄᴜᴘ ꜱ9,ᴍᴇᴅɪꜱᴘᴏʀᴛꜱ ⓜ,@m8s,17,15,0,1.13,48,47,3837,29,ⓜ | Hunglow,B
cpl_2026-03-01_2000_Train_770751,2026-03-01,20:00,Train,ᴍᴀᴅᴍᴇɴ ɪɴʜᴏᴜꜱᴇ ᴄᴜᴘ ꜱ9,ᴍᴇᴅɪꜱᴘᴏʀᴛꜱ ⓜ,@m8s,12,24,0,0.5,67,42,1685,29,Taras,B
cpl_2026-03-01_2000_Train_770751,2026-03-01,20:00,Train,ᴍᴀᴅᴍᴇɴ ɪɴʜᴏᴜꜱᴇ ᴄᴜᴘ ꜱ9,ᴍᴇᴅɪꜱᴘᴏʀᴛꜱ ⓜ,@m8s,14,19,2,0.74,72,50,3166,29,@m8s Leonardo,B
cpl_2026-03-01_2000_Train_770751,2026-03-01,20:00,Train,ᴍᴀᴅᴍᴇɴ ɪɴʜᴏᴜꜱᴇ ᴄᴜᴘ ꜱ9,ᴍᴇᴅɪꜱᴘᴏʀᴛꜱ ⓜ,@m8s,11,21,0,0.52,71,45,2063,29,@m8s Lenoid,B
cpl_2026-03-01_2000_Train_770751,2026-03-01,20:00,Train,ᴍᴀᴅᴍᴇɴ ɪɴʜᴏᴜꜱᴇ ᴄᴜᴘ ꜱ9,ᴍᴇᴅɪꜱᴘᴏʀᴛꜱ ⓜ,@m8s,15,17,2,0.88,74,27,3926,29,*Rasmus S.,B
cpl_2026-03-01_2000_Train_770751,2026-03-01,20:00,Train,ᴍᴀᴅᴍᴇɴ ɪɴʜᴏᴜꜱᴇ ᴄᴜᴘ ꜱ9,ᴍᴇᴅɪꜱᴘᴏʀᴛꜱ ⓜ,@m8s,35,20,9,1.75,76,49,5161,29,Anni,B
cpl_2026-03-01_1800_Mill_770260,2026-03-01,18:00,Mill,ᴍᴀᴅᴍᴇɴ ɪɴʜᴏᴜꜱᴇ ᴄᴜᴘ ꜱ9,ᴍᴇᴅɪꜱᴘᴏʀᴛꜱ ⓜ,вяαιηѕтσям,11,18,0,0.61,73,36,2561,24,Finn,A
cpl_2026-03-01_1800_Mill_770260,2026-03-01,18:00,Mill,ᴍᴀᴅᴍᴇɴ ɪɴʜᴏᴜꜱᴇ ᴄᴜᴘ ꜱ9,ᴍᴇᴅɪꜱᴘᴏʀᴛꜱ ⓜ,вяαιηѕтσям,18,13,4,1.38,74,44,3521,24,Ronja,A
cpl_2026-03-01_1800_Mill_770260,2026-03-01,18:00,Mill,ᴍᴀᴅᴍᴇɴ ɪɴʜᴏᴜꜱᴇ ᴄᴜᴘ ꜱ9,ᴍᴇᴅɪꜱᴘᴏʀᴛꜱ ⓜ,вяαιηѕтσям,16,13,0,1.23,74,56,3440,24,Heino,A
cpl_2026-03-01_1800_Mill_770260,2026-03-01,18:00,Mill,ᴍᴀᴅᴍᴇɴ ɪɴʜᴏᴜꜱᴇ ᴄᴜᴘ ꜱ9,ᴍᴇᴅɪꜱᴘᴏʀᴛꜱ ⓜ,вяαιηѕтσям,21,11,0,1.91,84,43,3360,24,PatZa,A
cpl_2026-03-01_1800_Mill_770260,2026-03-01,18:00,Mill,ᴍᴀᴅᴍᴇɴ ɪɴʜᴏᴜꜱᴇ ᴄᴜᴘ ꜱ9,ᴍᴇᴅɪꜱᴘᴏʀᴛꜱ ⓜ,вяαιηѕтσям,23,18,12,1.28,73,70,5692,24,Holger,A
cpl_2026-03-01_1800_Mill_770260,2026-03-01,18:00,Mill,ᴍᴀᴅᴍᴇɴ ɪɴʜᴏᴜꜱᴇ ᴄᴜᴘ ꜱ9,ᴍᴇᴅɪꜱᴘᴏʀᴛꜱ ⓜ,вяαιηѕтσям,8,19,1,0.42,76,63,2351,24,ⓜ | 8eeR,A
cpl_2026-03-01_1800_Mill_770260,2026-03-01,18:00,Mill,ᴍᴀᴅᴍᴇɴ ɪɴʜᴏᴜꜱᴇ ᴄᴜᴘ ꜱ9,ᴍᴇᴅɪꜱᴘᴏʀᴛꜱ ⓜ,вяαιηѕтσям,20,19,1,1.05,63,40,2923,24,ⓜ | onebody,A
cpl_2026-03-01_1800_Mill_770260,2026-03-01,18:00,Mill,ᴍᴀᴅᴍᴇɴ ɪɴʜᴏᴜꜱᴇ ᴄᴜᴘ ꜱ9,ᴍᴇᴅɪꜱᴘᴏʀᴛꜱ ⓜ,вяαιηѕтσям,25,17,5,1.47,75,48,4797,24,ⓜ | jazooka,A
cpl_2026-03-01_1800_Mill_770260,2026-03-01,18:00,Mill,ᴍᴀᴅᴍᴇɴ ɪɴʜᴏᴜꜱᴇ ᴄᴜᴘ ꜱ9,ᴍᴇᴅɪꜱᴘᴏʀᴛꜱ ⓜ,вяαιηѕтσям,15,17,1,0.88,76,47,3581,24,ⓜ | GreekFreakKief,A
cpl_2026-03-01_1800_Mill_770260,2026-03-01,18:00,Mill,ᴍᴀᴅᴍᴇɴ ɪɴʜᴏᴜꜱᴇ ᴄᴜᴘ ꜱ9,ᴍᴇᴅɪꜱᴘᴏʀᴛꜱ ⓜ,вяαιηѕтσям,5,17,0,0.29,53,40,1570,24,ⓜ | Hunglow,A
cpl_2026-02-28_2000_Train_770159,2026-02-28,20:00,Train,ᴍᴀᴅᴍᴇɴ ɪɴʜᴏᴜꜱᴇ ᴄᴜᴘ ꜱ9,ᴍᴇᴅɪꜱᴘᴏʀᴛꜱ ⓜ,lost in ԁαʀκηєѕѕ,18,9,14,2,65,50,2197,20,~LiD~ CioBAM,B
cpl_2026-02-28_2000_Train_770159,2026-02-28,20:00,Train,ᴍᴀᴅᴍᴇɴ ɪɴʜᴏᴜꜱᴇ ᴄᴜᴘ ꜱ9,ᴍᴇᴅɪꜱᴘᴏʀᴛꜱ ⓜ,lost in ԁαʀκηєѕѕ,23,8,1,2.88,71,47,4118,20,~LiD~ WaGGy,B
cpl_2026-02-28_2000_Train_770159,2026-02-28,20:00,Train,ᴍᴀᴅᴍᴇɴ ɪɴʜᴏᴜꜱᴇ ᴄᴜᴘ ꜱ9,ᴍᴇᴅɪꜱᴘᴏʀᴛꜱ ⓜ,lost in ԁαʀκηєѕѕ,11,7,1,1.57,71,73,3122,20,~LiD~ Fel1ks,B
cpl_2026-02-28_2000_Train_770159,2026-02-28,20:00,Train,ᴍᴀᴅᴍᴇɴ ɪɴʜᴏᴜꜱᴇ ᴄᴜᴘ ꜱ9,ᴍᴇᴅɪꜱᴘᴏʀᴛꜱ ⓜ,lost in ԁαʀκηєѕѕ,15,6,0,2.5,68,47,2759,20,~LiD~ RieR0,B
cpl_2026-02-28_2000_Train_770159,2026-02-28,20:00,Train,ᴍᴀᴅᴍᴇɴ ɪɴʜᴏᴜꜱᴇ ᴄᴜᴘ ꜱ9,ᴍᴇᴅɪꜱᴘᴏʀᴛꜱ ⓜ,lost in ԁαʀκηєѕѕ,14,9,0,1.56,74,43,3286,20,~LiD~ 0NU,B
cpl_2026-02-28_2000_Train_770159,2026-02-28,20:00,Train,ᴍᴀᴅᴍᴇɴ ɪɴʜᴏᴜꜱᴇ ᴄᴜᴘ ꜱ9,ᴍᴇᴅɪꜱᴘᴏʀᴛꜱ ⓜ,lost in ԁαʀκηєѕѕ,5,16,0,0.31,100,40,828,20,ⓜ | 8eeR,B
cpl_2026-02-28_2000_Train_770159,2026-02-28,20:00,Train,ᴍᴀᴅᴍᴇɴ ɪɴʜᴏᴜꜱᴇ ᴄᴜᴘ ꜱ9,ᴍᴇᴅɪꜱᴘᴏʀᴛꜱ ⓜ,lost in ԁαʀκηєѕѕ,9,15,1,0.6,80,44,1519,20,ⓜ | onebody,B
cpl_2026-02-28_2000_Train_770159,2026-02-28,20:00,Train,ᴍᴀᴅᴍᴇɴ ɪɴʜᴏᴜꜱᴇ ᴄᴜᴘ ꜱ9,ᴍᴇᴅɪꜱᴘᴏʀᴛꜱ ⓜ,lost in ԁαʀκηєѕѕ,14,16,3,0.88,74,56,1428,20,ⓜ | jazooka,B
cpl_2026-02-28_2000_Train_770159,2026-02-28,20:00,Train,ᴍᴀᴅᴍᴇɴ ɪɴʜᴏᴜꜱᴇ ᴄᴜᴘ ꜱ9,ᴍᴇᴅɪꜱᴘᴏʀᴛꜱ ⓜ,lost in ԁαʀκηєѕѕ,6,17,0,0.35,71,33,1520,20,ⓜ | GreekFreakKief,B
cpl_2026-02-28_2000_Train_770159,2026-02-28,20:00,Train,ᴍᴀᴅᴍᴇɴ ɪɴʜᴏᴜꜱᴇ ᴄᴜᴘ ꜱ9,ᴍᴇᴅɪꜱᴘᴏʀᴛꜱ ⓜ,lost in ԁαʀκηєѕѕ,5,17,0,0.29,75,20,997,20,ⓜ | Hunglow,B
cpl_2026-02-28_1800_Mill_769625,2026-02-28,18:00,Mill,ᴍᴀᴅᴍᴇɴ ɪɴʜᴏᴜꜱᴇ ᴄᴜᴘ ꜱ9,ᴍᴇᴅɪꜱᴘᴏʀᴛꜱ ⓜ,ɢɪɴᴋɢᴏ,8,25,0,0.32,61,50,2086,28,ⓜ | 8eeR,A
cpl_2026-02-28_1800_Mill_769625,2026-02-28,18:00,Mill,ᴍᴀᴅᴍᴇɴ ɪɴʜᴏᴜꜱᴇ ᴄᴜᴘ ꜱ9,ᴍᴇᴅɪꜱᴘᴏʀᴛꜱ ⓜ,ɢɪɴᴋɢᴏ,19,22,2,0.86,73,58,4142,28,ⓜ | onebody,A
cpl_2026-02-28_1800_Mill_769625,2026-02-28,18:00,Mill,ᴍᴀᴅᴍᴇɴ ɪɴʜᴏᴜꜱᴇ ᴄᴜᴘ ꜱ9,ᴍᴇᴅɪꜱᴘᴏʀᴛꜱ ⓜ,ɢɪɴᴋɢᴏ,20,18,1,1.11,65,45,4111,28,ⓜ | jazooka,A
cpl_2026-02-28_1800_Mill_769625,2026-02-28,18:00,Mill,ᴍᴀᴅᴍᴇɴ ɪɴʜᴏᴜꜱᴇ ᴄᴜᴘ ꜱ9,ᴍᴇᴅɪꜱᴘᴏʀᴛꜱ ⓜ,ɢɪɴᴋɢᴏ,22,17,1,1.29,63,27,4320,28,ⓜ | GreekFreakKief,A
cpl_2026-02-28_1800_Mill_769625,2026-02-28,18:00,Mill,ᴍᴀᴅᴍᴇɴ ɪɴʜᴏᴜꜱᴇ ᴄᴜᴘ ꜱ9,ᴍᴇᴅɪꜱᴘᴏʀᴛꜱ ⓜ,ɢɪɴᴋɢᴏ,13,19,8,0.68,53,46,3163,28,ⓜ | Hunglow,A
cpl_2026-02-28_1800_Mill_769625,2026-02-28,18:00,Mill,ᴍᴀᴅᴍᴇɴ ɪɴʜᴏᴜꜱᴇ ᴄᴜᴘ ꜱ9,ᴍᴇᴅɪꜱᴘᴏʀᴛꜱ ⓜ,ɢɪɴᴋɢᴏ,20,20,10,1,70,45,3181,28,JaRam,A
cpl_2026-02-28_1800_Mill_769625,2026-02-28,18:00,Mill,ᴍᴀᴅᴍᴇɴ ɪɴʜᴏᴜꜱᴇ ᴄᴜᴘ ꜱ9,ᴍᴇᴅɪꜱᴘᴏʀᴛꜱ ⓜ,ɢɪɴᴋɢᴏ,12,15,1,0.8,76,45,2486,28,GKO brozen,A
cpl_2026-02-28_1800_Mill_769625,2026-02-28,18:00,Mill,ᴍᴀᴅᴍᴇɴ ɪɴʜᴏᴜꜱᴇ ᴄᴜᴘ ꜱ9,ᴍᴇᴅɪꜱᴘᴏʀᴛꜱ ⓜ,ɢɪɴᴋɢᴏ,17,16,0,1.06,68,53,3756,28,GKO Wristzz,A
cpl_2026-02-28_1800_Mill_769625,2026-02-28,18:00,Mill,ᴍᴀᴅᴍᴇɴ ɪɴʜᴏᴜꜱᴇ ᴄᴜᴘ ꜱ9,ᴍᴇᴅɪꜱᴘᴏʀᴛꜱ ⓜ,ɢɪɴᴋɢᴏ,22,15,0,1.47,79,41,4170,28,Fred Testo,A
cpl_2026-02-28_1800_Mill_769625,2026-02-28,18:00,Mill,ᴍᴀᴅᴍᴇɴ ɪɴʜᴏᴜꜱᴇ ᴄᴜᴘ ꜱ9,ᴍᴇᴅɪꜱᴘᴏʀᴛꜱ ⓜ,ɢɪɴᴋɢᴏ,30,16,5,1.88,74,33,4659,28,GKO groky,A
cpl_2026-02-27_2000_Train_769572,2026-02-27,20:00,Train,ᴍᴀᴅᴍᴇɴ ɪɴʜᴏᴜꜱᴇ ᴄᴜᴘ ꜱ9,ᴍᴇᴅɪꜱᴘᴏʀᴛꜱ ⓜ,Dragon Army,9,15,0,0.6,74,78,2763,17,ⓜ | 8eeR,C
cpl_2026-02-27_2000_Train_769572,2026-02-27,20:00,Train,ᴍᴀᴅᴍᴇɴ ɪɴʜᴏᴜꜱᴇ ᴄᴜᴘ ꜱ9,ᴍᴇᴅɪꜱᴘᴏʀᴛꜱ ⓜ,Dragon Army,50,4,13,12.5,76,32,8823,17,ⓜ | onebody,C
cpl_2026-02-27_2000_Train_769572,2026-02-27,20:00,Train,ᴍᴀᴅᴍᴇɴ ɪɴʜᴏᴜꜱᴇ ᴄᴜᴘ ꜱ9,ᴍᴇᴅɪꜱᴘᴏʀᴛꜱ ⓜ,Dragon Army,14,2,0,7,78,18,1412,17,ⓜ | jazooka,C
cpl_2026-02-27_2000_Train_769572,2026-02-27,20:00,Train,ᴍᴀᴅᴍᴇɴ ɪɴʜᴏᴜꜱᴇ ᴄᴜᴘ ꜱ9,ᴍᴇᴅɪꜱᴘᴏʀᴛꜱ ⓜ,Dragon Army,3,1,0,3,62,33,1355,17,ⓜ | GreekFreakKief,C
cpl_2026-02-27_2000_Train_769572,2026-02-27,20:00,Train,ᴍᴀᴅᴍᴇɴ ɪɴʜᴏᴜꜱᴇ ᴄᴜᴘ ꜱ9,ᴍᴇᴅɪꜱᴘᴏʀᴛꜱ ⓜ,Dragon Army,7,5,3,1.4,54,29,1484,17,ⓜ | Hunglow,C
cpl_2026-02-27_2000_Train_769572,2026-02-27,20:00,Train,ᴍᴀᴅᴍᴇɴ ɪɴʜᴏᴜꜱᴇ ᴄᴜᴘ ꜱ9,ᴍᴇᴅɪꜱᴘᴏʀᴛꜱ ⓜ,Dragon Army,4,17,0,0.24,69,25,1260,17,MW,C
cpl_2026-02-27_2000_Train_769572,2026-02-27,20:00,Train,ᴍᴀᴅᴍᴇɴ ɪɴʜᴏᴜꜱᴇ ᴄᴜᴘ ꜱ9,ᴍᴇᴅɪꜱᴘᴏʀᴛꜱ ⓜ,Dragon Army,7,17,1,0.41,80,71,2325,17,Salty,C
cpl_2026-02-27_2000_Train_769572,2026-02-27,20:00,Train,ᴍᴀᴅᴍᴇɴ ɪɴʜᴏᴜꜱᴇ ᴄᴜᴘ ꜱ9,ᴍᴇᴅɪꜱᴘᴏʀᴛꜱ ⓜ,Dragon Army,6,17,0,0.35,89,33,654,17,Asmo,C
cpl_2026-02-27_2000_Train_769572,2026-02-27,20:00,Train,ᴍᴀᴅᴍᴇɴ ɪɴʜᴏᴜꜱᴇ ᴄᴜᴘ ꜱ9,ᴍᴇᴅɪꜱᴘᴏʀᴛꜱ ⓜ,Dragon Army,6,16,0,0.38,69,33,1512,17,Ed,C
cpl_2026-02-27_2000_Train_769572,2026-02-27,20:00,Train,ᴍᴀᴅᴍᴇɴ ɪɴʜᴏᴜꜱᴇ ᴄᴜᴘ ꜱ9,ᴍᴇᴅɪꜱᴘᴏʀᴛꜱ ⓜ,Dragon Army,4,16,0,0.25,79,0,986,17,Canadian,C
cpl_2026-02-27_1800_Train_768954,2026-02-27,18:00,Train,ᴍᴀᴅᴍᴇɴ ɪɴʜᴏᴜꜱᴇ ᴄᴜᴘ ꜱ9,ᴍᴇᴅɪꜱᴘᴏʀᴛꜱ ⓜ,Bot Team #5958,14,5,1,2.8,73,50,3591,16,ⓜ | 8eeR,C
cpl_2026-02-27_1800_Train_768954,2026-02-27,18:00,Train,ᴍᴀᴅᴍᴇɴ ɪɴʜᴏᴜꜱᴇ ᴄᴜᴘ ꜱ9,ᴍᴇᴅɪꜱᴘᴏʀᴛꜱ ⓜ,Bot Team #5958,12,1,0,12,73,33,2960,16,ⓜ | onebody,C
cpl_2026-02-27_1800_Train_768954,2026-02-27,18:00,Train,ᴍᴀᴅᴍᴇɴ ɪɴʜᴏᴜꜱᴇ ᴄᴜᴘ ꜱ9,ᴍᴇᴅɪꜱᴘᴏʀᴛꜱ ⓜ,Bot Team #5958,20,1,0,20,70,65,4024,16,ⓜ | jazooka,C
cpl_2026-02-27_1800_Train_768954,2026-02-27,18:00,Train,ᴍᴀᴅᴍᴇɴ ɪɴʜᴏᴜꜱᴇ ᴄᴜᴘ ꜱ9,ᴍᴇᴅɪꜱᴘᴏʀᴛꜱ ⓜ,Bot Team #5958,13,1,1,13,80,46,2870,16,ⓜ | GreekFreakKief,C
cpl_2026-02-27_1800_Train_768954,2026-02-27,18:00,Train,ᴍᴀᴅᴍᴇɴ ɪɴʜᴏᴜꜱᴇ ᴄᴜᴘ ꜱ9,ᴍᴇᴅɪꜱᴘᴏʀᴛꜱ ⓜ,Bot Team #5958,21,8,14,2.63,58,29,5965,16,ⓜ | Hunglow,C
cpl_2026-02-27_1800_Train_768954,2026-02-27,18:00,Train,ᴍᴀᴅᴍᴇɴ ɪɴʜᴏᴜꜱᴇ ᴄᴜᴘ ꜱ9,ᴍᴇᴅɪꜱᴘᴏʀᴛꜱ ⓜ,Bot Team #5958,3,16,0,0.19,71,33,890,16,Player #35743,C
cpl_2026-02-27_1800_Train_768954,2026-02-27,18:00,Train,ᴍᴀᴅᴍᴇɴ ɪɴʜᴏᴜꜱᴇ ᴄᴜᴘ ꜱ9,ᴍᴇᴅɪꜱᴘᴏʀᴛꜱ ⓜ,Bot Team #5958,3,16,0,0.19,63,0,1118,16,Player #35744,C
cpl_2026-02-27_1800_Train_768954,2026-02-27,18:00,Train,ᴍᴀᴅᴍᴇɴ ɪɴʜᴏᴜꜱᴇ ᴄᴜᴘ ꜱ9,ᴍᴇᴅɪꜱᴘᴏʀᴛꜱ ⓜ,Bot Team #5958,7,16,0,0.44,46,43,1426,16,Player #35745,C
cpl_2026-02-27_1800_Train_768954,2026-02-27,18:00,Train,ᴍᴀᴅᴍᴇɴ ɪɴʜᴏᴜꜱᴇ ᴄᴜᴘ ꜱ9,ᴍᴇᴅɪꜱᴘᴏʀᴛꜱ ⓜ,Bot Team #5958,1,16,0,0.06,53,100,412,16,Player #35746,C
cpl_2026-02-27_1800_Train_768954,2026-02-27,18:00,Train,ᴍᴀᴅᴍᴇɴ ɪɴʜᴏᴜꜱᴇ ᴄᴜᴘ ꜱ9,ᴍᴇᴅɪꜱᴘᴏʀᴛꜱ ⓜ,Bot Team #5958,2,16,0,0.13,68,50,1110,16,Player #35747,C
