match_id,date,time,map,competition,my_team,opponent_team,side,tactic_name,wins,losses,total_rounds,win_rate_pct,
cpl_2026-03-05_1800_Castle_821424,2026-03-05,18:00,Castle,ᴍᴀᴅᴍᴇɴ ᴄᴀꜱᴛʟᴇ ʙᴏᴏᴛᴄᴀᴍᴘ ꜱ¹⁰,ᴍᴇᴅɪꜱᴘᴏʀᴛꜱ ⓜ,вяαιηѕтσям,Red,(P) A1 > Medi Full Push Main w/ Flash,1,1,2,50,
cpl_2026-03-05_1800_Castle_821424,2026-03-05,18:00,Castle,ᴍᴀᴅᴍᴇɴ ᴄᴀꜱᴛʟᴇ ʙᴏᴏᴛᴄᴀᴍᴘ ꜱ¹⁰,ᴍᴇᴅɪꜱᴘᴏʀᴛꜱ ⓜ,вяαιηѕтσям,Red,(E) AB1 Medispliot Cross Doors>Split,0,1,1,0,
cpl_2026-03-05_1800_Castle_821424,2026-03-05,18:00,Castle,ᴍᴀᴅᴍᴇɴ ᴄᴀꜱᴛʟᴇ ʙᴏᴏᴛᴄᴀᴍᴘ ꜱ¹⁰,ᴍᴇᴅɪꜱᴘᴏʀᴛꜱ ⓜ,вяαιηѕтσям,Red,(E) A2 > Medi Full Push Main w/ Flash,0,1,1,0,
cpl_2026-03-05_1800_Castle_821424,2026-03-05,18:00,Castle,ᴍᴀᴅᴍᴇɴ ᴄᴀꜱᴛʟᴇ ʙᴏᴏᴛᴄᴀᴍᴘ ꜱ¹⁰,ᴍᴇᴅɪꜱᴘᴏʀᴛꜱ ⓜ,вяαιηѕтσям,Red,(S) B1 innercia Push,1,1,2,50,
cpl_2026-03-05_1800_Castle_821424,2026-03-05,18:00,Castle,ᴍᴀᴅᴍᴇɴ ᴄᴀꜱᴛʟᴇ ʙᴏᴏᴛᴄᴀᴍᴘ ꜱ¹⁰,ᴍᴇᴅɪꜱᴘᴏʀᴛꜱ ⓜ,вяαιηѕтσям,Blue,(P) A1 Medi A10 First #1,1,2,3,33,
cpl_2026-03-05_1800_Castle_821424,2026-03-05,18:00,Castle,ᴍᴀᴅᴍᴇɴ ᴄᴀꜱᴛʟᴇ ʙᴏᴏᴛᴄᴀᴍᴘ ꜱ¹⁰,ᴍᴇᴅɪꜱᴘᴏʀᴛꜱ ⓜ,вяαιηѕтσям,Blue,(E) B1 Mid hold > Wait Tuns > 1 B,0,2,2,0,
cpl_2026-03-05_1800_Castle_821424,2026-03-05,18:00,Castle,ᴍᴀᴅᴍᴇɴ ᴄᴀꜱᴛʟᴇ ʙᴏᴏᴛᴄᴀᴍᴘ ꜱ¹⁰,ᴍᴇᴅɪꜱᴘᴏʀᴛꜱ ⓜ,вяαιηѕтσям,Blue,(S) AB1 The MedingaporianZ Hold ?,0,2,2,0,
cpl_2026-03-05_1800_Castle_821424,2026-03-05,18:00,Castle,ᴍᴀᴅᴍᴇɴ ᴄᴀꜱᴛʟᴇ ʙᴏᴏᴛᴄᴀᴍᴘ ꜱ¹⁰,ᴍᴇᴅɪꜱᴘᴏʀᴛꜱ ⓜ,вяαιηѕтσям,Blue,(S) B2 Hold Tunnels Hold > PAX Wait,1,2,3,33,
cpl_2026-03-05_1800_Castle_821424,2026-03-05,18:00,Castle,ᴍᴀᴅᴍᴇɴ ᴄᴀꜱᴛʟᴇ ʙᴏᴏᴛᴄᴀᴍᴘ ꜱ¹⁰,ᴍᴇᴅɪꜱᴘᴏʀᴛꜱ ⓜ,вяαιηѕтσям,Blue,(S) A4/Mid Bait > Hold Mid (Must Have),1,2,3,33,
cpl_2026-03-05_1800_Castle_821424,2026-03-05,18:00,Castle,ᴍᴀᴅᴍᴇɴ ᴄᴀꜱᴛʟᴇ ʙᴏᴏᴛᴄᴀᴍᴘ ꜱ¹⁰,ᴍᴇᴅɪꜱᴘᴏʀᴛꜱ ⓜ,вяαιηѕтσям,Blue,(S) AB2 Mamba Defence New FixAP,0,2,2,0,
cpl_2026-03-04_2000_Castle_821198,2026-03-04,20:00,Castle,ᴍᴀᴅᴍᴇɴ ᴄᴀꜱᴛʟᴇ ʙᴏᴏᴛᴄᴀᴍᴘ ꜱ¹⁰,ᴍᴇᴅɪꜱᴘᴏʀᴛꜱ ⓜ,мεεт тʜε ѕтαяꜱ,Red,(P) A1 > Medi Full Push Main w/ Flash,6,0,6,100,
cpl_2026-03-04_2000_Castle_821198,2026-03-04,20:00,Castle,ᴍᴀᴅᴍᴇɴ ᴄᴀꜱᴛʟᴇ ʙᴏᴏᴛᴄᴀᴍᴘ ꜱ¹⁰,ᴍᴇᴅɪꜱᴘᴏʀᴛꜱ ⓜ,мεεт тʜε ѕтαяꜱ,Blue,(E) A1 Medi A10 First #1,0,1,1,0,
cpl_2026-03-04_2000_Castle_821198,2026-03-04,20:00,Castle,ᴍᴀᴅᴍᴇɴ ᴄᴀꜱᴛʟᴇ ʙᴏᴏᴛᴄᴀᴍᴘ ꜱ¹⁰,ᴍᴇᴅɪꜱᴘᴏʀᴛꜱ ⓜ,мεεт тʜε ѕтαяꜱ,Blue,(E) B1 Mid hold > Wait Tuns > 1 B,1,1,2,50,
cpl_2026-03-04_2000_Castle_821198,2026-03-04,20:00,Castle,ᴍᴀᴅᴍᴇɴ ᴄᴀꜱᴛʟᴇ ʙᴏᴏᴛᴄᴀᴍᴘ ꜱ¹⁰,ᴍᴇᴅɪꜱᴘᴏʀᴛꜱ ⓜ,мεεт тʜε ѕтαяꜱ,Blue,(S) A1 Medi A10 First,1,1,2,50,
cpl_2026-03-04_2000_Castle_821198,2026-03-04,20:00,Castle,ᴍᴀᴅᴍᴇɴ ᴄᴀꜱᴛʟᴇ ʙᴏᴏᴛᴄᴀᴍᴘ ꜱ¹⁰,ᴍᴇᴅɪꜱᴘᴏʀᴛꜱ ⓜ,мεεт тʜε ѕтαяꜱ,Blue,(S) AB2 Mamba Defence New FixAP,0,1,1,0,
cpl_2026-03-04_2000_Castle_821198,2026-03-04,20:00,Castle,ᴍᴀᴅᴍᴇɴ ᴄᴀꜱᴛʟᴇ ʙᴏᴏᴛᴄᴀᴍᴘ ꜱ¹⁰,ᴍᴇᴅɪꜱᴘᴏʀᴛꜱ ⓜ,мεεт тʜε ѕтαяꜱ,Blue,(S) AB1 The MedingaporianZ Hold,0,1,1,0,
cpl_2026-03-04_2000_Castle_821198,2026-03-04,20:00,Castle,ᴍᴀᴅᴍᴇɴ ᴄᴀꜱᴛʟᴇ ʙᴏᴏᴛᴄᴀᴍᴘ ꜱ¹⁰,ᴍᴇᴅɪꜱᴘᴏʀᴛꜱ ⓜ,мεεт тʜε ѕтαяꜱ,Blue,(S) B2 Hold Tunnels Hold > PAX Wait,8,0,8,100,
cpl_2026-03-04_1800_Castle_821192,2026-03-04,18:00,Castle,ᴍᴀᴅᴍᴇɴ ᴄᴀꜱᴛʟᴇ ʙᴏᴏᴛᴄᴀᴍᴘ ꜱ¹⁰,ᴍᴇᴅɪꜱᴘᴏʀᴛꜱ ⓜ,ꜱᴛᴀᴠᴀɴɢᴇʀ,Red,(P) A1 > Medi Full Push Main w/ Flash,3,1,4,75,
cpl_2026-03-04_1800_Castle_821192,2026-03-04,18:00,Castle,ᴍᴀᴅᴍᴇɴ ᴄᴀꜱᴛʟᴇ ʙᴏᴏᴛᴄᴀᴍᴘ ꜱ¹⁰,ᴍᴇᴅɪꜱᴘᴏʀᴛꜱ ⓜ,ꜱᴛᴀᴠᴀɴɢᴇʀ,Red,(S) AB2 Medi Lurk B > Hoss A AP Split,6,0,6,100,
cpl_2026-03-04_1800_Castle_821192,2026-03-04,18:00,Castle,ᴍᴀᴅᴍᴇɴ ᴄᴀꜱᴛʟᴇ ʙᴏᴏᴛᴄᴀᴍᴘ ꜱ¹⁰,ᴍᴇᴅɪꜱᴘᴏʀᴛꜱ ⓜ,ꜱᴛᴀᴠᴀɴɢᴇʀ,Blue,(E) A1 Medi A10 First #1,0,2,2,0,
cpl_2026-03-04_1800_Castle_821192,2026-03-04,18:00,Castle,ᴍᴀᴅᴍᴇɴ ᴄᴀꜱᴛʟᴇ ʙᴏᴏᴛᴄᴀᴍᴘ ꜱ¹⁰,ᴍᴇᴅɪꜱᴘᴏʀᴛꜱ ⓜ,ꜱᴛᴀᴠᴀɴɢᴇʀ,Blue,(E) B1 Mid hold > Wait Tuns > 1 B,0,1,1,0,
cpl_2026-03-04_1800_Castle_821192,2026-03-04,18:00,Castle,ᴍᴀᴅᴍᴇɴ ᴄᴀꜱᴛʟᴇ ʙᴏᴏᴛᴄᴀᴍᴘ ꜱ¹⁰,ᴍᴇᴅɪꜱᴘᴏʀᴛꜱ ⓜ,ꜱᴛᴀᴠᴀɴɢᴇʀ,Blue,(S) B2 Hold Tunnels Hold > PAX Wait,4,1,5,80,
cpl_2026-03-04_1800_Castle_821192,2026-03-04,18:00,Castle,ᴍᴀᴅᴍᴇɴ ᴄᴀꜱᴛʟᴇ ʙᴏᴏᴛᴄᴀᴍᴘ ꜱ¹⁰,ᴍᴇᴅɪꜱᴘᴏʀᴛꜱ ⓜ,ꜱᴛᴀᴠᴀɴɢᴇʀ,Blue,(S) AB2 Mamba Defence New FixAP,0,1,1,0,
cpl_2026-03-04_1800_Castle_821192,2026-03-04,18:00,Castle,ᴍᴀᴅᴍᴇɴ ᴄᴀꜱᴛʟᴇ ʙᴏᴏᴛᴄᴀᴍᴘ ꜱ¹⁰,ᴍᴇᴅɪꜱᴘᴏʀᴛꜱ ⓜ,ꜱᴛᴀᴠᴀɴɢᴇʀ,Blue,(S) A4/Mid Bait > Hold Mid (Must Have),2,1,3,67,
cpl_2026-03-04_1800_Castle_821192,2026-03-04,18:00,Castle,ᴍᴀᴅᴍᴇɴ ᴄᴀꜱᴛʟᴇ ʙᴏᴏᴛᴄᴀᴍᴘ ꜱ¹⁰,ᴍᴇᴅɪꜱᴘᴏʀᴛꜱ ⓜ,ꜱᴛᴀᴠᴀɴɢᴇʀ,Blue,(S) A1 Medi A10 First,0,1,1,0,
cpl_2026-03-04_1800_Castle_821192,2026-03-04,18:00,Castle,ᴍᴀᴅᴍᴇɴ ᴄᴀꜱᴛʟᴇ ʙᴏᴏᴛᴄᴀᴍᴘ ꜱ¹⁰,ᴍᴇᴅɪꜱᴘᴏʀᴛꜱ ⓜ,ꜱᴛᴀᴠᴀɴɢᴇʀ,Blue,(S) AB1 The MedingaporianZ Hold,1,1,2,50,
cpl_2026-03-05_2000_Castle_821435,2026-03-05,20:00,Castle,ᴍᴀᴅᴍᴇɴ ᴄᴀꜱᴛʟᴇ ʙᴏᴏᴛᴄᴀᴍᴘ ꜱ¹⁰,ᴍᴇᴅɪꜱᴘᴏʀᴛꜱ ⓜ,ꜱᴘɪᴛꜰɪʀᴇ,Red,(P) A1 > Medi Full Push Main w/ Flash,1,2,3,33,
cpl_2026-03-05_2000_Castle_821435,2026-03-05,20:00,Castle,ᴍᴀᴅᴍᴇɴ ᴄᴀꜱᴛʟᴇ ʙᴏᴏᴛᴄᴀᴍᴘ ꜱ¹⁰,ᴍᴇᴅɪꜱᴘᴏʀᴛꜱ ⓜ,ꜱᴘɪᴛꜰɪʀᴇ,Red,(E) A2 > Medi Full Push Main w/ Flash,0,1,1,0,
cpl_2026-03-05_2000_Castle_821435,2026-03-05,20:00,Castle,ᴍᴀᴅᴍᴇɴ ᴄᴀꜱᴛʟᴇ ʙᴏᴏᴛᴄᴀᴍᴘ ꜱ¹⁰,ᴍᴇᴅɪꜱᴘᴏʀᴛꜱ ⓜ,ꜱᴘɪᴛꜰɪʀᴇ,Red,(E) AB1 Medispliot Cross Doors>Split,0,1,1,0,
cpl_2026-03-05_2000_Castle_821435,2026-03-05,20:00,Castle,ᴍᴀᴅᴍᴇɴ ᴄᴀꜱᴛʟᴇ ʙᴏᴏᴛᴄᴀᴍᴘ ꜱ¹⁰,ᴍᴇᴅɪꜱᴘᴏʀᴛꜱ ⓜ,ꜱᴘɪᴛꜰɪʀᴇ,Red,(S) B2 > Medi Spawn > Super Slow B,9,1,10,90,
cpl_2026-03-05_2000_Castle_821435,2026-03-05,20:00,Castle,ᴍᴀᴅᴍᴇɴ ᴄᴀꜱᴛʟᴇ ʙᴏᴏᴛᴄᴀᴍᴘ ꜱ¹⁰,ᴍᴇᴅɪꜱᴘᴏʀᴛꜱ ⓜ,ꜱᴘɪᴛꜰɪʀᴇ,Blue,(P) A1 Medi A10 First #1,1,2,3,33,
cpl_2026-03-05_2000_Castle_821435,2026-03-05,20:00,Castle,ᴍᴀᴅᴍᴇɴ ᴄᴀꜱᴛʟᴇ ʙᴏᴏᴛᴄᴀᴍᴘ ꜱ¹⁰,ᴍᴇᴅɪꜱᴘᴏʀᴛꜱ ⓜ,ꜱᴘɪᴛꜰɪʀᴇ,Blue,(E) B1 Mid hold > Wait Tuns > 1 B,0,2,2,0,
cpl_2026-03-05_2000_Castle_821435,2026-03-05,20:00,Castle,ᴍᴀᴅᴍᴇɴ ᴄᴀꜱᴛʟᴇ ʙᴏᴏᴛᴄᴀᴍᴘ ꜱ¹⁰,ᴍᴇᴅɪꜱᴘᴏʀᴛꜱ ⓜ,ꜱᴘɪᴛꜰɪʀᴇ,Blue,(S) AB1 The MedingaporianZ Hold ?,0,1,1,0,
cpl_2026-03-05_2000_Castle_821435,2026-03-05,20:00,Castle,ᴍᴀᴅᴍᴇɴ ᴄᴀꜱᴛʟᴇ ʙᴏᴏᴛᴄᴀᴍᴘ ꜱ¹⁰,ᴍᴇᴅɪꜱᴘᴏʀᴛꜱ ⓜ,ꜱᴘɪᴛꜰɪʀᴇ,Blue,(S) A4/Mid Bait > Hold Mid (Must Have),5,0,5,100,
cpl_2026-03-05_1600_Castle_821416,2026-03-05,16:00,Castle,ᴍᴀᴅᴍᴇɴ ᴄᴀꜱᴛʟᴇ ʙᴏᴏᴛᴄᴀᴍᴘ ꜱ¹⁰,ᴍᴇᴅɪꜱᴘᴏʀᴛꜱ ⓜ,ͷσ ꜱсσᴘε ͷσ ʜσᴘε,Red,(P) A1 > Medi Full Push Main w/ Flash,0,2,2,0,
cpl_2026-03-05_1600_Castle_821416,2026-03-05,16:00,Castle,ᴍᴀᴅᴍᴇɴ ᴄᴀꜱᴛʟᴇ ʙᴏᴏᴛᴄᴀᴍᴘ ꜱ¹⁰,ᴍᴇᴅɪꜱᴘᴏʀᴛꜱ ⓜ,ͷσ ꜱсσᴘε ͷσ ʜσᴘε,Red,(E) AB1 Medispliot Cross Doors>Split,0,1,1,0,
cpl_2026-03-05_1600_Castle_821416,2026-03-05,16:00,Castle,ᴍᴀᴅᴍᴇɴ ᴄᴀꜱᴛʟᴇ ʙᴏᴏᴛᴄᴀᴍᴘ ꜱ¹⁰,ᴍᴇᴅɪꜱᴘᴏʀᴛꜱ ⓜ,ͷσ ꜱсσᴘε ͷσ ʜσᴘε,Red,(E) A2 > Medi Full Push Main w/ Flash,1,1,2,50,
cpl_2026-03-05_1600_Castle_821416,2026-03-05,16:00,Castle,ᴍᴀᴅᴍᴇɴ ᴄᴀꜱᴛʟᴇ ʙᴏᴏᴛᴄᴀᴍᴘ ꜱ¹⁰,ᴍᴇᴅɪꜱᴘᴏʀᴛꜱ ⓜ,ͷσ ꜱсσᴘε ͷσ ʜσᴘε,Red,(S) A3 > innercia Solid A,2,1,3,67,
cpl_2026-03-05_1600_Castle_821416,2026-03-05,16:00,Castle,ᴍᴀᴅᴍᴇɴ ᴄᴀꜱᴛʟᴇ ʙᴏᴏᴛᴄᴀᴍᴘ ꜱ¹⁰,ᴍᴇᴅɪꜱᴘᴏʀᴛꜱ ⓜ,ͷσ ꜱсσᴘε ͷσ ʜσᴘε,Red,(S) B1 innercia Push,1,1,2,50,
cpl_2026-03-05_1600_Castle_821416,2026-03-05,16:00,Castle,ᴍᴀᴅᴍᴇɴ ᴄᴀꜱᴛʟᴇ ʙᴏᴏᴛᴄᴀᴍᴘ ꜱ¹⁰,ᴍᴇᴅɪꜱᴘᴏʀᴛꜱ ⓜ,ͷσ ꜱсσᴘε ͷσ ʜσᴘε,Red,(S) B2 > Medi Spawn > Super Slow B,0,1,1,0,
cpl_2026-03-05_1600_Castle_821416,2026-03-05,16:00,Castle,ᴍᴀᴅᴍᴇɴ ᴄᴀꜱᴛʟᴇ ʙᴏᴏᴛᴄᴀᴍᴘ ꜱ¹⁰,ᴍᴇᴅɪꜱᴘᴏʀᴛꜱ ⓜ,ͷσ ꜱсσᴘε ͷσ ʜσᴘε,Red,(S) AB2 Medi Lurk B > Hoss A AP Split,2,2,4,50,
cpl_2026-03-05_1600_Castle_821416,2026-03-05,16:00,Castle,ᴍᴀᴅᴍᴇɴ ᴄᴀꜱᴛʟᴇ ʙᴏᴏᴛᴄᴀᴍᴘ ꜱ¹⁰,ᴍᴇᴅɪꜱᴘᴏʀᴛꜱ ⓜ,ͷσ ꜱсσᴘε ͷσ ʜσᴘε,Blue,(E) A1 Medi A10 First #1,7,2,9,78,
cpl_2026-03-05_1600_Castle_821416,2026-03-05,16:00,Castle,ᴍᴀᴅᴍᴇɴ ᴄᴀꜱᴛʟᴇ ʙᴏᴏᴛᴄᴀᴍᴘ ꜱ¹⁰,ᴍᴇᴅɪꜱᴘᴏʀᴛꜱ ⓜ,ͷσ ꜱсσᴘε ͷσ ʜσᴘε,Blue,(E) B1 Mid hold > Wait Tuns > 1 B,0,1,1,0,
cpl_2026-03-05_1600_Castle_821416,2026-03-05,16:00,Castle,ᴍᴀᴅᴍᴇɴ ᴄᴀꜱᴛʟᴇ ʙᴏᴏᴛᴄᴀᴍᴘ ꜱ¹⁰,ᴍᴇᴅɪꜱᴘᴏʀᴛꜱ ⓜ,ͷσ ꜱсσᴘε ͷσ ʜσᴘε,Blue,(S) AB2 Mamba Defence New FixAP,0,1,1,0,
cpl_2026-03-05_1600_Castle_821416,2026-03-05,16:00,Castle,ᴍᴀᴅᴍᴇɴ ᴄᴀꜱᴛʟᴇ ʙᴏᴏᴛᴄᴀᴍᴘ ꜱ¹⁰,ᴍᴇᴅɪꜱᴘᴏʀᴛꜱ ⓜ,ͷσ ꜱсσᴘε ͷσ ʜσᴘε,Blue,(S) A1 Medi A10 First,0,1,1,0,
cpl_2026-03-05_1600_Castle_821416,2026-03-05,16:00,Castle,ᴍᴀᴅᴍᴇɴ ᴄᴀꜱᴛʟᴇ ʙᴏᴏᴛᴄᴀᴍᴘ ꜱ¹⁰,ᴍᴇᴅɪꜱᴘᴏʀᴛꜱ ⓜ,ͷσ ꜱсσᴘε ͷσ ʜσᴘε,Blue,(S) A4/Mid Bait > Hold Mid (Must Have),0,1,1,0,
cpl_2026-03-05_1600_Castle_821416,2026-03-05,16:00,Castle,ᴍᴀᴅᴍᴇɴ ᴄᴀꜱᴛʟᴇ ʙᴏᴏᴛᴄᴀᴍᴘ ꜱ¹⁰,ᴍᴇᴅɪꜱᴘᴏʀᴛꜱ ⓜ,ͷσ ꜱсσᴘε ͷσ ʜσᴘε,Blue,(S) B2 Hold Tunnels Hold > PAX Wait,0,1,1,0,
cpl_2026-03-11_2000_Castle_821219,2026-03-11,20:00,Castle,ᴍᴀᴅᴍᴇɴ ᴄᴀꜱᴛʟᴇ ʙᴏᴏᴛᴄᴀᴍᴘ ꜱ¹⁰,ᴍᴇᴅɪꜱᴘᴏʀᴛꜱ ⓜ,ⲓⲛⲛⲉꞅⲥⲓⲁ,Red,(P) A1 > Medi Full Push Main w/ Flash,2,2,4,50,
cpl_2026-03-11_2000_Castle_821219,2026-03-11,20:00,Castle,ᴍᴀᴅᴍᴇɴ ᴄᴀꜱᴛʟᴇ ʙᴏᴏᴛᴄᴀᴍᴘ ꜱ¹⁰,ᴍᴇᴅɪꜱᴘᴏʀᴛꜱ ⓜ,ⲓⲛⲛⲉꞅⲥⲓⲁ,Red,(E) AB1 Medispliot Cross Doors>Split,0,2,2,0,
cpl_2026-03-11_2000_Castle_821219,2026-03-11,20:00,Castle,ᴍᴀᴅᴍᴇɴ ᴄᴀꜱᴛʟᴇ ʙᴏᴏᴛᴄᴀᴍᴘ ꜱ¹⁰,ᴍᴇᴅɪꜱᴘᴏʀᴛꜱ ⓜ,ⲓⲛⲛⲉꞅⲥⲓⲁ,Red,(E) A2 > Medi Full Push Main w/ Flash,0,1,1,0,
cpl_2026-03-11_2000_Castle_821219,2026-03-11,20:00,Castle,ᴍᴀᴅᴍᴇɴ ᴄᴀꜱᴛʟᴇ ʙᴏᴏᴛᴄᴀᴍᴘ ꜱ¹⁰,ᴍᴇᴅɪꜱᴘᴏʀᴛꜱ ⓜ,ⲓⲛⲛⲉꞅⲥⲓⲁ,Red,(S) A3 > innercia Solid A,1,1,2,50,
cpl_2026-03-11_2000_Castle_821219,2026-03-11,20:00,Castle,ᴍᴀᴅᴍᴇɴ ᴄᴀꜱᴛʟᴇ ʙᴏᴏᴛᴄᴀᴍᴘ ꜱ¹⁰,ᴍᴇᴅɪꜱᴘᴏʀᴛꜱ ⓜ,ⲓⲛⲛⲉꞅⲥⲓⲁ,Red,(S) AB2 Medi Lurk B > Hoss A AP Split,0,1,1,0,
cpl_2026-03-11_2000_Castle_821219,2026-03-11,20:00,Castle,ᴍᴀᴅᴍᴇɴ ᴄᴀꜱᴛʟᴇ ʙᴏᴏᴛᴄᴀᴍᴘ ꜱ¹⁰,ᴍᴇᴅɪꜱᴘᴏʀᴛꜱ ⓜ,ⲓⲛⲛⲉꞅⲥⲓⲁ,Red,(S) B2 > Medi Spawn > Super Slow B,1,1,2,50,
cpl_2026-03-11_2000_Castle_821219,2026-03-11,20:00,Castle,ᴍᴀᴅᴍᴇɴ ᴄᴀꜱᴛʟᴇ ʙᴏᴏᴛᴄᴀᴍᴘ ꜱ¹⁰,ᴍᴇᴅɪꜱᴘᴏʀᴛꜱ ⓜ,ⲓⲛⲛⲉꞅⲥⲓⲁ,Red,(S) B1 innercia Push,1,0,1,100,
cpl_2026-03-11_2000_Castle_821219,2026-03-11,20:00,Castle,ᴍᴀᴅᴍᴇɴ ᴄᴀꜱᴛʟᴇ ʙᴏᴏᴛᴄᴀᴍᴘ ꜱ¹⁰,ᴍᴇᴅɪꜱᴘᴏʀᴛꜱ ⓜ,ⲓⲛⲛⲉꞅⲥⲓⲁ,Blue,(E) A1 Medi A10 First #1,1,1,2,50,
cpl_2026-03-11_2000_Castle_821219,2026-03-11,20:00,Castle,ᴍᴀᴅᴍᴇɴ ᴄᴀꜱᴛʟᴇ ʙᴏᴏᴛᴄᴀᴍᴘ ꜱ¹⁰,ᴍᴇᴅɪꜱᴘᴏʀᴛꜱ ⓜ,ⲓⲛⲛⲉꞅⲥⲓⲁ,Blue,(E) B1 Mid hold > Wait Tuns > 1 B,2,0,2,100,
cpl_2026-03-11_2000_Castle_821219,2026-03-11,20:00,Castle,ᴍᴀᴅᴍᴇɴ ᴄᴀꜱᴛʟᴇ ʙᴏᴏᴛᴄᴀᴍᴘ ꜱ¹⁰,ᴍᴇᴅɪꜱᴘᴏʀᴛꜱ ⓜ,ⲓⲛⲛⲉꞅⲥⲓⲁ,Blue,(S) AB1 The MedingaporianZ Hold,0,1,1,0,
cpl_2026-03-11_2000_Castle_821219,2026-03-11,20:00,Castle,ᴍᴀᴅᴍᴇɴ ᴄᴀꜱᴛʟᴇ ʙᴏᴏᴛᴄᴀᴍᴘ ꜱ¹⁰,ᴍᴇᴅɪꜱᴘᴏʀᴛꜱ ⓜ,ⲓⲛⲛⲉꞅⲥⲓⲁ,Blue,(S) A4/Mid Bait > Hold Mid (Must Have),3,1,4,75,
cpl_2026-03-11_2000_Castle_821219,2026-03-11,20:00,Castle,ᴍᴀᴅᴍᴇɴ ᴄᴀꜱᴛʟᴇ ʙᴏᴏᴛᴄᴀᴍᴘ ꜱ¹⁰,ᴍᴇᴅɪꜱᴘᴏʀᴛꜱ ⓜ,ⲓⲛⲛⲉꞅⲥⲓⲁ,Blue,(S) B2 Hold Tunnels Hold > PAX Wait,2,1,3,67,
cpl_2026-03-11_2000_Castle_821219,2026-03-11,20:00,Castle,ᴍᴀᴅᴍᴇɴ ᴄᴀꜱᴛʟᴇ ʙᴏᴏᴛᴄᴀᴍᴘ ꜱ¹⁰,ᴍᴇᴅɪꜱᴘᴏʀᴛꜱ ⓜ,ⲓⲛⲛⲉꞅⲥⲓⲁ,Blue,(S) AB2 Mamba Defence New FixAP,3,0,3,100,
cpl_2026-03-11_1600_Castle_820833,2026-03-11,16:00,Castle,ᴍᴀᴅᴍᴇɴ ᴄᴀꜱᴛʟᴇ ʙᴏᴏᴛᴄᴀᴍᴘ ꜱ¹⁰,ᴍᴇᴅɪꜱᴘᴏʀᴛꜱ ⓜ,вɩαск ωιᴆɵω ᴘᴚɵτɵᴄɵɩ,Red,(P) B innercia Push,0,2,2,0,
cpl_2026-03-11_1600_Castle_820833,2026-03-11,16:00,Castle,ᴍᴀᴅᴍᴇɴ ᴄᴀꜱᴛʟᴇ ʙᴏᴏᴛᴄᴀᴍᴘ ꜱ¹⁰,ᴍᴇᴅɪꜱᴘᴏʀᴛꜱ ⓜ,вɩαск ωιᴆɵω ᴘᴚɵτɵᴄɵɩ,Red,(E) A > Medi Full Push Main,0,1,1,0,
cpl_2026-03-11_1600_Castle_820833,2026-03-11,16:00,Castle,ᴍᴀᴅᴍᴇɴ ᴄᴀꜱᴛʟᴇ ʙᴏᴏᴛᴄᴀᴍᴘ ꜱ¹⁰,ᴍᴇᴅɪꜱᴘᴏʀᴛꜱ ⓜ,вɩαск ωιᴆɵω ᴘᴚɵτɵᴄɵɩ,Red,(E) B/A Medispliot Cross Doors>Split,0,1,1,0,
cpl_2026-03-11_1600_Castle_820833,2026-03-11,16:00,Castle,ᴍᴀᴅᴍᴇɴ ᴄᴀꜱᴛʟᴇ ʙᴏᴏᴛᴄᴀᴍᴘ ꜱ¹⁰,ᴍᴇᴅɪꜱᴘᴏʀᴛꜱ ⓜ,вɩαск ωιᴆɵω ᴘᴚɵτɵᴄɵɩ,Red,(S) B Medi Lurk B > Hoss A AP Split,1,2,3,33,
cpl_2026-03-11_1600_Castle_820833,2026-03-11,16:00,Castle,ᴍᴀᴅᴍᴇɴ ᴄᴀꜱᴛʟᴇ ʙᴏᴏᴛᴄᴀᴍᴘ ꜱ¹⁰,ᴍᴇᴅɪꜱᴘᴏʀᴛꜱ ⓜ,вɩαск ωιᴆɵω ᴘᴚɵτɵᴄɵɩ,Red,(S) B > Medi Spawn > Super Slow B,0,2,2,0,
cpl_2026-03-11_1600_Castle_820833,2026-03-11,16:00,Castle,ᴍᴀᴅᴍᴇɴ ᴄᴀꜱᴛʟᴇ ʙᴏᴏᴛᴄᴀᴍᴘ ꜱ¹⁰,ᴍᴇᴅɪꜱᴘᴏʀᴛꜱ ⓜ,вɩαск ωιᴆɵω ᴘᴚɵτɵᴄɵɩ,Red,(S) A > Medi Full Push Main,0,3,3,0,
cpl_2026-03-11_1600_Castle_820833,2026-03-11,16:00,Castle,ᴍᴀᴅᴍᴇɴ ᴄᴀꜱᴛʟᴇ ʙᴏᴏᴛᴄᴀᴍᴘ ꜱ¹⁰,ᴍᴇᴅɪꜱᴘᴏʀᴛꜱ ⓜ,вɩαск ωιᴆɵω ᴘᴚɵτɵᴄɵɩ,Red,(S) A > innercia Solid A,1,2,3,33,
cpl_2026-03-11_1600_Castle_820833,2026-03-11,16:00,Castle,ᴍᴀᴅᴍᴇɴ ᴄᴀꜱᴛʟᴇ ʙᴏᴏᴛᴄᴀᴍᴘ ꜱ¹⁰,ᴍᴇᴅɪꜱᴘᴏʀᴛꜱ ⓜ,вɩαск ωιᴆɵω ᴘᴚɵτɵᴄɵɩ,Blue,(E) A1 Medi A10 First #1,0,1,1,0,
cpl_2026-03-11_1600_Castle_820833,2026-03-11,16:00,Castle,ᴍᴀᴅᴍᴇɴ ᴄᴀꜱᴛʟᴇ ʙᴏᴏᴛᴄᴀᴍᴘ ꜱ¹⁰,ᴍᴇᴅɪꜱᴘᴏʀᴛꜱ ⓜ,вɩαск ωιᴆɵω ᴘᴚɵτɵᴄɵɩ,Blue,(E) B1 Mid hold > Wait Tuns > 1 B,0,1,1,0,
cpl_2026-03-11_1600_Castle_820833,2026-03-11,16:00,Castle,ᴍᴀᴅᴍᴇɴ ᴄᴀꜱᴛʟᴇ ʙᴏᴏᴛᴄᴀᴍᴘ ꜱ¹⁰,ᴍᴇᴅɪꜱᴘᴏʀᴛꜱ ⓜ,вɩαск ωιᴆɵω ᴘᴚɵτɵᴄɵɩ,Blue,(S) B2 Hold Tunnels Hold > PAX Wait,0,1,1,0,
cpl_2026-03-13_1900_Castle_820843,2026-03-13,19:00,Castle,ᴍᴀᴅᴍᴇɴ ᴄᴀꜱᴛʟᴇ ʙᴏᴏᴛᴄᴀᴍᴘ ꜱ¹⁰,ᴍᴇᴅɪꜱᴘᴏʀᴛꜱ ⓜ,ⲓⲛⲛⲉꞅⲥⲓⲁ,Red,(P) A1 > Medi Full Push Main w/ Flashnew,0,2,2,0,
cpl_2026-03-13_1900_Castle_820843,2026-03-13,19:00,Castle,ᴍᴀᴅᴍᴇɴ ᴄᴀꜱᴛʟᴇ ʙᴏᴏᴛᴄᴀᴍᴘ ꜱ¹⁰,ᴍᴇᴅɪꜱᴘᴏʀᴛꜱ ⓜ,ⲓⲛⲛⲉꞅⲥⲓⲁ,Red,(E) AB1 Medispliot Cross Doors>Split,0,1,1,0,
cpl_2026-03-13_1900_Castle_820843,2026-03-13,19:00,Castle,ᴍᴀᴅᴍᴇɴ ᴄᴀꜱᴛʟᴇ ʙᴏᴏᴛᴄᴀᴍᴘ ꜱ¹⁰,ᴍᴇᴅɪꜱᴘᴏʀᴛꜱ ⓜ,ⲓⲛⲛⲉꞅⲥⲓⲁ,Red,(E) A2 > Medi Full Push Main w/ Flash2,0,1,1,0,
cpl_2026-03-13_1900_Castle_820843,2026-03-13,19:00,Castle,ᴍᴀᴅᴍᴇɴ ᴄᴀꜱᴛʟᴇ ʙᴏᴏᴛᴄᴀᴍᴘ ꜱ¹⁰,ᴍᴇᴅɪꜱᴘᴏʀᴛꜱ ⓜ,ⲓⲛⲛⲉꞅⲥⲓⲁ,Red,(S) B2 > Medi Spawn > Super Slow B,0,1,1,0,
cpl_2026-03-13_1900_Castle_820843,2026-03-13,19:00,Castle,ᴍᴀᴅᴍᴇɴ ᴄᴀꜱᴛʟᴇ ʙᴏᴏᴛᴄᴀᴍᴘ ꜱ¹⁰,ᴍᴇᴅɪꜱᴘᴏʀᴛꜱ ⓜ,ⲓⲛⲛⲉꞅⲥⲓⲁ,Red,(S) AB2 Medi Lurk B > Hoss A AP Split,4,1,5,80,
cpl_2026-03-13_1900_Castle_820843,2026-03-13,19:00,Castle,ᴍᴀᴅᴍᴇɴ ᴄᴀꜱᴛʟᴇ ʙᴏᴏᴛᴄᴀᴍᴘ ꜱ¹⁰,ᴍᴇᴅɪꜱᴘᴏʀᴛꜱ ⓜ,ⲓⲛⲛⲉꞅⲥⲓⲁ,Red,(S) A3 > innercia Solid A innercia anti,2,2,4,50,
cpl_2026-03-13_1900_Castle_820843,2026-03-13,19:00,Castle,ᴍᴀᴅᴍᴇɴ ᴄᴀꜱᴛʟᴇ ʙᴏᴏᴛᴄᴀᴍᴘ ꜱ¹⁰,ᴍᴇᴅɪꜱᴘᴏʀᴛꜱ ⓜ,ⲓⲛⲛⲉꞅⲥⲓⲁ,Red,(S) B1 innercia Push,0,1,1,0,
cpl_2026-03-13_1900_Castle_820843,2026-03-13,19:00,Castle,ᴍᴀᴅᴍᴇɴ ᴄᴀꜱᴛʟᴇ ʙᴏᴏᴛᴄᴀᴍᴘ ꜱ¹⁰,ᴍᴇᴅɪꜱᴘᴏʀᴛꜱ ⓜ,ⲓⲛⲛⲉꞅⲥⲓⲁ,Blue,(P) A1 Medi A10 First #1,2,1,3,67,
cpl_2026-03-13_1900_Castle_820843,2026-03-13,19:00,Castle,ᴍᴀᴅᴍᴇɴ ᴄᴀꜱᴛʟᴇ ʙᴏᴏᴛᴄᴀᴍᴘ ꜱ¹⁰,ᴍᴇᴅɪꜱᴘᴏʀᴛꜱ ⓜ,ⲓⲛⲛⲉꞅⲥⲓⲁ,Blue,(E) B1 Mid hold > Wait Tuns > 1 B,1,0,1,100,
cpl_2026-03-13_1900_Castle_820843,2026-03-13,19:00,Castle,ᴍᴀᴅᴍᴇɴ ᴄᴀꜱᴛʟᴇ ʙᴏᴏᴛᴄᴀᴍᴘ ꜱ¹⁰,ᴍᴇᴅɪꜱᴘᴏʀᴛꜱ ⓜ,ⲓⲛⲛⲉꞅⲥⲓⲁ,Blue,(S) A4/Mid Bait > Hold Mid (Must Have),3,1,4,75,
cpl_2026-03-13_1900_Castle_820843,2026-03-13,19:00,Castle,ᴍᴀᴅᴍᴇɴ ᴄᴀꜱᴛʟᴇ ʙᴏᴏᴛᴄᴀᴍᴘ ꜱ¹⁰,ᴍᴇᴅɪꜱᴘᴏʀᴛꜱ ⓜ,ⲓⲛⲛⲉꞅⲥⲓⲁ,Blue,(S) AB2 Mamba Defence New FixAP,1,2,3,33,
cpl_2026-03-13_1900_Castle_820843,2026-03-13,19:00,Castle,ᴍᴀᴅᴍᴇɴ ᴄᴀꜱᴛʟᴇ ʙᴏᴏᴛᴄᴀᴍᴘ ꜱ¹⁰,ᴍᴇᴅɪꜱᴘᴏʀᴛꜱ ⓜ,ⲓⲛⲛⲉꞅⲥⲓⲁ,Blue,(S) AB1 The MedingaporianZ Hold ?,0,1,1,0,
cpl_2026-03-13_1900_Castle_820843,2026-03-13,19:00,Castle,ᴍᴀᴅᴍᴇɴ ᴄᴀꜱᴛʟᴇ ʙᴏᴏᴛᴄᴀᴍᴘ ꜱ¹⁰,ᴍᴇᴅɪꜱᴘᴏʀᴛꜱ ⓜ,ⲓⲛⲛⲉꞅⲥⲓⲁ,Blue,(S) B2 Hold Tunnels Hold>PAX Wait AP,0,2,2,0,
cpl_2026-03-13_1900_Castle_820843,2026-03-13,19:00,Castle,ᴍᴀᴅᴍᴇɴ ᴄᴀꜱᴛʟᴇ ʙᴏᴏᴛᴄᴀᴍᴘ ꜱ¹⁰,ᴍᴇᴅɪꜱᴘᴏʀᴛꜱ ⓜ,ⲓⲛⲛⲉꞅⲥⲓⲁ,Red,(P) A1 > Medi Full Push Main w/ Flashnew,0,2,2,0,
cpl_2026-03-13_1900_Castle_820843,2026-03-13,19:00,Castle,ᴍᴀᴅᴍᴇɴ ᴄᴀꜱᴛʟᴇ ʙᴏᴏᴛᴄᴀᴍᴘ ꜱ¹⁰,ᴍᴇᴅɪꜱᴘᴏʀᴛꜱ ⓜ,ⲓⲛⲛⲉꞅⲥⲓⲁ,Red,(E) AB1 Medispliot Cross Doors>Split,0,1,1,0,
cpl_2026-03-13_1900_Castle_820843,2026-03-13,19:00,Castle,ᴍᴀᴅᴍᴇɴ ᴄᴀꜱᴛʟᴇ ʙᴏᴏᴛᴄᴀᴍᴘ ꜱ¹⁰,ᴍᴇᴅɪꜱᴘᴏʀᴛꜱ ⓜ,ⲓⲛⲛⲉꞅⲥⲓⲁ,Red,(E) A2 > Medi Full Push Main w/ Flash2,0,1,1,0,
cpl_2026-03-13_1900_Castle_820843,2026-03-13,19:00,Castle,ᴍᴀᴅᴍᴇɴ ᴄᴀꜱᴛʟᴇ ʙᴏᴏᴛᴄᴀᴍᴘ ꜱ¹⁰,ᴍᴇᴅɪꜱᴘᴏʀᴛꜱ ⓜ,ⲓⲛⲛⲉꞅⲥⲓⲁ,Red,(S) B2 > Medi Spawn > Super Slow B,0,1,1,0,
cpl_2026-03-13_1900_Castle_820843,2026-03-13,19:00,Castle,ᴍᴀᴅᴍᴇɴ ᴄᴀꜱᴛʟᴇ ʙᴏᴏᴛᴄᴀᴍᴘ ꜱ¹⁰,ᴍᴇᴅɪꜱᴘᴏʀᴛꜱ ⓜ,ⲓⲛⲛⲉꞅⲥⲓⲁ,Red,(S) AB2 Medi Lurk B > Hoss A AP Split,4,1,5,80,
cpl_2026-03-13_1900_Castle_820843,2026-03-13,19:00,Castle,ᴍᴀᴅᴍᴇɴ ᴄᴀꜱᴛʟᴇ ʙᴏᴏᴛᴄᴀᴍᴘ ꜱ¹⁰,ᴍᴇᴅɪꜱᴘᴏʀᴛꜱ ⓜ,ⲓⲛⲛⲉꞅⲥⲓⲁ,Red,(S) A3 > innercia Solid A innercia anti,2,2,4,50,
cpl_2026-03-13_1900_Castle_820843,2026-03-13,19:00,Castle,ᴍᴀᴅᴍᴇɴ ᴄᴀꜱᴛʟᴇ ʙᴏᴏᴛᴄᴀᴍᴘ ꜱ¹⁰,ᴍᴇᴅɪꜱᴘᴏʀᴛꜱ ⓜ,ⲓⲛⲛⲉꞅⲥⲓⲁ,Red,(S) B1 innercia Push,0,1,1,0,
cpl_2026-03-13_1900_Castle_820843,2026-03-13,19:00,Castle,ᴍᴀᴅᴍᴇɴ ᴄᴀꜱᴛʟᴇ ʙᴏᴏᴛᴄᴀᴍᴘ ꜱ¹⁰,ᴍᴇᴅɪꜱᴘᴏʀᴛꜱ ⓜ,ⲓⲛⲛⲉꞅⲥⲓⲁ,Blue,(P) A1 Medi A10 First #1,2,1,3,67,
cpl_2026-03-13_1900_Castle_820843,2026-03-13,19:00,Castle,ᴍᴀᴅᴍᴇɴ ᴄᴀꜱᴛʟᴇ ʙᴏᴏᴛᴄᴀᴍᴘ ꜱ¹⁰,ᴍᴇᴅɪꜱᴘᴏʀᴛꜱ ⓜ,ⲓⲛⲛⲉꞅⲥⲓⲁ,Blue,(E) B1 Mid hold > Wait Tuns > 1 B,1,0,1,100,
cpl_2026-03-13_1900_Castle_820843,2026-03-13,19:00,Castle,ᴍᴀᴅᴍᴇɴ ᴄᴀꜱᴛʟᴇ ʙᴏᴏᴛᴄᴀᴍᴘ ꜱ¹⁰,ᴍᴇᴅɪꜱᴘᴏʀᴛꜱ ⓜ,ⲓⲛⲛⲉꞅⲥⲓⲁ,Blue,(S) A4/Mid Bait > Hold Mid (Must Have),3,1,4,75,
cpl_2026-03-13_1900_Castle_820843,2026-03-13,19:00,Castle,ᴍᴀᴅᴍᴇɴ ᴄᴀꜱᴛʟᴇ ʙᴏᴏᴛᴄᴀᴍᴘ ꜱ¹⁰,ᴍᴇᴅɪꜱᴘᴏʀᴛꜱ ⓜ,ⲓⲛⲛⲉꞅⲥⲓⲁ,Blue,(S) AB2 Mamba Defence New FixAP,1,2,3,33,
cpl_2026-03-13_1900_Castle_820843,2026-03-13,19:00,Castle,ᴍᴀᴅᴍᴇɴ ᴄᴀꜱᴛʟᴇ ʙᴏᴏᴛᴄᴀᴍᴘ ꜱ¹⁰,ᴍᴇᴅɪꜱᴘᴏʀᴛꜱ ⓜ,ⲓⲛⲛⲉꞅⲥⲓⲁ,Blue,(S) AB1 The MedingaporianZ Hold ?,0,1,1,0,
cpl_2026-03-13_1900_Castle_820843,2026-03-13,19:00,Castle,ᴍᴀᴅᴍᴇɴ ᴄᴀꜱᴛʟᴇ ʙᴏᴏᴛᴄᴀᴍᴘ ꜱ¹⁰,ᴍᴇᴅɪꜱᴘᴏʀᴛꜱ ⓜ,ⲓⲛⲛⲉꞅⲥⲓⲁ,Blue,(S) B2 Hold Tunnels Hold>PAX Wait AP,0,2,2,0,
cpl_2026-03-13_1800_Castle_820842,2026-03-13,18:00,Castle,ᴍᴀᴅᴍᴇɴ ᴄᴀꜱᴛʟᴇ ʙᴏᴏᴛᴄᴀᴍᴘ ꜱ¹⁰,ᴍᴇᴅɪꜱᴘᴏʀᴛꜱ ⓜ,ⲓⲛⲛⲉꞅⲥⲓⲁ,Red,(P) A1 > Medi Full Push Main w/ Flashnew,0,2,2,0,
cpl_2026-03-13_1800_Castle_820842,2026-03-13,18:00,Castle,ᴍᴀᴅᴍᴇɴ ᴄᴀꜱᴛʟᴇ ʙᴏᴏᴛᴄᴀᴍᴘ ꜱ¹⁰,ᴍᴇᴅɪꜱᴘᴏʀᴛꜱ ⓜ,ⲓⲛⲛⲉꞅⲥⲓⲁ,Red,(E) A2 > Medi Full Push Main w/ Flash2,0,1,1,0,
cpl_2026-03-13_1800_Castle_820842,2026-03-13,18:00,Castle,ᴍᴀᴅᴍᴇɴ ᴄᴀꜱᴛʟᴇ ʙᴏᴏᴛᴄᴀᴍᴘ ꜱ¹⁰,ᴍᴇᴅɪꜱᴘᴏʀᴛꜱ ⓜ,ⲓⲛⲛⲉꞅⲥⲓⲁ,Red,(S) B2 > Medi Spawn > Super Slow B,0,1,1,0,
cpl_2026-03-13_1800_Castle_820842,2026-03-13,18:00,Castle,ᴍᴀᴅᴍᴇɴ ᴄᴀꜱᴛʟᴇ ʙᴏᴏᴛᴄᴀᴍᴘ ꜱ¹⁰,ᴍᴇᴅɪꜱᴘᴏʀᴛꜱ ⓜ,ⲓⲛⲛⲉꞅⲥⲓⲁ,Red,(S) A3 > innercia Solid A,2,2,4,50,
cpl_2026-03-13_1800_Castle_820842,2026-03-13,18:00,Castle,ᴍᴀᴅᴍᴇɴ ᴄᴀꜱᴛʟᴇ ʙᴏᴏᴛᴄᴀᴍᴘ ꜱ¹⁰,ᴍᴇᴅɪꜱᴘᴏʀᴛꜱ ⓜ,ⲓⲛⲛⲉꞅⲥⲓⲁ,Red,(S) AB2 Medi Lurk B > Hoss A AP Split,0,2,2,0,
cpl_2026-03-13_1800_Castle_820842,2026-03-13,18:00,Castle,ᴍᴀᴅᴍᴇɴ ᴄᴀꜱᴛʟᴇ ʙᴏᴏᴛᴄᴀᴍᴘ ꜱ¹⁰,ᴍᴇᴅɪꜱᴘᴏʀᴛꜱ ⓜ,ⲓⲛⲛⲉꞅⲥⲓⲁ,Red,(S) B1 innercia Push,1,2,3,33,
cpl_2026-03-13_1800_Castle_820842,2026-03-13,18:00,Castle,ᴍᴀᴅᴍᴇɴ ᴄᴀꜱᴛʟᴇ ʙᴏᴏᴛᴄᴀᴍᴘ ꜱ¹⁰,ᴍᴇᴅɪꜱᴘᴏʀᴛꜱ ⓜ,ⲓⲛⲛⲉꞅⲥⲓⲁ,Blue,(P) A1 Medi A10 First #1,0,1,1,0,
cpl_2026-03-13_1800_Castle_820842,2026-03-13,18:00,Castle,ᴍᴀᴅᴍᴇɴ ᴄᴀꜱᴛʟᴇ ʙᴏᴏᴛᴄᴀᴍᴘ ꜱ¹⁰,ᴍᴇᴅɪꜱᴘᴏʀᴛꜱ ⓜ,ⲓⲛⲛⲉꞅⲥⲓⲁ,Blue,(E) B1 Mid hold > Wait Tuns > 1 B,2,0,2,100,
cpl_2026-03-13_1800_Castle_820842,2026-03-13,18:00,Castle,ᴍᴀᴅᴍᴇɴ ᴄᴀꜱᴛʟᴇ ʙᴏᴏᴛᴄᴀᴍᴘ ꜱ¹⁰,ᴍᴇᴅɪꜱᴘᴏʀᴛꜱ ⓜ,ⲓⲛⲛⲉꞅⲥⲓⲁ,Blue,(S) AB1 The MedingaporianZ Hold ?,5,2,7,71,
cpl_2026-03-13_1800_Castle_820842,2026-03-13,18:00,Castle,ᴍᴀᴅᴍᴇɴ ᴄᴀꜱᴛʟᴇ ʙᴏᴏᴛᴄᴀᴍᴘ ꜱ¹⁰,ᴍᴇᴅɪꜱᴘᴏʀᴛꜱ ⓜ,ⲓⲛⲛⲉꞅⲥⲓⲁ,Blue,(S) A4/Mid Bait > Hold Mid (Must Have),2,1,3,67,
cpl_2026-03-13_1800_Castle_820842,2026-03-13,18:00,Castle,ᴍᴀᴅᴍᴇɴ ᴄᴀꜱᴛʟᴇ ʙᴏᴏᴛᴄᴀᴍᴘ ꜱ¹⁰,ᴍᴇᴅɪꜱᴘᴏʀᴛꜱ ⓜ,ⲓⲛⲛⲉꞅⲥⲓⲁ,Blue,(S) B2 Hold Tunnels Hold>PAX Wait AP,0,1,1,0,
cpl_2026-03-13_1800_Castle_820842,2026-03-13,18:00,Castle,ᴍᴀᴅᴍᴇɴ ᴄᴀꜱᴛʟᴇ ʙᴏᴏᴛᴄᴀᴍᴘ ꜱ¹⁰,ᴍᴇᴅɪꜱᴘᴏʀᴛꜱ ⓜ,ⲓⲛⲛⲉꞅⲥⲓⲁ,Blue,(S) AB2 Mamba Defence New FixAP,0,1,1,0,
cpl_2026-03-11_0700_Castle_820705,2026-03-11,07:00,Castle,Cyberathletes Open Qualifier S10.5,ᴍᴇᴅɪꜱᴘᴏʀᴛꜱ ⓜ,Caught Napping,Red,(P) B innercia Push,1,0,1,100,
cpl_2026-03-11_0700_Castle_820705,2026-03-11,07:00,Castle,Cyberathletes Open Qualifier S10.5,ᴍᴇᴅɪꜱᴘᴏʀᴛꜱ ⓜ,Caught Napping,Red,(S) B > Medi Spawn > Super Slow B,1,0,1,100,
cpl_2026-03-11_0700_Castle_820705,2026-03-11,07:00,Castle,Cyberathletes Open Qualifier S10.5,ᴍᴇᴅɪꜱᴘᴏʀᴛꜱ ⓜ,Caught Napping,Blue,(P) A2 - Ka'z!sports Hold Waits,0,1,1,0,
cpl_2026-03-11_0700_Castle_820705,2026-03-11,07:00,Castle,Cyberathletes Open Qualifier S10.5,ᴍᴇᴅɪꜱᴘᴏʀᴛꜱ ⓜ,Caught Napping,Blue,(E) Mid hold > Wait Tuns > 1 B,1,0,1,100,
cpl_2026-03-11_0700_Castle_820705,2026-03-11,07:00,Castle,Cyberathletes Open Qualifier S10.5,ᴍᴇᴅɪꜱᴘᴏʀᴛꜱ ⓜ,Caught Napping,Blue,(S) A/B/Mid The MedingaporianZ Hold,5,0,5,100,
cpl_2026-03-11_0700_Castle_820705,2026-03-11,07:00,Castle,Cyberathletes Open Qualifier S10.5,ᴍᴇᴅɪꜱᴘᴏʀᴛꜱ ⓜ,Caught Napping,Blue,(S) A/Mid Bait > Hold Mid (Must Have),2,0,2,100,
cpl_2026-03-11_0700_Castle_820705,2026-03-11,07:00,Castle,Cyberathletes Open Qualifier S10.5,ᴍᴇᴅɪꜱᴘᴏʀᴛꜱ ⓜ,Caught Napping,Blue,(S) A1 Medi A10 First,1,0,1,100,
cpl_2026-03-11_0700_Castle_820705,2026-03-11,07:00,Castle,Cyberathletes Open Qualifier S10.5,ᴍᴇᴅɪꜱᴘᴏʀᴛꜱ ⓜ,Caught Napping,Blue,(S) Hold Tunnels Hold > PAX Wait Point,2,0,2,100,
cpl_2026-03-11_0700_Castle_820705,2026-03-11,07:00,Castle,Cyberathletes Open Qualifier S10.5,ᴍᴇᴅɪꜱᴘᴏʀᴛꜱ ⓜ,Caught Napping,Blue,(S) Bait A > Hold Mid Split (Must!),3,0,3,100,
cpl_2026-03-11_0830_Castle_820708,2026-03-11,08:30,Castle,Cyberathletes Open Qualifier S10.5,ᴍᴇᴅɪꜱᴘᴏʀᴛꜱ ⓜ,Møjborgs Elite,Red,(P) B innercia Push,2,1,3,67,
cpl_2026-03-11_0830_Castle_820708,2026-03-11,08:30,Castle,Cyberathletes Open Qualifier S10.5,ᴍᴇᴅɪꜱᴘᴏʀᴛꜱ ⓜ,Møjborgs Elite,Red,(S) B Medi Lurk B > Hoss A AP Split,2,1,3,67,
cpl_2026-03-11_0830_Castle_820708,2026-03-11,08:30,Castle,Cyberathletes Open Qualifier S10.5,ᴍᴇᴅɪꜱᴘᴏʀᴛꜱ ⓜ,Møjborgs Elite,Red,(S) A > Medi Full Push Main,0,1,1,0,
cpl_2026-03-11_0830_Castle_820708,2026-03-11,08:30,Castle,Cyberathletes Open Qualifier S10.5,ᴍᴇᴅɪꜱᴘᴏʀᴛꜱ ⓜ,Møjborgs Elite,Red,(E) B/A Medispliot Cross Doors>Split,1,0,1,100,
cpl_2026-03-11_0830_Castle_820708,2026-03-11,08:30,Castle,Cyberathletes Open Qualifier S10.5,ᴍᴇᴅɪꜱᴘᴏʀᴛꜱ ⓜ,Møjborgs Elite,Red,(S) A > innercia Solid A,1,2,3,33,
cpl_2026-03-11_0830_Castle_820708,2026-03-11,08:30,Castle,Cyberathletes Open Qualifier S10.5,ᴍᴇᴅɪꜱᴘᴏʀᴛꜱ ⓜ,Møjborgs Elite,Red,(S) B > Medi Spawn > Super Slow B,1,2,3,33,
cpl_2026-03-11_0830_Castle_820708,2026-03-11,08:30,Castle,Cyberathletes Open Qualifier S10.5,ᴍᴇᴅɪꜱᴘᴏʀᴛꜱ ⓜ,Møjborgs Elite,Red,(E) A > Medi Full Push Main,0,1,1,0,
cpl_2026-03-11_0830_Castle_820708,2026-03-11,08:30,Castle,Cyberathletes Open Qualifier S10.5,ᴍᴇᴅɪꜱᴘᴏʀᴛꜱ ⓜ,Møjborgs Elite,Blue,(P) A2 - Ka'z!sports Hold Waits,2,1,3,67,
cpl_2026-03-11_0830_Castle_820708,2026-03-11,08:30,Castle,Cyberathletes Open Qualifier S10.5,ᴍᴇᴅɪꜱᴘᴏʀᴛꜱ ⓜ,Møjborgs Elite,Blue,(S) Bait A > Hold Mid Split (Must!),0,1,1,0,
cpl_2026-03-11_0830_Castle_820708,2026-03-11,08:30,Castle,Cyberathletes Open Qualifier S10.5,ᴍᴇᴅɪꜱᴘᴏʀᴛꜱ ⓜ,Møjborgs Elite,Blue,(E) A3 - Waits on Waits,0,1,1,0,
cpl_2026-03-11_0830_Castle_820708,2026-03-11,08:30,Castle,Cyberathletes Open Qualifier S10.5,ᴍᴇᴅɪꜱᴘᴏʀᴛꜱ ⓜ,Møjborgs Elite,Blue,(S) A/Mid Bait > Hold Mid (Must Have),0,1,1,0,
cpl_2026-03-11_0830_Castle_820708,2026-03-11,08:30,Castle,Cyberathletes Open Qualifier S10.5,ᴍᴇᴅɪꜱᴘᴏʀᴛꜱ ⓜ,Møjborgs Elite,Blue,(S) A1 Medi A10 First,0,1,1,0,
cpl_2026-03-11_0830_Castle_820708,2026-03-11,08:30,Castle,Cyberathletes Open Qualifier S10.5,ᴍᴇᴅɪꜱᴘᴏʀᴛꜱ ⓜ,Møjborgs Elite,Blue,(E) A Bait Early > Rush Mid > A > Mid #1,0,1,1,0,
cpl_2026-03-11_0830_Castle_820708,2026-03-11,08:30,Castle,Cyberathletes Open Qualifier S10.5,ᴍᴇᴅɪꜱᴘᴏʀᴛꜱ ⓜ,Møjborgs Elite,Blue,(S) A/B/Mid The MedingaporianZ Hold,1,1,2,50,
cpl_2026-03-11_0830_Castle_820708,2026-03-11,08:30,Castle,Cyberathletes Open Qualifier S10.5,ᴍᴇᴅɪꜱᴘᴏʀᴛꜱ ⓜ,Møjborgs Elite,Blue,(S) Hold Tunnels Hold > PAX Wait Point,0,1,1,0,
cpl_2026-03-11_1000_Castle_820710,2026-03-11,10:00,Castle,Cyberathletes Open Qualifier S10.5,ᴍᴇᴅɪꜱᴘᴏʀᴛꜱ ⓜ,#cohiba,Red,(P) B innercia Push,5,0,5,100,
cpl_2026-03-11_1000_Castle_820710,2026-03-11,10:00,Castle,Cyberathletes Open Qualifier S10.5,ᴍᴇᴅɪꜱᴘᴏʀᴛꜱ ⓜ,#cohiba,Red,(S) A > innercia Solid A,2,1,3,67,
cpl_2026-03-11_1000_Castle_820710,2026-03-11,10:00,Castle,Cyberathletes Open Qualifier S10.5,ᴍᴇᴅɪꜱᴘᴏʀᴛꜱ ⓜ,#cohiba,Red,(S) A > Medi Full Push Main,0,1,1,0,
cpl_2026-03-11_1000_Castle_820710,2026-03-11,10:00,Castle,Cyberathletes Open Qualifier S10.5,ᴍᴇᴅɪꜱᴘᴏʀᴛꜱ ⓜ,#cohiba,Red,(S) B > Medi Spawn > Super Slow B,1,1,2,50,
cpl_2026-03-11_1000_Castle_820710,2026-03-11,10:00,Castle,Cyberathletes Open Qualifier S10.5,ᴍᴇᴅɪꜱᴘᴏʀᴛꜱ ⓜ,#cohiba,Red,(S) B Medi Lurk B > Hoss A AP Split,1,1,2,50,
cpl_2026-03-11_1000_Castle_820710,2026-03-11,10:00,Castle,Cyberathletes Open Qualifier S10.5,ᴍᴇᴅɪꜱᴘᴏʀᴛꜱ ⓜ,#cohiba,Blue,(P) A2 - Ka'z!sports Hold Waits,1,1,2,50,
cpl_2026-03-11_1000_Castle_820710,2026-03-11,10:00,Castle,Cyberathletes Open Qualifier S10.5,ᴍᴇᴅɪꜱᴘᴏʀᴛꜱ ⓜ,#cohiba,Blue,(S) A1 Medi A10 First,0,1,1,0,
cpl_2026-03-11_1000_Castle_820710,2026-03-11,10:00,Castle,Cyberathletes Open Qualifier S10.5,ᴍᴇᴅɪꜱᴘᴏʀᴛꜱ ⓜ,#cohiba,Blue,(E) A3 - Waits on Waits,0,1,1,0,
cpl_2026-03-11_1000_Castle_820710,2026-03-11,10:00,Castle,Cyberathletes Open Qualifier S10.5,ᴍᴇᴅɪꜱᴘᴏʀᴛꜱ ⓜ,#cohiba,Blue,(S) A/B/Mid The MedingaporianZ Hold,1,2,3,33,
cpl_2026-03-11_1000_Castle_820710,2026-03-11,10:00,Castle,Cyberathletes Open Qualifier S10.5,ᴍᴇᴅɪꜱᴘᴏʀᴛꜱ ⓜ,#cohiba,Blue,(S) B/A Mamba Defence New FixAP,2,1,3,67,
cpl_2026-03-11_1000_Castle_820710,2026-03-11,10:00,Castle,Cyberathletes Open Qualifier S10.5,ᴍᴇᴅɪꜱᴘᴏʀᴛꜱ ⓜ,#cohiba,Blue,(S) Hold Tunnels Hold > PAX Wait Point,1,1,2,50,
cpl_2026-03-11_1000_Castle_820710,2026-03-11,10:00,Castle,Cyberathletes Open Qualifier S10.5,ᴍᴇᴅɪꜱᴘᴏʀᴛꜱ ⓜ,#cohiba,Blue,(S) Bait A > Hold Mid Split (Must!),2,1,3,67,
cpl_2026-03-11_1300_Train_820711,2026-03-11,13:00,Train,Cyberathletes Open Qualifier S10.5,ᴍᴇᴅɪꜱᴘᴏʀᴛꜱ ⓜ,pihaTNT,Red,(S)A - Fast Flash (DD),1,2,3,33,
cpl_2026-03-11_1300_Train_820711,2026-03-11,13:00,Train,Cyberathletes Open Qualifier S10.5,ᴍᴇᴅɪꜱᴘᴏʀᴛꜱ ⓜ,pihaTNT,Red,(E)B-FAST Stairs AP CT/Apps,0,1,1,0,
cpl_2026-03-11_1300_Train_820711,2026-03-11,13:00,Train,Cyberathletes Open Qualifier S10.5,ᴍᴇᴅɪꜱᴘᴏʀᴛꜱ ⓜ,pihaTNT,Red,(S)A-Ivy > CT > Con > ASite #1,0,2,2,0,
cpl_2026-03-11_1300_Train_820711,2026-03-11,13:00,Train,Cyberathletes Open Qualifier S10.5,ᴍᴇᴅɪꜱᴘᴏʀᴛꜱ ⓜ,pihaTNT,Red,(S)B-Stairs Fast > Con Control New,1,2,3,33,
cpl_2026-03-11_1300_Train_820711,2026-03-11,13:00,Train,Cyberathletes Open Qualifier S10.5,ᴍᴇᴅɪꜱᴘᴏʀᴛꜱ ⓜ,pihaTNT,Red,(S)B-Heaven Push > AP Wrap single,1,2,3,33,
cpl_2026-03-11_1300_Train_820711,2026-03-11,13:00,Train,Cyberathletes Open Qualifier S10.5,ᴍᴇᴅɪꜱᴘᴏʀᴛꜱ ⓜ,pihaTNT,Red,(S)B-Wait>Stairs Fast > Close Site,0,2,2,0,
cpl_2026-03-11_1300_Train_820711,2026-03-11,13:00,Train,Cyberathletes Open Qualifier S10.5,ᴍᴇᴅɪꜱᴘᴏʀᴛꜱ ⓜ,pihaTNT,Red,(S)A/B-Lurker A > Ex B,0,1,1,0,
cpl_2026-03-11_1300_Train_820711,2026-03-11,13:00,Train,Cyberathletes Open Qualifier S10.5,ᴍᴇᴅɪꜱᴘᴏʀᴛꜱ ⓜ,pihaTNT,Blue,(F)(P)A - AntiRush > PopDog Hold,3,1,4,75,
cpl_2026-03-11_1300_Train_820711,2026-03-11,13:00,Train,Cyberathletes Open Qualifier S10.5,ᴍᴇᴅɪꜱᴘᴏʀᴛꜱ ⓜ,pihaTNT,Blue,(S)B-Wait point front last train FLASH!,3,0,3,100,
cpl_2026-03-11_1300_Train_820711,2026-03-11,13:00,Train,Cyberathletes Open Qualifier S10.5,ᴍᴇᴅɪꜱᴘᴏʀᴛꜱ ⓜ,pihaTNT,Blue,(S)B-Dodgy Apps > Wait point flash,0,1,1,0,
cpl_2026-03-11_1300_Train_820711,2026-03-11,13:00,Train,Cyberathletes Open Qualifier S10.5,ᴍᴇᴅɪꜱᴘᴏʀᴛꜱ ⓜ,pihaTNT,Blue,(S)A-jdp-Con Wait Point AP NEW?,2,1,3,67,
cpl_2026-03-11_1300_Train_820711,2026-03-11,13:00,Train,Cyberathletes Open Qualifier S10.5,ᴍᴇᴅɪꜱᴘᴏʀᴛꜱ ⓜ,pihaTNT,Blue,(S)A/B-Ivy RUSH > Round 2 Pop #1,3,0,3,100,
cpl_2026-03-11_1300_Train_820711,2026-03-11,13:00,Train,Cyberathletes Open Qualifier S10.5,ᴍᴇᴅɪꜱᴘᴏʀᴛꜱ ⓜ,pihaTNT,Blue,(S)A-Medi DD Wait Point #1,0,1,1,0,
cpl_2026-03-11_1600_Castle_820833,2026-03-11,16:00,Castle,ᴍᴀᴅᴍᴇɴ ᴄᴀꜱᴛʟᴇ ʙᴏᴏᴛᴄᴀᴍᴘ ꜱ¹⁰,ᴍᴇᴅɪꜱᴘᴏʀᴛꜱ ⓜ,вɩαск ωιᴆɵω ᴘᴚɵτɵᴄɵɩ,Red,(P) B innercia Push,0,2,2,0,
cpl_2026-03-11_1600_Castle_820833,2026-03-11,16:00,Castle,ᴍᴀᴅᴍᴇɴ ᴄᴀꜱᴛʟᴇ ʙᴏᴏᴛᴄᴀᴍᴘ ꜱ¹⁰,ᴍᴇᴅɪꜱᴘᴏʀᴛꜱ ⓜ,вɩαск ωιᴆɵω ᴘᴚɵτɵᴄɵɩ,Red,(E) A > Medi Full Push Main,0,1,1,0,
cpl_2026-03-11_1600_Castle_820833,2026-03-11,16:00,Castle,ᴍᴀᴅᴍᴇɴ ᴄᴀꜱᴛʟᴇ ʙᴏᴏᴛᴄᴀᴍᴘ ꜱ¹⁰,ᴍᴇᴅɪꜱᴘᴏʀᴛꜱ ⓜ,вɩαск ωιᴆɵω ᴘᴚɵτɵᴄɵɩ,Red,(E) B/A Medispliot Cross Doors>Split,0,1,1,0,
cpl_2026-03-11_1600_Castle_820833,2026-03-11,16:00,Castle,ᴍᴀᴅᴍᴇɴ ᴄᴀꜱᴛʟᴇ ʙᴏᴏᴛᴄᴀᴍᴘ ꜱ¹⁰,ᴍᴇᴅɪꜱᴘᴏʀᴛꜱ ⓜ,вɩαск ωιᴆɵω ᴘᴚɵτɵᴄɵɩ,Red,(S) B Medi Lurk B > Hoss A AP Split,1,2,3,33,
cpl_2026-03-11_1600_Castle_820833,2026-03-11,16:00,Castle,ᴍᴀᴅᴍᴇɴ ᴄᴀꜱᴛʟᴇ ʙᴏᴏᴛᴄᴀᴍᴘ ꜱ¹⁰,ᴍᴇᴅɪꜱᴘᴏʀᴛꜱ ⓜ,вɩαск ωιᴆɵω ᴘᴚɵτɵᴄɵɩ,Red,(S) B > Medi Spawn > Super Slow B,0,2,2,0,
cpl_2026-03-11_1600_Castle_820833,2026-03-11,16:00,Castle,ᴍᴀᴅᴍᴇɴ ᴄᴀꜱᴛʟᴇ ʙᴏᴏᴛᴄᴀᴍᴘ ꜱ¹⁰,ᴍᴇᴅɪꜱᴘᴏʀᴛꜱ ⓜ,вɩαск ωιᴆɵω ᴘᴚɵτɵᴄɵɩ,Red,(S) A > Medi Full Push Main,0,3,3,0,
cpl_2026-03-11_1600_Castle_820833,2026-03-11,16:00,Castle,ᴍᴀᴅᴍᴇɴ ᴄᴀꜱᴛʟᴇ ʙᴏᴏᴛᴄᴀᴍᴘ ꜱ¹⁰,ᴍᴇᴅɪꜱᴘᴏʀᴛꜱ ⓜ,вɩαск ωιᴆɵω ᴘᴚɵτɵᴄɵɩ,Red,(S) A > innercia Solid A,1,2,3,33,
cpl_2026-03-11_1600_Castle_820833,2026-03-11,16:00,Castle,ᴍᴀᴅᴍᴇɴ ᴄᴀꜱᴛʟᴇ ʙᴏᴏᴛᴄᴀᴍᴘ ꜱ¹⁰,ᴍᴇᴅɪꜱᴘᴏʀᴛꜱ ⓜ,вɩαск ωιᴆɵω ᴘᴚɵτɵᴄɵɩ,Blue,(E) A1 Medi A10 First #1,0,1,1,0,
cpl_2026-03-11_1600_Castle_820833,2026-03-11,16:00,Castle,ᴍᴀᴅᴍᴇɴ ᴄᴀꜱᴛʟᴇ ʙᴏᴏᴛᴄᴀᴍᴘ ꜱ¹⁰,ᴍᴇᴅɪꜱᴘᴏʀᴛꜱ ⓜ,вɩαск ωιᴆɵω ᴘᴚɵτɵᴄɵɩ,Blue,(E) B1 Mid hold > Wait Tuns > 1 B,0,1,1,0,
cpl_2026-03-11_1600_Castle_820833,2026-03-11,16:00,Castle,ᴍᴀᴅᴍᴇɴ ᴄᴀꜱᴛʟᴇ ʙᴏᴏᴛᴄᴀᴍᴘ ꜱ¹⁰,ᴍᴇᴅɪꜱᴘᴏʀᴛꜱ ⓜ,вɩαск ωιᴆɵω ᴘᴚɵτɵᴄɵɩ,Blue,(S) B2 Hold Tunnels Hold > PAX Wait,0,1,1,0,
cpl_2026-03-12_0700_Castle_821307,2026-03-12,07:00,Castle,Cyberathletes Open Qualifier S10.7,ᴍᴇᴅɪꜱᴘᴏʀᴛꜱ ⓜ,Møjborgs Elite,Red,(P) A1 > Medi Full Push Main w/ Flash s,2,1,3,67,
cpl_2026-03-12_0700_Castle_821307,2026-03-12,07:00,Castle,Cyberathletes Open Qualifier S10.7,ᴍᴇᴅɪꜱᴘᴏʀᴛꜱ ⓜ,Møjborgs Elite,Red,(S) A3 > innercia Solid A,0,1,1,0,
cpl_2026-03-12_0700_Castle_821307,2026-03-12,07:00,Castle,Cyberathletes Open Qualifier S10.7,ᴍᴇᴅɪꜱᴘᴏʀᴛꜱ ⓜ,Møjborgs Elite,Red,(E) AB1 Medispliot Cross Doors>Split,0,1,1,0,
cpl_2026-03-12_0700_Castle_821307,2026-03-12,07:00,Castle,Cyberathletes Open Qualifier S10.7,ᴍᴇᴅɪꜱᴘᴏʀᴛꜱ ⓜ,Møjborgs Elite,Red,(S) AB2 Medi Lurk B > Hoss A AP Split,7,1,8,88,
cpl_2026-03-12_0700_Castle_821307,2026-03-12,07:00,Castle,Cyberathletes Open Qualifier S10.7,ᴍᴇᴅɪꜱᴘᴏʀᴛꜱ ⓜ,Møjborgs Elite,Red,(S) B1 innercia Push,0,1,1,0,
cpl_2026-03-12_0700_Castle_821307,2026-03-12,07:00,Castle,Cyberathletes Open Qualifier S10.7,ᴍᴇᴅɪꜱᴘᴏʀᴛꜱ ⓜ,Møjborgs Elite,Red,(S) B2 > Medi Spawn > Super Slow B,1,0,1,100,
cpl_2026-03-12_0700_Castle_821307,2026-03-12,07:00,Castle,Cyberathletes Open Qualifier S10.7,ᴍᴇᴅɪꜱᴘᴏʀᴛꜱ ⓜ,Møjborgs Elite,Blue,(P) A1 Medi A10 First #1,1,1,2,50,
cpl_2026-03-12_0700_Castle_821307,2026-03-12,07:00,Castle,Cyberathletes Open Qualifier S10.7,ᴍᴇᴅɪꜱᴘᴏʀᴛꜱ ⓜ,Møjborgs Elite,Blue,(E) B1 Mid hold > Wait Tuns > 1 B,1,1,2,50,
cpl_2026-03-12_0700_Castle_821307,2026-03-12,07:00,Castle,Cyberathletes Open Qualifier S10.7,ᴍᴇᴅɪꜱᴘᴏʀᴛꜱ ⓜ,Møjborgs Elite,Blue,(S) AB1 The MedingaporianZ Hold ?,0,1,1,0,
cpl_2026-03-12_0700_Castle_821307,2026-03-12,07:00,Castle,Cyberathletes Open Qualifier S10.7,ᴍᴇᴅɪꜱᴘᴏʀᴛꜱ ⓜ,Møjborgs Elite,Blue,(S) AB2 Mamba Defence New FixAP,2,1,3,67,
cpl_2026-03-12_0700_Castle_821307,2026-03-12,07:00,Castle,Cyberathletes Open Qualifier S10.7,ᴍᴇᴅɪꜱᴘᴏʀᴛꜱ ⓜ,Møjborgs Elite,Blue,(S) B2 Hold Tunnels Hold > PAX Wait,0,1,1,0,
cpl_2026-03-12_0700_Castle_821307,2026-03-12,07:00,Castle,Cyberathletes Open Qualifier S10.7,ᴍᴇᴅɪꜱᴘᴏʀᴛꜱ ⓜ,Møjborgs Elite,Blue,(S) A4/Mid Bait > Hold Mid (Must Have),2,0,2,100,
cpl_2026-03-12_0800_Train_821340,2026-03-12,08:00,Train,CPL Open Tournament S10.6,ᴍᴇᴅɪꜱᴘᴏʀᴛꜱ ⓜ,black coffée,Red,(S)A - Fast Flash (DD),0,1,1,0,
cpl_2026-03-12_0800_Train_821340,2026-03-12,08:00,Train,CPL Open Tournament S10.6,ᴍᴇᴅɪꜱᴘᴏʀᴛꜱ ⓜ,black coffée,Red,(E)B-FAST Stairs AP CT/Apps,0,1,1,0,
cpl_2026-03-12_0800_Train_821340,2026-03-12,08:00,Train,CPL Open Tournament S10.6,ᴍᴇᴅɪꜱᴘᴏʀᴛꜱ ⓜ,black coffée,Red,(S)B-Heaven Push > AP Wrap single,0,1,1,0,
cpl_2026-03-12_0800_Train_821340,2026-03-12,08:00,Train,CPL Open Tournament S10.6,ᴍᴇᴅɪꜱᴘᴏʀᴛꜱ ⓜ,black coffée,Red,(S)B-Wait>Stairs Fast > Close Site,0,1,1,0,
cpl_2026-03-12_0800_Train_821340,2026-03-12,08:00,Train,CPL Open Tournament S10.6,ᴍᴇᴅɪꜱᴘᴏʀᴛꜱ ⓜ,black coffée,Red,(S)A/B-Lurker A > Ex B,0,1,1,0,
cpl_2026-03-12_0800_Train_821340,2026-03-12,08:00,Train,CPL Open Tournament S10.6,ᴍᴇᴅɪꜱᴘᴏʀᴛꜱ ⓜ,black coffée,Red,(S)B-Stairs Fast > Con Control New,5,1,6,83,
cpl_2026-03-12_0800_Train_821340,2026-03-12,08:00,Train,CPL Open Tournament S10.6,ᴍᴇᴅɪꜱᴘᴏʀᴛꜱ ⓜ,black coffée,Blue,(F)(P)A - AntiRush > PopDog Hold,0,1,1,0,
cpl_2026-03-12_0800_Train_821340,2026-03-12,08:00,Train,CPL Open Tournament S10.6,ᴍᴇᴅɪꜱᴘᴏʀᴛꜱ ⓜ,black coffée,Blue,(E)B-Push Apps >A>Hold PopDogg,0,1,1,0,
cpl_2026-03-12_0800_Train_821340,2026-03-12,08:00,Train,CPL Open Tournament S10.6,ᴍᴇᴅɪꜱᴘᴏʀᴛꜱ ⓜ,black coffée,Blue,(E)B-Dodgy Apps > Wait point flash solob,1,1,2,50,
cpl_2026-03-12_0800_Train_821340,2026-03-12,08:00,Train,CPL Open Tournament S10.6,ᴍᴇᴅɪꜱᴘᴏʀᴛꜱ ⓜ,black coffée,Blue,(S)A/B-Ivy RUSH > Round 2 Pop #1,1,2,3,33,
cpl_2026-03-12_0800_Train_821340,2026-03-12,08:00,Train,CPL Open Tournament S10.6,ᴍᴇᴅɪꜱᴘᴏʀᴛꜱ ⓜ,black coffée,Blue,(S)B-Dodgy Apps > Wait point flash,2,2,4,50,
cpl_2026-03-12_0800_Train_821340,2026-03-12,08:00,Train,CPL Open Tournament S10.6,ᴍᴇᴅɪꜱᴘᴏʀᴛꜱ ⓜ,black coffée,Blue,(S)A-jdp-Con Wait Point AP NEW?,0,1,1,0,
cpl_2026-03-12_0800_Train_821340,2026-03-12,08:00,Train,CPL Open Tournament S10.6,ᴍᴇᴅɪꜱᴘᴏʀᴛꜱ ⓜ,black coffée,Blue,(S)A-Medi DD Wait Point #1,0,1,1,0,
cpl_2026-03-12_0800_Train_821340,2026-03-12,08:00,Train,CPL Open Tournament S10.6,ᴍᴇᴅɪꜱᴘᴏʀᴛꜱ ⓜ,black coffée,Blue,(S)B-Wait point front last train FLASH!,1,1,2,50,
cpl_2026-03-12_0830_Train_821308,2026-03-12,08:30,Train,Cyberathletes Open Qualifier S10.7,ᴍᴇᴅɪꜱᴘᴏʀᴛꜱ ⓜ,Cyber rpa4u,Red,(S)A - Fast Flash (DD),0,1,1,0,
cpl_2026-03-12_0830_Train_821308,2026-03-12,08:30,Train,Cyberathletes Open Qualifier S10.7,ᴍᴇᴅɪꜱᴘᴏʀᴛꜱ ⓜ,Cyber rpa4u,Red,(E)B-FAST Stairs AP CT/Apps,2,0,2,100,
cpl_2026-03-12_0830_Train_821308,2026-03-12,08:30,Train,Cyberathletes Open Qualifier S10.7,ᴍᴇᴅɪꜱᴘᴏʀᴛꜱ ⓜ,Cyber rpa4u,Red,(S)B-Heaven Push > AP Wrap single,1,1,2,50,
cpl_2026-03-12_0830_Train_821308,2026-03-12,08:30,Train,Cyberathletes Open Qualifier S10.7,ᴍᴇᴅɪꜱᴘᴏʀᴛꜱ ⓜ,Cyber rpa4u,Red,(S)A/B-Lurker A > Ex B,0,1,1,0,
cpl_2026-03-12_0830_Train_821308,2026-03-12,08:30,Train,Cyberathletes Open Qualifier S10.7,ᴍᴇᴅɪꜱᴘᴏʀᴛꜱ ⓜ,Cyber rpa4u,Red,(S)B-Wait>Stairs Fast > Close Site,0,1,1,0,
cpl_2026-03-12_0830_Train_821308,2026-03-12,08:30,Train,Cyberathletes Open Qualifier S10.7,ᴍᴇᴅɪꜱᴘᴏʀᴛꜱ ⓜ,Cyber rpa4u,Blue,(F)(P)A - AntiRush > PopDog Hold,0,2,2,0,
cpl_2026-03-12_0830_Train_821308,2026-03-12,08:30,Train,Cyberathletes Open Qualifier S10.7,ᴍᴇᴅɪꜱᴘᴏʀᴛꜱ ⓜ,Cyber rpa4u,Blue,(E)B-Dodgy Apps > Wait point flash solob,1,1,2,50,
cpl_2026-03-12_0830_Train_821308,2026-03-12,08:30,Train,Cyberathletes Open Qualifier S10.7,ᴍᴇᴅɪꜱᴘᴏʀᴛꜱ ⓜ,Cyber rpa4u,Blue,(E)B-Push Apps >A>Hold PopDogg,0,1,1,0,
cpl_2026-03-12_0830_Train_821308,2026-03-12,08:30,Train,Cyberathletes Open Qualifier S10.7,ᴍᴇᴅɪꜱᴘᴏʀᴛꜱ ⓜ,Cyber rpa4u,Blue,(S)A/B-Ivy RUSH > Round 2 Pop #1,0,1,1,0,
cpl_2026-03-12_0830_Train_821308,2026-03-12,08:30,Train,Cyberathletes Open Qualifier S10.7,ᴍᴇᴅɪꜱᴘᴏʀᴛꜱ ⓜ,Cyber rpa4u,Blue,(S)B-Dodgy Apps > Wait point flash,0,1,1,0,
cpl_2026-03-12_0830_Train_821308,2026-03-12,08:30,Train,Cyberathletes Open Qualifier S10.7,ᴍᴇᴅɪꜱᴘᴏʀᴛꜱ ⓜ,Cyber rpa4u,Blue,(S)B-Wait point front last train FLASH!,0,2,2,0,
cpl_2026-03-12_0830_Train_821308,2026-03-12,08:30,Train,Cyberathletes Open Qualifier S10.7,ᴍᴇᴅɪꜱᴘᴏʀᴛꜱ ⓜ,Cyber rpa4u,Blue,(S)A-Medi DD Wait Point #1,2,2,4,50,
cpl_2026-03-12_0830_Train_821308,2026-03-12,08:30,Train,Cyberathletes Open Qualifier S10.7,ᴍᴇᴅɪꜱᴘᴏʀᴛꜱ ⓜ,Cyber rpa4u,Blue,(S)A-jdp-Con Wait Point AP NEW?,0,2,2,0,
cpl_2026-03-12_1000_Train_821311,2026-03-12,10:00,Train,Cyberathletes Open Qualifier S10.7,ᴍᴇᴅɪꜱᴘᴏʀᴛꜱ ⓜ,Pain Trains,Red,(S)A - Fast Flash (DD),0,2,2,0,
cpl_2026-03-12_1000_Train_821311,2026-03-12,10:00,Train,Cyberathletes Open Qualifier S10.7,ᴍᴇᴅɪꜱᴘᴏʀᴛꜱ ⓜ,Pain Trains,Red,(E)B-FAST Stairs AP CT/Apps,0,2,2,0,
cpl_2026-03-12_1000_Train_821311,2026-03-12,10:00,Train,Cyberathletes Open Qualifier S10.7,ᴍᴇᴅɪꜱᴘᴏʀᴛꜱ ⓜ,Pain Trains,Red,(S)B-Stairs Fast > Con Control New,0,1,1,0,
cpl_2026-03-12_1000_Train_821311,2026-03-12,10:00,Train,Cyberathletes Open Qualifier S10.7,ᴍᴇᴅɪꜱᴘᴏʀᴛꜱ ⓜ,Pain Trains,Red,(S)A/B-Lurker A > Ex B,4,2,6,67,
cpl_2026-03-12_1000_Train_821311,2026-03-12,10:00,Train,Cyberathletes Open Qualifier S10.7,ᴍᴇᴅɪꜱᴘᴏʀᴛꜱ ⓜ,Pain Trains,Red,(S)B-Wait>Stairs Fast > Close Site,0,1,1,0,
cpl_2026-03-12_1000_Train_821311,2026-03-12,10:00,Train,Cyberathletes Open Qualifier S10.7,ᴍᴇᴅɪꜱᴘᴏʀᴛꜱ ⓜ,Pain Trains,Red,(S)B-Heaven Push > AP Wrap single,0,1,1,0,
cpl_2026-03-12_1000_Train_821311,2026-03-12,10:00,Train,Cyberathletes Open Qualifier S10.7,ᴍᴇᴅɪꜱᴘᴏʀᴛꜱ ⓜ,Pain Trains,Red,(S)A-Ivy > CT > Con > ASite #1,1,1,2,50,
cpl_2026-03-12_1000_Train_821311,2026-03-12,10:00,Train,Cyberathletes Open Qualifier S10.7,ᴍᴇᴅɪꜱᴘᴏʀᴛꜱ ⓜ,Pain Trains,Blue,(F)(P)A - AntiRush > PopDog Hold,0,1,1,0,
cpl_2026-03-12_1000_Train_821311,2026-03-12,10:00,Train,Cyberathletes Open Qualifier S10.7,ᴍᴇᴅɪꜱᴘᴏʀᴛꜱ ⓜ,Pain Trains,Blue,(E)B-Dodgy Apps > Wait point flash solob,0,1,1,0,
cpl_2026-03-12_1000_Train_821311,2026-03-12,10:00,Train,Cyberathletes Open Qualifier S10.7,ᴍᴇᴅɪꜱᴘᴏʀᴛꜱ ⓜ,Pain Trains,Blue,(S)A/B-Ivy RUSH > Round 2 Pop #1,0,1,1,0,
cpl_2026-03-12_1000_Train_821311,2026-03-12,10:00,Train,Cyberathletes Open Qualifier S10.7,ᴍᴇᴅɪꜱᴘᴏʀᴛꜱ ⓜ,Pain Trains,Blue,(E)B-Push Apps >A>Hold PopDogg,0,1,1,0,
cpl_2026-03-12_1000_Train_821311,2026-03-12,10:00,Train,Cyberathletes Open Qualifier S10.7,ᴍᴇᴅɪꜱᴘᴏʀᴛꜱ ⓜ,Pain Trains,Blue,(S)B-Wait point front last train FLASH!,1,1,2,50,
cpl_2026-03-12_1000_Train_821311,2026-03-12,10:00,Train,Cyberathletes Open Qualifier S10.7,ᴍᴇᴅɪꜱᴘᴏʀᴛꜱ ⓜ,Pain Trains,Blue,(S)B-Dodgy Apps > Wait point flash,2,1,3,67,
cpl_2026-03-12_1000_Train_821342,2026-03-12,10:00,Train,CPL Open Tournament S10.6,ᴍᴇᴅɪꜱᴘᴏʀᴛꜱ ⓜ,Exército da Rua,Red,(S)A - Fast Flash (DD),0,1,1,0,
cpl_2026-03-12_1000_Train_821342,2026-03-12,10:00,Train,CPL Open Tournament S10.6,ᴍᴇᴅɪꜱᴘᴏʀᴛꜱ ⓜ,Exército da Rua,Red,(E)B-FAST Stairs AP CT/Apps,0,1,1,0,
cpl_2026-03-12_1000_Train_821342,2026-03-12,10:00,Train,CPL Open Tournament S10.6,ᴍᴇᴅɪꜱᴘᴏʀᴛꜱ ⓜ,Exército da Rua,Blue,(F)(P)A - AntiRush > PopDog Hold,0,2,2,0,
cpl_2026-03-12_1000_Train_821342,2026-03-12,10:00,Train,CPL Open Tournament S10.6,ᴍᴇᴅɪꜱᴘᴏʀᴛꜱ ⓜ,Exército da Rua,Blue,(E)B-Dodgy Apps > Wait point flash solob,0,2,2,0,
cpl_2026-03-12_1000_Train_821342,2026-03-12,10:00,Train,CPL Open Tournament S10.6,ᴍᴇᴅɪꜱᴘᴏʀᴛꜱ ⓜ,Exército da Rua,Blue,(E)B-Push Apps >A>Hold PopDogg,0,1,1,0,
cpl_2026-03-12_1000_Train_821342,2026-03-12,10:00,Train,CPL Open Tournament S10.6,ᴍᴇᴅɪꜱᴘᴏʀᴛꜱ ⓜ,Exército da Rua,Blue,(S)B-Wait point front last train FLASH!,0,2,2,0,
cpl_2026-03-12_1000_Train_821342,2026-03-12,10:00,Train,CPL Open Tournament S10.6,ᴍᴇᴅɪꜱᴘᴏʀᴛꜱ ⓜ,Exército da Rua,Blue,(S)B-Dodgy Apps > Wait point flash,0,1,1,0,
cpl_2026-03-12_1000_Train_821342,2026-03-12,10:00,Train,CPL Open Tournament S10.6,ᴍᴇᴅɪꜱᴘᴏʀᴛꜱ ⓜ,Exército da Rua,Blue,(S)A-jdp-Con Wait Point AP NEW?,0,2,2,0,
cpl_2026-03-12_1000_Train_821342,2026-03-12,10:00,Train,CPL Open Tournament S10.6,ᴍᴇᴅɪꜱᴘᴏʀᴛꜱ ⓜ,Exército da Rua,Blue,(S)A-Medi DD Wait Point #1,1,2,3,33,
cpl_2026-03-12_1000_Train_821342,2026-03-12,10:00,Train,CPL Open Tournament S10.6,ᴍᴇᴅɪꜱᴘᴏʀᴛꜱ ⓜ,Exército da Rua,Blue,(S)A/B-Ivy RUSH > Round 2 Pop #1,0,2,2,0,
cpl_2026-03-12_1200_Castle_821343,2026-03-12,12:00,Castle,CPL Open Tournament S10.6,ᴍᴇᴅɪꜱᴘᴏʀᴛꜱ ⓜ,IIIIIIIIIIIIII,Red,(P) A1 > Medi Full Push Main w/ Flash s,15,0,15,100,
cpl_2026-03-12_1200_Castle_821343,2026-03-12,12:00,Castle,CPL Open Tournament S10.6,ᴍᴇᴅɪꜱᴘᴏʀᴛꜱ ⓜ,IIIIIIIIIIIIII,Blue,(P) A1 Medi A10 First #1,1,0,1,100,
cpl_2026-03-12_1400_Train_773836,2026-03-12,14:00,Train,CPL World Ladder Season 10,ᴍᴇᴅɪꜱᴘᴏʀᴛꜱ ⓜ,PrimaL Dgs,Red,(S)A - Fast Flash (DD),1,0,1,100,
cpl_2026-03-12_1400_Train_773836,2026-03-12,14:00,Train,CPL World Ladder Season 10,ᴍᴇᴅɪꜱᴘᴏʀᴛꜱ ⓜ,PrimaL Dgs,Red,(S)B-Wait>Stairs Fast > Close Site,1,0,1,100,
cpl_2026-03-12_1400_Train_773836,2026-03-12,14:00,Train,CPL World Ladder Season 10,ᴍᴇᴅɪꜱᴘᴏʀᴛꜱ ⓜ,PrimaL Dgs,Red,(S)A-Ivy > CT > Con > ASite #1,1,0,1,100,
cpl_2026-03-12_1400_Train_773836,2026-03-12,14:00,Train,CPL World Ladder Season 10,ᴍᴇᴅɪꜱᴘᴏʀᴛꜱ ⓜ,PrimaL Dgs,Blue,(F)(P)A - AntiRush > PopDog Hold,4,0,4,100,
cpl_2026-03-12_1400_Train_773836,2026-03-12,14:00,Train,CPL World Ladder Season 10,ᴍᴇᴅɪꜱᴘᴏʀᴛꜱ ⓜ,PrimaL Dgs,Blue,(S)A-Medi DD Wait Point #1,3,1,4,75,
cpl_2026-03-12_1400_Train_773836,2026-03-12,14:00,Train,CPL World Ladder Season 10,ᴍᴇᴅɪꜱᴘᴏʀᴛꜱ ⓜ,PrimaL Dgs,Blue,(S)B-Wait point front last train FLASH!,2,1,3,67,
cpl_2026-03-12_1400_Train_773836,2026-03-12,14:00,Train,CPL World Ladder Season 10,ᴍᴇᴅɪꜱᴘᴏʀᴛꜱ ⓜ,PrimaL Dgs,Blue,(S)B-Dodgy Apps > Wait point flash,3,0,3,100,
cpl_2026-03-12_1400_Train_773836,2026-03-12,14:00,Train,CPL World Ladder Season 10,ᴍᴇᴅɪꜱᴘᴏʀᴛꜱ ⓜ,PrimaL Dgs,Blue,(S)A-jdp-Con Wait Point AP NEW?,1,0,1,100,
cpl_2026-03-12_1800_Train_809367,2026-03-12,18:00,Train,League diamond #5,ᴍᴇᴅɪꜱᴘᴏʀᴛꜱ ⓜ,Black NirvanaAFK,Red,(S)A - Fast Flash (DD),0,1,1,0,
cpl_2026-03-12_1800_Train_809367,2026-03-12,18:00,Train,League diamond #5,ᴍᴇᴅɪꜱᴘᴏʀᴛꜱ ⓜ,Black NirvanaAFK,Red,(E)B-FAST Stairs AP CT/Apps,1,1,2,50,
cpl_2026-03-12_1800_Train_809367,2026-03-12,18:00,Train,League diamond #5,ᴍᴇᴅɪꜱᴘᴏʀᴛꜱ ⓜ,Black NirvanaAFK,Red,(S)B-Wait>Stairs Fast > Close Site,3,1,4,75,
cpl_2026-03-12_1800_Train_809367,2026-03-12,18:00,Train,League diamond #5,ᴍᴇᴅɪꜱᴘᴏʀᴛꜱ ⓜ,Black NirvanaAFK,Red,(S)B-Stairs Fast > Con Control New,0,1,1,0,
cpl_2026-03-12_1800_Train_809367,2026-03-12,18:00,Train,League diamond #5,ᴍᴇᴅɪꜱᴘᴏʀᴛꜱ ⓜ,Black NirvanaAFK,Red,(S)A/B-Lurker A > Ex B,2,1,3,67,
cpl_2026-03-12_1800_Train_809367,2026-03-12,18:00,Train,League diamond #5,ᴍᴇᴅɪꜱᴘᴏʀᴛꜱ ⓜ,Black NirvanaAFK,Red,(S)B-Heaven Push > AP Wrap single,0,1,1,0,
cpl_2026-03-12_1800_Train_809367,2026-03-12,18:00,Train,League diamond #5,ᴍᴇᴅɪꜱᴘᴏʀᴛꜱ ⓜ,Black NirvanaAFK,Red,(S)A-Ivy > CT > Con > ASite #1,3,0,3,100,
cpl_2026-03-12_1800_Train_809367,2026-03-12,18:00,Train,League diamond #5,ᴍᴇᴅɪꜱᴘᴏʀᴛꜱ ⓜ,Black NirvanaAFK,Blue,(F)(P)A - AntiRush > PopDog Hold,0,1,1,0,
cpl_2026-03-12_1800_Train_809367,2026-03-12,18:00,Train,League diamond #5,ᴍᴇᴅɪꜱᴘᴏʀᴛꜱ ⓜ,Black NirvanaAFK,Blue,(E)B-Dodgy Apps > Wait point flash solob,0,1,1,0,
cpl_2026-03-12_1800_Train_809367,2026-03-12,18:00,Train,League diamond #5,ᴍᴇᴅɪꜱᴘᴏʀᴛꜱ ⓜ,Black NirvanaAFK,Blue,(S)A-Medi DD Wait Point #1,0,2,2,0,
cpl_2026-03-12_1800_Train_809367,2026-03-12,18:00,Train,League diamond #5,ᴍᴇᴅɪꜱᴘᴏʀᴛꜱ ⓜ,Black NirvanaAFK,Blue,(S)A-jdp-Con Wait Point AP NEW?,0,2,2,0,
cpl_2026-03-12_1800_Train_809367,2026-03-12,18:00,Train,League diamond #5,ᴍᴇᴅɪꜱᴘᴏʀᴛꜱ ⓜ,Black NirvanaAFK,Blue,(S)B-Wait point front last train FLASH!,0,1,1,0,
cpl_2026-03-12_1800_Train_809367,2026-03-12,18:00,Train,League diamond #5,ᴍᴇᴅɪꜱᴘᴏʀᴛꜱ ⓜ,Black NirvanaAFK,Blue,(S)A/B-Ivy RUSH > Round 2 Pop #1,0,2,2,0,
cpl_2026-03-12_1800_Train_809367,2026-03-12,18:00,Train,League diamond #5,ᴍᴇᴅɪꜱᴘᴏʀᴛꜱ ⓜ,Black NirvanaAFK,Blue,(S)B-Dodgy Apps > Wait point flash,2,1,3,67,
cpl_2026-03-13_0700_Train_821656,2026-03-13,07:00,Train,Cyberathletes Open Qualifier S10.9,ᴍᴇᴅɪꜱᴘᴏʀᴛꜱ ⓜ,Kellerkinder,Red,(S)A - Fast Flash (DD),3,1,4,75,
cpl_2026-03-13_0700_Train_821656,2026-03-13,07:00,Train,Cyberathletes Open Qualifier S10.9,ᴍᴇᴅɪꜱᴘᴏʀᴛꜱ ⓜ,Kellerkinder,Red,(S)B-Heaven Push > AP Wrap single,1,1,2,50,
cpl_2026-03-13_0700_Train_821656,2026-03-13,07:00,Train,Cyberathletes Open Qualifier S10.9,ᴍᴇᴅɪꜱᴘᴏʀᴛꜱ ⓜ,Kellerkinder,Red,(E)B-FAST Stairs AP CT/Apps,1,0,1,100,
cpl_2026-03-13_0700_Train_821656,2026-03-13,07:00,Train,Cyberathletes Open Qualifier S10.9,ᴍᴇᴅɪꜱᴘᴏʀᴛꜱ ⓜ,Kellerkinder,Red,(S)A/B-Lurker A > Ex B,4,1,5,80,
cpl_2026-03-13_0700_Train_821656,2026-03-13,07:00,Train,Cyberathletes Open Qualifier S10.9,ᴍᴇᴅɪꜱᴘᴏʀᴛꜱ ⓜ,Kellerkinder,Red,(S)A-Ivy > CT > Con > ASite #1,1,1,2,50,
cpl_2026-03-13_0700_Train_821656,2026-03-13,07:00,Train,Cyberathletes Open Qualifier S10.9,ᴍᴇᴅɪꜱᴘᴏʀᴛꜱ ⓜ,Kellerkinder,Red,(S)B-Wait>Stairs Fast > Close Site,1,0,1,100,
cpl_2026-03-13_0700_Train_821656,2026-03-13,07:00,Train,Cyberathletes Open Qualifier S10.9,ᴍᴇᴅɪꜱᴘᴏʀᴛꜱ ⓜ,Kellerkinder,Blue,(F)(P)A - AntiRush > PopDog Hold,2,1,3,67,
cpl_2026-03-13_0700_Train_821656,2026-03-13,07:00,Train,Cyberathletes Open Qualifier S10.9,ᴍᴇᴅɪꜱᴘᴏʀᴛꜱ ⓜ,Kellerkinder,Blue,(S)A/B-Ivy RUSH > Round 2 Pop #1,2,1,3,67,
cpl_2026-03-13_0700_Train_821656,2026-03-13,07:00,Train,Cyberathletes Open Qualifier S10.9,ᴍᴇᴅɪꜱᴘᴏʀᴛꜱ ⓜ,Kellerkinder,Blue,(S)A-Medi DD Wait Point #1,1,0,1,100,
cpl_2026-03-13_0830_Train_821657,2026-03-13,08:30,Train,Cyberathletes Open Qualifier S10.9,ᴍᴇᴅɪꜱᴘᴏʀᴛꜱ ⓜ,Pain Trains,Red,(S)A - Fast Flash (DD),0,1,1,0,
cpl_2026-03-13_0830_Train_821657,2026-03-13,08:30,Train,Cyberathletes Open Qualifier S10.9,ᴍᴇᴅɪꜱᴘᴏʀᴛꜱ ⓜ,Pain Trains,Red,(E)B-FAST Stairs AP CT/Apps,2,0,2,100,
cpl_2026-03-13_0830_Train_821657,2026-03-13,08:30,Train,Cyberathletes Open Qualifier S10.9,ᴍᴇᴅɪꜱᴘᴏʀᴛꜱ ⓜ,Pain Trains,Red,(S)A/B-Lurker A > Ex B,1,1,2,50,
cpl_2026-03-13_0830_Train_821657,2026-03-13,08:30,Train,Cyberathletes Open Qualifier S10.9,ᴍᴇᴅɪꜱᴘᴏʀᴛꜱ ⓜ,Pain Trains,Red,(S)A-Ivy > CT > Con > ASite #1,0,1,1,0,
cpl_2026-03-13_0830_Train_821657,2026-03-13,08:30,Train,Cyberathletes Open Qualifier S10.9,ᴍᴇᴅɪꜱᴘᴏʀᴛꜱ ⓜ,Pain Trains,Red,(S)B-Stairs Fast > Con Control New,2,1,3,67,
cpl_2026-03-13_0830_Train_821657,2026-03-13,08:30,Train,Cyberathletes Open Qualifier S10.9,ᴍᴇᴅɪꜱᴘᴏʀᴛꜱ ⓜ,Pain Trains,Red,(S)B-Wait>Stairs Fast > Close Site,0,1,1,0,
cpl_2026-03-13_0830_Train_821657,2026-03-13,08:30,Train,Cyberathletes Open Qualifier S10.9,ᴍᴇᴅɪꜱᴘᴏʀᴛꜱ ⓜ,Pain Trains,Blue,(F)(P)A - AntiRush > PopDog Hold,0,2,2,0,
cpl_2026-03-13_0830_Train_821657,2026-03-13,08:30,Train,Cyberathletes Open Qualifier S10.9,ᴍᴇᴅɪꜱᴘᴏʀᴛꜱ ⓜ,Pain Trains,Blue,(E)B-Dodgy Apps > Wait point flash solob,0,1,1,0,
cpl_2026-03-13_0830_Train_821657,2026-03-13,08:30,Train,Cyberathletes Open Qualifier S10.9,ᴍᴇᴅɪꜱᴘᴏʀᴛꜱ ⓜ,Pain Trains,Blue,(E)B-Push Apps >A>Hold PopDogg,0,2,2,0,
cpl_2026-03-13_0830_Train_821657,2026-03-13,08:30,Train,Cyberathletes Open Qualifier S10.9,ᴍᴇᴅɪꜱᴘᴏʀᴛꜱ ⓜ,Pain Trains,Blue,(S)B-Dodgy Apps > Wait point flash,1,2,3,33,
cpl_2026-03-13_0830_Train_821657,2026-03-13,08:30,Train,Cyberathletes Open Qualifier S10.9,ᴍᴇᴅɪꜱᴘᴏʀᴛꜱ ⓜ,Pain Trains,Blue,(S)B-Wait point front last train FLASH!,1,1,2,50,
cpl_2026-03-13_0830_Train_821657,2026-03-13,08:30,Train,Cyberathletes Open Qualifier S10.9,ᴍᴇᴅɪꜱᴘᴏʀᴛꜱ ⓜ,Pain Trains,Blue,(S)A-jdp-Con Wait Point AP NEW?,0,1,1,0,
cpl_2026-03-13_0830_Train_821657,2026-03-13,08:30,Train,Cyberathletes Open Qualifier S10.9,ᴍᴇᴅɪꜱᴘᴏʀᴛꜱ ⓜ,Pain Trains,Blue,(S)A-Medi DD Wait Point #1,0,1,1,0,
cpl_2026-03-13_0830_Train_821657,2026-03-13,08:30,Train,Cyberathletes Open Qualifier S10.9,ᴍᴇᴅɪꜱᴘᴏʀᴛꜱ ⓜ,Pain Trains,Blue,(S)A/B-Ivy RUSH > Round 2 Pop #1,2,1,3,67,
cpl_2026-03-13_1000_Castle_821660,2026-03-13,10:00,Castle,Cyberathletes Open Qualifier S10.9,ᴍᴇᴅɪꜱᴘᴏʀᴛꜱ ⓜ,ᴅᴜᴄᴋ ʜᴜɴᴛᴇʀꜱ,Red,(P) A1 > Medi Full Push Main w/ Flash s,0,2,2,0,
cpl_2026-03-13_1000_Castle_821660,2026-03-13,10:00,Castle,Cyberathletes Open Qualifier S10.9,ᴍᴇᴅɪꜱᴘᴏʀᴛꜱ ⓜ,ᴅᴜᴄᴋ ʜᴜɴᴛᴇʀꜱ,Red,(E) AB1 Medispliot Cross Doors>Split,0,1,1,0,
cpl_2026-03-13_1000_Castle_821660,2026-03-13,10:00,Castle,Cyberathletes Open Qualifier S10.9,ᴍᴇᴅɪꜱᴘᴏʀᴛꜱ ⓜ,ᴅᴜᴄᴋ ʜᴜɴᴛᴇʀꜱ,Red,(E) A2 > Medi Full Push Main w/ Flash,0,1,1,0,
cpl_2026-03-13_1000_Castle_821660,2026-03-13,10:00,Castle,Cyberathletes Open Qualifier S10.9,ᴍᴇᴅɪꜱᴘᴏʀᴛꜱ ⓜ,ᴅᴜᴄᴋ ʜᴜɴᴛᴇʀꜱ,Red,(S) B1 innercia Push,0,2,2,0,
cpl_2026-03-13_1000_Castle_821660,2026-03-13,10:00,Castle,Cyberathletes Open Qualifier S10.9,ᴍᴇᴅɪꜱᴘᴏʀᴛꜱ ⓜ,ᴅᴜᴄᴋ ʜᴜɴᴛᴇʀꜱ,Red,(S) AB2 Medi Lurk B > Hoss A AP Split,0,3,3,0,
cpl_2026-03-13_1000_Castle_821660,2026-03-13,10:00,Castle,Cyberathletes Open Qualifier S10.9,ᴍᴇᴅɪꜱᴘᴏʀᴛꜱ ⓜ,ᴅᴜᴄᴋ ʜᴜɴᴛᴇʀꜱ,Red,(S) A3 > innercia Solid A,0,3,3,0,
cpl_2026-03-13_1000_Castle_821660,2026-03-13,10:00,Castle,Cyberathletes Open Qualifier S10.9,ᴍᴇᴅɪꜱᴘᴏʀᴛꜱ ⓜ,ᴅᴜᴄᴋ ʜᴜɴᴛᴇʀꜱ,Red,(S) B2 > Medi Spawn > Super Slow B,0,3,3,0,
cpl_2026-03-13_1000_Castle_821660,2026-03-13,10:00,Castle,Cyberathletes Open Qualifier S10.9,ᴍᴇᴅɪꜱᴘᴏʀᴛꜱ ⓜ,ᴅᴜᴄᴋ ʜᴜɴᴛᴇʀꜱ,Blue,(P) A1 Medi A10 First #1,0,1,1,0,
cpl_2026-03-13_1300_Train_822231,2026-03-13,13:00,Train,Nova Prime Championship Stage 2,ᴍᴇᴅɪꜱᴘᴏʀᴛꜱ ⓜ,BurHaNS.tM,Red,(S)A - Fast Flash (DD),0,1,1,0,
cpl_2026-03-13_1300_Train_822231,2026-03-13,13:00,Train,Nova Prime Championship Stage 2,ᴍᴇᴅɪꜱᴘᴏʀᴛꜱ ⓜ,BurHaNS.tM,Red,(E)B-FAST Stairs AP CT/Apps,1,0,1,100,
cpl_2026-03-13_1300_Train_822231,2026-03-13,13:00,Train,Nova Prime Championship Stage 2,ᴍᴇᴅɪꜱᴘᴏʀᴛꜱ ⓜ,BurHaNS.tM,Red,(S)A-Ivy > CT > Con > ASite #1,2,1,3,67,
cpl_2026-03-13_1300_Train_822231,2026-03-13,13:00,Train,Nova Prime Championship Stage 2,ᴍᴇᴅɪꜱᴘᴏʀᴛꜱ ⓜ,BurHaNS.tM,Red,(S)B-Wait>Stairs Fast > Close Site,10,0,10,100,
cpl_2026-03-13_1300_Train_822231,2026-03-13,13:00,Train,Nova Prime Championship Stage 2,ᴍᴇᴅɪꜱᴘᴏʀᴛꜱ ⓜ,BurHaNS.tM,Blue,(F)(P)A - AntiRush > PopDog Hold,0,1,1,0,
cpl_2026-03-13_1300_Train_822231,2026-03-13,13:00,Train,Nova Prime Championship Stage 2,ᴍᴇᴅɪꜱᴘᴏʀᴛꜱ ⓜ,BurHaNS.tM,Blue,(E)B-Push Apps >A>Hold PopDogg,0,1,1,0,
cpl_2026-03-13_1300_Train_822231,2026-03-13,13:00,Train,Nova Prime Championship Stage 2,ᴍᴇᴅɪꜱᴘᴏʀᴛꜱ ⓜ,BurHaNS.tM,Blue,(S)A/B-Ivy RUSH > Round 2 Pop #1,3,0,3,100,
cpl_2026-03-13_1400_Castle_821701,2026-03-13,14:00,Castle,CPL World Ladder Season 10,ᴍᴇᴅɪꜱᴘᴏʀᴛꜱ ⓜ,COLONSAKI EC,Red,(P) A1 > Medi Full Push Main w/ Flash s,0,1,1,0,
cpl_2026-03-13_1400_Castle_821701,2026-03-13,14:00,Castle,CPL World Ladder Season 10,ᴍᴇᴅɪꜱᴘᴏʀᴛꜱ ⓜ,COLONSAKI EC,Red,(E) AB1 Medispliot Cross Doors>Split,1,1,2,50,
cpl_2026-03-13_1400_Castle_821701,2026-03-13,14:00,Castle,CPL World Ladder Season 10,ᴍᴇᴅɪꜱᴘᴏʀᴛꜱ ⓜ,COLONSAKI EC,Red,(S) A3 > innercia Solid A,2,1,3,67,
cpl_2026-03-13_1400_Castle_821701,2026-03-13,14:00,Castle,CPL World Ladder Season 10,ᴍᴇᴅɪꜱᴘᴏʀᴛꜱ ⓜ,COLONSAKI EC,Red,(S) AB2 Medi Lurk B > Hoss A AP Split,1,1,2,50,
cpl_2026-03-13_1400_Castle_821701,2026-03-13,14:00,Castle,CPL World Ladder Season 10,ᴍᴇᴅɪꜱᴘᴏʀᴛꜱ ⓜ,COLONSAKI EC,Red,(E) A2 > Medi Full Push Main w/ Flash,1,1,2,50,
cpl_2026-03-13_1400_Castle_821701,2026-03-13,14:00,Castle,CPL World Ladder Season 10,ᴍᴇᴅɪꜱᴘᴏʀᴛꜱ ⓜ,COLONSAKI EC,Red,(S) B1 innercia Push,2,1,3,67,
cpl_2026-03-13_1400_Castle_821701,2026-03-13,14:00,Castle,CPL World Ladder Season 10,ᴍᴇᴅɪꜱᴘᴏʀᴛꜱ ⓜ,COLONSAKI EC,Red,(S) B2 > Medi Spawn > Super Slow B,0,1,1,0,
cpl_2026-03-13_1400_Castle_821701,2026-03-13,14:00,Castle,CPL World Ladder Season 10,ᴍᴇᴅɪꜱᴘᴏʀᴛꜱ ⓜ,COLONSAKI EC,Blue,(P) A1 Medi A10 First #1,0,1,1,0,
cpl_2026-03-13_1400_Castle_821701,2026-03-13,14:00,Castle,CPL World Ladder Season 10,ᴍᴇᴅɪꜱᴘᴏʀᴛꜱ ⓜ,COLONSAKI EC,Blue,(E) B1 Mid hold > Wait Tuns > 1 B,2,0,2,100,
cpl_2026-03-13_1400_Castle_821701,2026-03-13,14:00,Castle,CPL World Ladder Season 10,ᴍᴇᴅɪꜱᴘᴏʀᴛꜱ ⓜ,COLONSAKI EC,Blue,(S) AB2 Mamba Defence New FixAP,1,1,2,50,
cpl_2026-03-13_1400_Castle_821701,2026-03-13,14:00,Castle,CPL World Ladder Season 10,ᴍᴇᴅɪꜱᴘᴏʀᴛꜱ ⓜ,COLONSAKI EC,Blue,(S) A4/Mid Bait > Hold Mid (Must Have),4,1,5,80,
cpl_2026-03-13_1400_Castle_821701,2026-03-13,14:00,Castle,CPL World Ladder Season 10,ᴍᴇᴅɪꜱᴘᴏʀᴛꜱ ⓜ,COLONSAKI EC,Blue,(S) B2 Hold Tunnels Hold>PAX Wait AP,1,2,3,33,
cpl_2026-03-13_1400_Castle_821701,2026-03-13,14:00,Castle,CPL World Ladder Season 10,ᴍᴇᴅɪꜱᴘᴏʀᴛꜱ ⓜ,COLONSAKI EC,Blue,(S) AB1 The MedingaporianZ Hold ?,1,1,2,50,
cpl_2026-03-13_1500_Castle_822525,2026-03-13,15:00,Castle,Nova Prime Championship Stage 2,ᴍᴇᴅɪꜱᴘᴏʀᴛꜱ ⓜ,Troll E-Sports,Red,(P) A1 > Medi Full Push Main w/ Flashnew,0,2,2,0,
cpl_2026-03-13_1500_Castle_822525,2026-03-13,15:00,Castle,Nova Prime Championship Stage 2,ᴍᴇᴅɪꜱᴘᴏʀᴛꜱ ⓜ,Troll E-Sports,Red,(E) A2 > Medi Full Push Main w/ Flash2,1,1,2,50,
cpl_2026-03-13_1500_Castle_822525,2026-03-13,15:00,Castle,Nova Prime Championship Stage 2,ᴍᴇᴅɪꜱᴘᴏʀᴛꜱ ⓜ,Troll E-Sports,Red,(E) AB1 Medispliot Cross Doors>Split,0,1,1,0,
cpl_2026-03-13_1500_Castle_822525,2026-03-13,15:00,Castle,Nova Prime Championship Stage 2,ᴍᴇᴅɪꜱᴘᴏʀᴛꜱ ⓜ,Troll E-Sports,Red,(S) B2 > Medi Spawn > Super Slow B,1,1,2,50,
cpl_2026-03-13_1500_Castle_822525,2026-03-13,15:00,Castle,Nova Prime Championship Stage 2,ᴍᴇᴅɪꜱᴘᴏʀᴛꜱ ⓜ,Troll E-Sports,Red,(S) AB2 Medi Lurk B > Hoss A AP Split,3,1,4,75,
cpl_2026-03-13_1500_Castle_822525,2026-03-13,15:00,Castle,Nova Prime Championship Stage 2,ᴍᴇᴅɪꜱᴘᴏʀᴛꜱ ⓜ,Troll E-Sports,Red,(S) A3 > innercia Solid A,0,1,1,0,
cpl_2026-03-13_1500_Castle_822525,2026-03-13,15:00,Castle,Nova Prime Championship Stage 2,ᴍᴇᴅɪꜱᴘᴏʀᴛꜱ ⓜ,Troll E-Sports,Red,(S) B1 innercia Push,2,1,3,67,
cpl_2026-03-13_1500_Castle_822525,2026-03-13,15:00,Castle,Nova Prime Championship Stage 2,ᴍᴇᴅɪꜱᴘᴏʀᴛꜱ ⓜ,Troll E-Sports,Blue,(P) A1 Medi A10 First #1,1,1,2,50,
cpl_2026-03-13_1500_Castle_822525,2026-03-13,15:00,Castle,Nova Prime Championship Stage 2,ᴍᴇᴅɪꜱᴘᴏʀᴛꜱ ⓜ,Troll E-Sports,Blue,(E) B1 Mid hold > Wait Tuns > 1 B,3,0,3,100,
cpl_2026-03-13_1500_Castle_822525,2026-03-13,15:00,Castle,Nova Prime Championship Stage 2,ᴍᴇᴅɪꜱᴘᴏʀᴛꜱ ⓜ,Troll E-Sports,Blue,(S) AB2 Mamba Defence New FixAP,0,1,1,0,
cpl_2026-03-13_1500_Castle_822525,2026-03-13,15:00,Castle,Nova Prime Championship Stage 2,ᴍᴇᴅɪꜱᴘᴏʀᴛꜱ ⓜ,Troll E-Sports,Blue,(S) A4/Mid Bait > Hold Mid (Must Have),0,1,1,0,
cpl_2026-03-13_1500_Castle_822525,2026-03-13,15:00,Castle,Nova Prime Championship Stage 2,ᴍᴇᴅɪꜱᴘᴏʀᴛꜱ ⓜ,Troll E-Sports,Blue,(S) AB1 The MedingaporianZ Hold ?,5,0,5,100,
cpl_2026-03-13_1700_Train_822766,2026-03-13,17:00,Train,Nova Prime Championship Stage 2,ᴍᴇᴅɪꜱᴘᴏʀᴛꜱ ⓜ,Inglourious Basterds,Red,(S)A - Fast Flash (DD),6,1,7,86,
cpl_2026-03-13_1700_Train_822766,2026-03-13,17:00,Train,Nova Prime Championship Stage 2,ᴍᴇᴅɪꜱᴘᴏʀᴛꜱ ⓜ,Inglourious Basterds,Red,(S)B-Heaven Push > AP Wrap single,1,1,2,50,
cpl_2026-03-13_1700_Train_822766,2026-03-13,17:00,Train,Nova Prime Championship Stage 2,ᴍᴇᴅɪꜱᴘᴏʀᴛꜱ ⓜ,Inglourious Basterds,Red,(E)B-FAST Stairs AP CT/Apps,0,1,1,0,
cpl_2026-03-13_1700_Train_822766,2026-03-13,17:00,Train,Nova Prime Championship Stage 2,ᴍᴇᴅɪꜱᴘᴏʀᴛꜱ ⓜ,Inglourious Basterds,Red,(S)A/B-Lurker A > Ex B,1,1,2,50,
cpl_2026-03-13_1700_Train_822766,2026-03-13,17:00,Train,Nova Prime Championship Stage 2,ᴍᴇᴅɪꜱᴘᴏʀᴛꜱ ⓜ,Inglourious Basterds,Red,(S)A-Ivy > CT > Con > ASite #1,1,1,2,50,
cpl_2026-03-13_1700_Train_822766,2026-03-13,17:00,Train,Nova Prime Championship Stage 2,ᴍᴇᴅɪꜱᴘᴏʀᴛꜱ ⓜ,Inglourious Basterds,Red,(S)B-Stairs Fast > Con Control New,1,2,3,33,
cpl_2026-03-13_1700_Train_822766,2026-03-13,17:00,Train,Nova Prime Championship Stage 2,ᴍᴇᴅɪꜱᴘᴏʀᴛꜱ ⓜ,Inglourious Basterds,Red,(S)B-Wait>Stairs Fast > Close Site,1,0,1,100,
cpl_2026-03-13_1700_Train_822766,2026-03-13,17:00,Train,Nova Prime Championship Stage 2,ᴍᴇᴅɪꜱᴘᴏʀᴛꜱ ⓜ,Inglourious Basterds,Blue,(F)(P)A - AntiRush > PopDog Hold,3,1,4,75,
cpl_2026-03-13_1700_Train_822766,2026-03-13,17:00,Train,Nova Prime Championship Stage 2,ᴍᴇᴅɪꜱᴘᴏʀᴛꜱ ⓜ,Inglourious Basterds,Blue,(S)A/B-Ivy RUSH > Round 2 Pop #1,1,2,3,33,
cpl_2026-03-13_1700_Train_822766,2026-03-13,17:00,Train,Nova Prime Championship Stage 2,ᴍᴇᴅɪꜱᴘᴏʀᴛꜱ ⓜ,Inglourious Basterds,Blue,(E)B-Dodgy Apps > Wait point flash solob,0,1,1,0,
cpl_2026-03-13_1700_Train_822766,2026-03-13,17:00,Train,Nova Prime Championship Stage 2,ᴍᴇᴅɪꜱᴘᴏʀᴛꜱ ⓜ,Inglourious Basterds,Blue,(S)A-Medi DD Wait Point #1,0,2,2,0,
cpl_2026-03-13_1700_Train_822766,2026-03-13,17:00,Train,Nova Prime Championship Stage 2,ᴍᴇᴅɪꜱᴘᴏʀᴛꜱ ⓜ,Inglourious Basterds,Blue,(S)B-Dodgy Apps > Wait point flash,3,1,4,75,
cpl_2026-03-13_1700_Train_822766,2026-03-13,17:00,Train,Nova Prime Championship Stage 2,ᴍᴇᴅɪꜱᴘᴏʀᴛꜱ ⓜ,Inglourious Basterds,Blue,(S)A-jdp-Con Wait Point AP NEW?,1,2,3,33,
cpl_2026-03-13_1700_Train_822766,2026-03-13,17:00,Train,Nova Prime Championship Stage 2,ᴍᴇᴅɪꜱᴘᴏʀᴛꜱ ⓜ,Inglourious Basterds,Blue,(S)B-Wait point front last train FLASH!,0,1,1,0,
cpl_2026-03-13_1800_Castle_809371,2026-03-13,18:00,Castle,League diamond #5,ᴍᴇᴅɪꜱᴘᴏʀᴛꜱ ⓜ,Grüne Mediziner,Red,(P) A1 > Medi Full Push Main w/ Flashnew,0,1,1,0,
cpl_2026-03-13_1800_Castle_809371,2026-03-13,18:00,Castle,League diamond #5,ᴍᴇᴅɪꜱᴘᴏʀᴛꜱ ⓜ,Grüne Mediziner,Red,(E) AB1 Medispliot Cross Doors>Split,0,1,1,0,
cpl_2026-03-13_1800_Castle_809371,2026-03-13,18:00,Castle,League diamond #5,ᴍᴇᴅɪꜱᴘᴏʀᴛꜱ ⓜ,Grüne Mediziner,Red,(S) B1 innercia Push,0,1,1,0,
cpl_2026-03-13_1800_Castle_809371,2026-03-13,18:00,Castle,League diamond #5,ᴍᴇᴅɪꜱᴘᴏʀᴛꜱ ⓜ,Grüne Mediziner,Red,(S) B2 > Medi Spawn > Super Slow B,0,1,1,0,
cpl_2026-03-13_1800_Castle_809371,2026-03-13,18:00,Castle,League diamond #5,ᴍᴇᴅɪꜱᴘᴏʀᴛꜱ ⓜ,Grüne Mediziner,Red,(S) A3 > innercia Solid A,0,1,1,0,
cpl_2026-03-13_1800_Castle_809371,2026-03-13,18:00,Castle,League diamond #5,ᴍᴇᴅɪꜱᴘᴏʀᴛꜱ ⓜ,Grüne Mediziner,Blue,(P) A1 Medi A10 First #1,0,2,2,0,
cpl_2026-03-13_1800_Castle_809371,2026-03-13,18:00,Castle,League diamond #5,ᴍᴇᴅɪꜱᴘᴏʀᴛꜱ ⓜ,Grüne Mediziner,Blue,(E) B1 Mid hold > Wait Tuns > 1 B,1,2,3,33,
cpl_2026-03-13_1800_Castle_809371,2026-03-13,18:00,Castle,League diamond #5,ᴍᴇᴅɪꜱᴘᴏʀᴛꜱ ⓜ,Grüne Mediziner,Blue,(S) AB1 The MedingaporianZ Hold ?,0,2,2,0,
cpl_2026-03-13_1800_Castle_809371,2026-03-13,18:00,Castle,League diamond #5,ᴍᴇᴅɪꜱᴘᴏʀᴛꜱ ⓜ,Grüne Mediziner,Blue,(S) AB2 Mamba Defence New FixAP,2,1,3,67,
cpl_2026-03-13_1800_Castle_809371,2026-03-13,18:00,Castle,League diamond #5,ᴍᴇᴅɪꜱᴘᴏʀᴛꜱ ⓜ,Grüne Mediziner,Blue,(S) B2 Hold Tunnels Hold>PAX Wait AP,0,2,2,0,
cpl_2026-03-13_1800_Castle_809371,2026-03-13,18:00,Castle,League diamond #5,ᴍᴇᴅɪꜱᴘᴏʀᴛꜱ ⓜ,Grüne Mediziner,Blue,(S) A4/Mid Bait > Hold Mid (Must Have),1,2,3,33,
cpl_2026-03-13_1800_Castle_820842,2026-03-13,18:00,Castle,ᴍᴀᴅᴍᴇɴ ᴄᴀꜱᴛʟᴇ ʙᴏᴏᴛᴄᴀᴍᴘ ꜱ¹⁰,ᴍᴇᴅɪꜱᴘᴏʀᴛꜱ ⓜ,ⲓⲛⲛⲉꞅⲥⲓⲁ,Red,(P) A1 > Medi Full Push Main w/ Flashnew,0,2,2,0,
cpl_2026-03-13_1800_Castle_820842,2026-03-13,18:00,Castle,ᴍᴀᴅᴍᴇɴ ᴄᴀꜱᴛʟᴇ ʙᴏᴏᴛᴄᴀᴍᴘ ꜱ¹⁰,ᴍᴇᴅɪꜱᴘᴏʀᴛꜱ ⓜ,ⲓⲛⲛⲉꞅⲥⲓⲁ,Red,(E) A2 > Medi Full Push Main w/ Flash2,0,1,1,0,
cpl_2026-03-13_1800_Castle_820842,2026-03-13,18:00,Castle,ᴍᴀᴅᴍᴇɴ ᴄᴀꜱᴛʟᴇ ʙᴏᴏᴛᴄᴀᴍᴘ ꜱ¹⁰,ᴍᴇᴅɪꜱᴘᴏʀᴛꜱ ⓜ,ⲓⲛⲛⲉꞅⲥⲓⲁ,Red,(S) B2 > Medi Spawn > Super Slow B,0,1,1,0,
cpl_2026-03-13_1800_Castle_820842,2026-03-13,18:00,Castle,ᴍᴀᴅᴍᴇɴ ᴄᴀꜱᴛʟᴇ ʙᴏᴏᴛᴄᴀᴍᴘ ꜱ¹⁰,ᴍᴇᴅɪꜱᴘᴏʀᴛꜱ ⓜ,ⲓⲛⲛⲉꞅⲥⲓⲁ,Red,(S) A3 > innercia Solid A,2,2,4,50,
cpl_2026-03-13_1800_Castle_820842,2026-03-13,18:00,Castle,ᴍᴀᴅᴍᴇɴ ᴄᴀꜱᴛʟᴇ ʙᴏᴏᴛᴄᴀᴍᴘ ꜱ¹⁰,ᴍᴇᴅɪꜱᴘᴏʀᴛꜱ ⓜ,ⲓⲛⲛⲉꞅⲥⲓⲁ,Red,(S) AB2 Medi Lurk B > Hoss A AP Split,0,2,2,0,
cpl_2026-03-13_1800_Castle_820842,2026-03-13,18:00,Castle,ᴍᴀᴅᴍᴇɴ ᴄᴀꜱᴛʟᴇ ʙᴏᴏᴛᴄᴀᴍᴘ ꜱ¹⁰,ᴍᴇᴅɪꜱᴘᴏʀᴛꜱ ⓜ,ⲓⲛⲛⲉꞅⲥⲓⲁ,Red,(S) B1 innercia Push,1,2,3,33,
cpl_2026-03-13_1800_Castle_820842,2026-03-13,18:00,Castle,ᴍᴀᴅᴍᴇɴ ᴄᴀꜱᴛʟᴇ ʙᴏᴏᴛᴄᴀᴍᴘ ꜱ¹⁰,ᴍᴇᴅɪꜱᴘᴏʀᴛꜱ ⓜ,ⲓⲛⲛⲉꞅⲥⲓⲁ,Blue,(P) A1 Medi A10 First #1,0,1,1,0,
cpl_2026-03-13_1800_Castle_820842,2026-03-13,18:00,Castle,ᴍᴀᴅᴍᴇɴ ᴄᴀꜱᴛʟᴇ ʙᴏᴏᴛᴄᴀᴍᴘ ꜱ¹⁰,ᴍᴇᴅɪꜱᴘᴏʀᴛꜱ ⓜ,ⲓⲛⲛⲉꞅⲥⲓⲁ,Blue,(E) B1 Mid hold > Wait Tuns > 1 B,2,0,2,100,
cpl_2026-03-13_1800_Castle_820842,2026-03-13,18:00,Castle,ᴍᴀᴅᴍᴇɴ ᴄᴀꜱᴛʟᴇ ʙᴏᴏᴛᴄᴀᴍᴘ ꜱ¹⁰,ᴍᴇᴅɪꜱᴘᴏʀᴛꜱ ⓜ,ⲓⲛⲛⲉꞅⲥⲓⲁ,Blue,(S) AB1 The MedingaporianZ Hold ?,5,2,7,71,
cpl_2026-03-13_1800_Castle_820842,2026-03-13,18:00,Castle,ᴍᴀᴅᴍᴇɴ ᴄᴀꜱᴛʟᴇ ʙᴏᴏᴛᴄᴀᴍᴘ ꜱ¹⁰,ᴍᴇᴅɪꜱᴘᴏʀᴛꜱ ⓜ,ⲓⲛⲛⲉꞅⲥⲓⲁ,Blue,(S) A4/Mid Bait > Hold Mid (Must Have),2,1,3,67,
cpl_2026-03-13_1800_Castle_820842,2026-03-13,18:00,Castle,ᴍᴀᴅᴍᴇɴ ᴄᴀꜱᴛʟᴇ ʙᴏᴏᴛᴄᴀᴍᴘ ꜱ¹⁰,ᴍᴇᴅɪꜱᴘᴏʀᴛꜱ ⓜ,ⲓⲛⲛⲉꞅⲥⲓⲁ,Blue,(S) B2 Hold Tunnels Hold>PAX Wait AP,0,1,1,0,
cpl_2026-03-13_1800_Castle_820842,2026-03-13,18:00,Castle,ᴍᴀᴅᴍᴇɴ ᴄᴀꜱᴛʟᴇ ʙᴏᴏᴛᴄᴀᴍᴘ ꜱ¹⁰,ᴍᴇᴅɪꜱᴘᴏʀᴛꜱ ⓜ,ⲓⲛⲛⲉꞅⲥⲓⲁ,Blue,(S) AB2 Mamba Defence New FixAP,0,1,1,0,
cpl_2026-03-13_1900_Castle_820843,2026-03-13,19:00,Castle,ᴍᴀᴅᴍᴇɴ ᴄᴀꜱᴛʟᴇ ʙᴏᴏᴛᴄᴀᴍᴘ ꜱ¹⁰,ᴍᴇᴅɪꜱᴘᴏʀᴛꜱ ⓜ,ⲓⲛⲛⲉꞅⲥⲓⲁ,Red,(P) A1 > Medi Full Push Main w/ Flashnew,0,2,2,0,
cpl_2026-03-13_1900_Castle_820843,2026-03-13,19:00,Castle,ᴍᴀᴅᴍᴇɴ ᴄᴀꜱᴛʟᴇ ʙᴏᴏᴛᴄᴀᴍᴘ ꜱ¹⁰,ᴍᴇᴅɪꜱᴘᴏʀᴛꜱ ⓜ,ⲓⲛⲛⲉꞅⲥⲓⲁ,Red,(E) AB1 Medispliot Cross Doors>Split,0,1,1,0,
cpl_2026-03-13_1900_Castle_820843,2026-03-13,19:00,Castle,ᴍᴀᴅᴍᴇɴ ᴄᴀꜱᴛʟᴇ ʙᴏᴏᴛᴄᴀᴍᴘ ꜱ¹⁰,ᴍᴇᴅɪꜱᴘᴏʀᴛꜱ ⓜ,ⲓⲛⲛⲉꞅⲥⲓⲁ,Red,(E) A2 > Medi Full Push Main w/ Flash2,0,1,1,0,
cpl_2026-03-13_1900_Castle_820843,2026-03-13,19:00,Castle,ᴍᴀᴅᴍᴇɴ ᴄᴀꜱᴛʟᴇ ʙᴏᴏᴛᴄᴀᴍᴘ ꜱ¹⁰,ᴍᴇᴅɪꜱᴘᴏʀᴛꜱ ⓜ,ⲓⲛⲛⲉꞅⲥⲓⲁ,Red,(S) B2 > Medi Spawn > Super Slow B,0,1,1,0,
cpl_2026-03-13_1900_Castle_820843,2026-03-13,19:00,Castle,ᴍᴀᴅᴍᴇɴ ᴄᴀꜱᴛʟᴇ ʙᴏᴏᴛᴄᴀᴍᴘ ꜱ¹⁰,ᴍᴇᴅɪꜱᴘᴏʀᴛꜱ ⓜ,ⲓⲛⲛⲉꞅⲥⲓⲁ,Red,(S) AB2 Medi Lurk B > Hoss A AP Split,4,1,5,80,
cpl_2026-03-13_1900_Castle_820843,2026-03-13,19:00,Castle,ᴍᴀᴅᴍᴇɴ ᴄᴀꜱᴛʟᴇ ʙᴏᴏᴛᴄᴀᴍᴘ ꜱ¹⁰,ᴍᴇᴅɪꜱᴘᴏʀᴛꜱ ⓜ,ⲓⲛⲛⲉꞅⲥⲓⲁ,Red,(S) A3 > innercia Solid A innercia anti,2,2,4,50,
cpl_2026-03-13_1900_Castle_820843,2026-03-13,19:00,Castle,ᴍᴀᴅᴍᴇɴ ᴄᴀꜱᴛʟᴇ ʙᴏᴏᴛᴄᴀᴍᴘ ꜱ¹⁰,ᴍᴇᴅɪꜱᴘᴏʀᴛꜱ ⓜ,ⲓⲛⲛⲉꞅⲥⲓⲁ,Red,(S) B1 innercia Push,0,1,1,0,
cpl_2026-03-13_1900_Castle_820843,2026-03-13,19:00,Castle,ᴍᴀᴅᴍᴇɴ ᴄᴀꜱᴛʟᴇ ʙᴏᴏᴛᴄᴀᴍᴘ ꜱ¹⁰,ᴍᴇᴅɪꜱᴘᴏʀᴛꜱ ⓜ,ⲓⲛⲛⲉꞅⲥⲓⲁ,Blue,(P) A1 Medi A10 First #1,2,1,3,67,
cpl_2026-03-13_1900_Castle_820843,2026-03-13,19:00,Castle,ᴍᴀᴅᴍᴇɴ ᴄᴀꜱᴛʟᴇ ʙᴏᴏᴛᴄᴀᴍᴘ ꜱ¹⁰,ᴍᴇᴅɪꜱᴘᴏʀᴛꜱ ⓜ,ⲓⲛⲛⲉꞅⲥⲓⲁ,Blue,(E) B1 Mid hold > Wait Tuns > 1 B,1,0,1,100,
cpl_2026-03-13_1900_Castle_820843,2026-03-13,19:00,Castle,ᴍᴀᴅᴍᴇɴ ᴄᴀꜱᴛʟᴇ ʙᴏᴏᴛᴄᴀᴍᴘ ꜱ¹⁰,ᴍᴇᴅɪꜱᴘᴏʀᴛꜱ ⓜ,ⲓⲛⲛⲉꞅⲥⲓⲁ,Blue,(S) A4/Mid Bait > Hold Mid (Must Have),3,1,4,75,
cpl_2026-03-13_1900_Castle_820843,2026-03-13,19:00,Castle,ᴍᴀᴅᴍᴇɴ ᴄᴀꜱᴛʟᴇ ʙᴏᴏᴛᴄᴀᴍᴘ ꜱ¹⁰,ᴍᴇᴅɪꜱᴘᴏʀᴛꜱ ⓜ,ⲓⲛⲛⲉꞅⲥⲓⲁ,Blue,(S) AB2 Mamba Defence New FixAP,1,2,3,33,
cpl_2026-03-13_1900_Castle_820843,2026-03-13,19:00,Castle,ᴍᴀᴅᴍᴇɴ ᴄᴀꜱᴛʟᴇ ʙᴏᴏᴛᴄᴀᴍᴘ ꜱ¹⁰,ᴍᴇᴅɪꜱᴘᴏʀᴛꜱ ⓜ,ⲓⲛⲛⲉꞅⲥⲓⲁ,Blue,(S) AB1 The MedingaporianZ Hold ?,0,1,1,0,
cpl_2026-03-13_1900_Castle_820843,2026-03-13,19:00,Castle,ᴍᴀᴅᴍᴇɴ ᴄᴀꜱᴛʟᴇ ʙᴏᴏᴛᴄᴀᴍᴘ ꜱ¹⁰,ᴍᴇᴅɪꜱᴘᴏʀᴛꜱ ⓜ,ⲓⲛⲛⲉꞅⲥⲓⲁ,Blue,(S) B2 Hold Tunnels Hold>PAX Wait AP,0,2,2,0,
cpl_2026-03-13_1900_Castle_822951,2026-03-13,19:00,Castle,Nova Prime Championship Stage 2,ᴍᴇᴅɪꜱᴘᴏʀᴛꜱ ⓜ,ⲓⲛⲛⲉꞅⲥⲓⲁ,Red,(P) A1 > Medi Full Push Main w/ Flashnew,1,1,2,50,
cpl_2026-03-13_1900_Castle_822951,2026-03-13,19:00,Castle,Nova Prime Championship Stage 2,ᴍᴇᴅɪꜱᴘᴏʀᴛꜱ ⓜ,ⲓⲛⲛⲉꞅⲥⲓⲁ,Red,(E) A2 > Medi Full Push Main w/ Flash2,0,1,1,0,
cpl_2026-03-13_1900_Castle_822951,2026-03-13,19:00,Castle,Nova Prime Championship Stage 2,ᴍᴇᴅɪꜱᴘᴏʀᴛꜱ ⓜ,ⲓⲛⲛⲉꞅⲥⲓⲁ,Red,(S) AB2 Medi Lurk B > Hoss A AP Split,1,1,2,50,
cpl_2026-03-13_1900_Castle_822951,2026-03-13,19:00,Castle,Nova Prime Championship Stage 2,ᴍᴇᴅɪꜱᴘᴏʀᴛꜱ ⓜ,ⲓⲛⲛⲉꞅⲥⲓⲁ,Red,(S) A3 > innercia Solid A innercia anti,6,1,7,86,
cpl_2026-03-13_1900_Castle_822951,2026-03-13,19:00,Castle,Nova Prime Championship Stage 2,ᴍᴇᴅɪꜱᴘᴏʀᴛꜱ ⓜ,ⲓⲛⲛⲉꞅⲥⲓⲁ,Red,(S) B1 innercia Push,0,1,1,0,
cpl_2026-03-13_1900_Castle_822951,2026-03-13,19:00,Castle,Nova Prime Championship Stage 2,ᴍᴇᴅɪꜱᴘᴏʀᴛꜱ ⓜ,ⲓⲛⲛⲉꞅⲥⲓⲁ,Red,(S) B2 > Medi Spawn > Super Slow B,0,1,1,0,
cpl_2026-03-13_1900_Castle_822951,2026-03-13,19:00,Castle,Nova Prime Championship Stage 2,ᴍᴇᴅɪꜱᴘᴏʀᴛꜱ ⓜ,ⲓⲛⲛⲉꞅⲥⲓⲁ,Blue,(P) A1 Medi A10 First #1,1,1,2,50,
cpl_2026-03-13_1900_Castle_822951,2026-03-13,19:00,Castle,Nova Prime Championship Stage 2,ᴍᴇᴅɪꜱᴘᴏʀᴛꜱ ⓜ,ⲓⲛⲛⲉꞅⲥⲓⲁ,Blue,(E) B1 Mid hold > Wait Tuns > 1 B,1,0,1,100,
cpl_2026-03-13_1900_Castle_822951,2026-03-13,19:00,Castle,Nova Prime Championship Stage 2,ᴍᴇᴅɪꜱᴘᴏʀᴛꜱ ⓜ,ⲓⲛⲛⲉꞅⲥⲓⲁ,Blue,(S) AB2 Mamba Defence New FixAP,4,2,6,67,
cpl_2026-03-13_1900_Castle_822951,2026-03-13,19:00,Castle,Nova Prime Championship Stage 2,ᴍᴇᴅɪꜱᴘᴏʀᴛꜱ ⓜ,ⲓⲛⲛⲉꞅⲥⲓⲁ,Blue,(S) A4/Mid Bait > Hold Mid (Must Have),2,1,3,67,
cpl_2026-03-13_1900_Castle_822951,2026-03-13,19:00,Castle,Nova Prime Championship Stage 2,ᴍᴇᴅɪꜱᴘᴏʀᴛꜱ ⓜ,ⲓⲛⲛⲉꞅⲥⲓⲁ,Blue,(S) AB1 The MedingaporianZ Hold ?,0,1,1,0,
cpl_2026-03-13_1900_Castle_822951,2026-03-13,19:00,Castle,Nova Prime Championship Stage 2,ᴍᴇᴅɪꜱᴘᴏʀᴛꜱ ⓜ,ⲓⲛⲛⲉꞅⲥⲓⲁ,Blue,(S) B2 Hold Tunnels Hold>PAX Wait AP,0,2,2,0,
cpl_2026-03-15_1400_Castle_823518,2026-03-15,14:00,Castle,CPL World Ladder Season 10,ᴍᴇᴅɪꜱᴘᴏʀᴛꜱ ⓜ,Blacksouls.cs,Red,(P) A1 > Medi Full Push Main w/ Flashnew,0,1,1,0,C
cpl_2026-03-15_1400_Castle_823518,2026-03-15,14:00,Castle,CPL World Ladder Season 10,ᴍᴇᴅɪꜱᴘᴏʀᴛꜱ ⓜ,Blacksouls.cs,Red,(E) A2 > Medi Full Push Main w/ Flash2,0,1,1,0,C
cpl_2026-03-15_1400_Castle_823518,2026-03-15,14:00,Castle,CPL World Ladder Season 10,ᴍᴇᴅɪꜱᴘᴏʀᴛꜱ ⓜ,Blacksouls.cs,Red,(S) AB2 Medi Lurk B > Hoss A AP Split,0,1,1,0,C
cpl_2026-03-15_1400_Castle_823518,2026-03-15,14:00,Castle,CPL World Ladder Season 10,ᴍᴇᴅɪꜱᴘᴏʀᴛꜱ ⓜ,Blacksouls.cs,Red,(S) A3 > innercia Solid A,0,1,1,0,C
cpl_2026-03-15_1400_Castle_823518,2026-03-15,14:00,Castle,CPL World Ladder Season 10,ᴍᴇᴅɪꜱᴘᴏʀᴛꜱ ⓜ,Blacksouls.cs,Red,(S) B2 > Medi Spawn > Super Slow B,2,1,3,67,C
cpl_2026-03-15_1400_Castle_823518,2026-03-15,14:00,Castle,CPL World Ladder Season 10,ᴍᴇᴅɪꜱᴘᴏʀᴛꜱ ⓜ,Blacksouls.cs,Red,(S) B1 innercia Push,2,0,2,100,C
cpl_2026-03-15_1400_Castle_823518,2026-03-15,14:00,Castle,CPL World Ladder Season 10,ᴍᴇᴅɪꜱᴘᴏʀᴛꜱ ⓜ,Blacksouls.cs,Blue,(P) A1 Medi A10 First #1,0,2,2,0,C
cpl_2026-03-15_1400_Castle_823518,2026-03-15,14:00,Castle,CPL World Ladder Season 10,ᴍᴇᴅɪꜱᴘᴏʀᴛꜱ ⓜ,Blacksouls.cs,Blue,(E) B1 Mid hold > Wait Tuns > 1 B,0,1,1,0,C
cpl_2026-03-15_1400_Castle_823518,2026-03-15,14:00,Castle,CPL World Ladder Season 10,ᴍᴇᴅɪꜱᴘᴏʀᴛꜱ ⓜ,Blacksouls.cs,Blue,(S) AB2 Mamba Defence New FixAP,6,0,6,100,C
cpl_2026-03-15_1400_Castle_823518,2026-03-15,14:00,Castle,CPL World Ladder Season 10,ᴍᴇᴅɪꜱᴘᴏʀᴛꜱ ⓜ,Blacksouls.cs,Blue,(S) A4/Mid Bait > Hold Mid (Must Have),5,0,5,100,C
cpl_2026-03-15_1400_Castle_823518,2026-03-15,14:00,Castle,CPL World Ladder Season 10,ᴍᴇᴅɪꜱᴘᴏʀᴛꜱ ⓜ,Blacksouls.cs,Blue,(S) B2 Hold Tunnels Hold>PAX Wait AP,1,0,1,100,C
cpl_2026-03-15_1300_Train_823265,2026-03-15,13:00,Train,Cyberathletes Open Qualifier S10.12,ᴍᴇᴅɪꜱᴘᴏʀᴛꜱ ⓜ,King of Queens,Red,(S)A - Fast Flash (DD),0,1,1,0,A
cpl_2026-03-15_1300_Train_823265,2026-03-15,13:00,Train,Cyberathletes Open Qualifier S10.12,ᴍᴇᴅɪꜱᴘᴏʀᴛꜱ ⓜ,King of Queens,Red,(E)B-FAST Stairs AP CT/Apps,1,0,1,100,A
cpl_2026-03-15_1300_Train_823265,2026-03-15,13:00,Train,Cyberathletes Open Qualifier S10.12,ᴍᴇᴅɪꜱᴘᴏʀᴛꜱ ⓜ,King of Queens,Red,(S)B-Stairs Fast > Con Control New,4,1,5,80,A
cpl_2026-03-15_1300_Train_823265,2026-03-15,13:00,Train,Cyberathletes Open Qualifier S10.12,ᴍᴇᴅɪꜱᴘᴏʀᴛꜱ ⓜ,King of Queens,Red,(S)A/B-Lurker A > Ex B,2,1,3,67,A
cpl_2026-03-15_1300_Train_823265,2026-03-15,13:00,Train,Cyberathletes Open Qualifier S10.12,ᴍᴇᴅɪꜱᴘᴏʀᴛꜱ ⓜ,King of Queens,Red,(S)B-Heaven Push > AP Wrap single,0,1,1,0,A
cpl_2026-03-15_1300_Train_823265,2026-03-15,13:00,Train,Cyberathletes Open Qualifier S10.12,ᴍᴇᴅɪꜱᴘᴏʀᴛꜱ ⓜ,King of Queens,Red,(S)A-Ivy > CT > Con > ASite #1,2,1,3,67,A
cpl_2026-03-15_1300_Train_823265,2026-03-15,13:00,Train,Cyberathletes Open Qualifier S10.12,ᴍᴇᴅɪꜱᴘᴏʀᴛꜱ ⓜ,King of Queens,Red,(S)B-Wait>Stairs Fast > Close Site,1,0,1,100,A
cpl_2026-03-15_1300_Train_823265,2026-03-15,13:00,Train,Cyberathletes Open Qualifier S10.12,ᴍᴇᴅɪꜱᴘᴏʀᴛꜱ ⓜ,King of Queens,Blue,(F)(P)A - AntiRush > PopDog Hold,0,2,2,0,A
cpl_2026-03-15_1300_Train_823265,2026-03-15,13:00,Train,Cyberathletes Open Qualifier S10.12,ᴍᴇᴅɪꜱᴘᴏʀᴛꜱ ⓜ,King of Queens,Blue,(E)B-Push Apps >A>Hold PopDogg,0,1,1,0,A
cpl_2026-03-15_1300_Train_823265,2026-03-15,13:00,Train,Cyberathletes Open Qualifier S10.12,ᴍᴇᴅɪꜱᴘᴏʀᴛꜱ ⓜ,King of Queens,Blue,(S)B-Wait point front last train FLASH!,0,2,2,0,A
cpl_2026-03-15_1300_Train_823265,2026-03-15,13:00,Train,Cyberathletes Open Qualifier S10.12,ᴍᴇᴅɪꜱᴘᴏʀᴛꜱ ⓜ,King of Queens,Blue,(E)B-Dodgy Apps > Wait point flash solob,0,1,1,0,A
cpl_2026-03-15_1300_Train_823265,2026-03-15,13:00,Train,Cyberathletes Open Qualifier S10.12,ᴍᴇᴅɪꜱᴘᴏʀᴛꜱ ⓜ,King of Queens,Blue,(S)A-Medi DD Wait Point #1,1,1,2,50,A
cpl_2026-03-15_1300_Train_823265,2026-03-15,13:00,Train,Cyberathletes Open Qualifier S10.12,ᴍᴇᴅɪꜱᴘᴏʀᴛꜱ ⓜ,King of Queens,Blue,(S)A/B-Ivy RUSH > Round 2 Pop #1,0,2,2,0,A
cpl_2026-03-15_1300_Train_823265,2026-03-15,13:00,Train,Cyberathletes Open Qualifier S10.12,ᴍᴇᴅɪꜱᴘᴏʀᴛꜱ ⓜ,King of Queens,Blue,(S)A-jdp-Con Wait Point AP NEW?,0,1,1,0,A
cpl_2026-03-15_1300_Train_823265,2026-03-15,13:00,Train,Cyberathletes Open Qualifier S10.12,ᴍᴇᴅɪꜱᴘᴏʀᴛꜱ ⓜ,King of Queens,Blue,(S)B-Dodgy Apps > Wait point flash,0,1,1,0,A
cpl_2026-03-15_1200_Train_823749,2026-03-15,12:00,Train,CPL Open Tournament S10.11,ᴍᴇᴅɪꜱᴘᴏʀᴛꜱ ⓜ,BiP,Red,(S)A - Fast Flash (DD),0,1,1,0,B
cpl_2026-03-15_1200_Train_823749,2026-03-15,12:00,Train,CPL Open Tournament S10.11,ᴍᴇᴅɪꜱᴘᴏʀᴛꜱ ⓜ,BiP,Red,(E)B-FAST Stairs AP CT/Apps,1,0,1,100,B
cpl_2026-03-15_1200_Train_823749,2026-03-15,12:00,Train,CPL Open Tournament S10.11,ᴍᴇᴅɪꜱᴘᴏʀᴛꜱ ⓜ,BiP,Red,(S)B-Stairs Fast > Con Control New,13,0,13,100,B
cpl_2026-03-15_1200_Train_823749,2026-03-15,12:00,Train,CPL Open Tournament S10.11,ᴍᴇᴅɪꜱᴘᴏʀᴛꜱ ⓜ,BiP,Blue,(F)(P)A - AntiRush > PopDog Hold,2,0,2,100,B
cpl_2026-03-15_1000_Train_823257,2026-03-15,10:00,Train,Cyberathletes Open Qualifier S10.12,ᴍᴇᴅɪꜱᴘᴏʀᴛꜱ ⓜ,Chinelo Vuitton,Red,(S)A - Fast Flash (DD),7,1,8,88,A
cpl_2026-03-15_1000_Train_823257,2026-03-15,10:00,Train,Cyberathletes Open Qualifier S10.12,ᴍᴇᴅɪꜱᴘᴏʀᴛꜱ ⓜ,Chinelo Vuitton,Red,(S)A-Ivy > CT > Con > ASite #1,0,1,1,0,A
cpl_2026-03-15_1000_Train_823257,2026-03-15,10:00,Train,Cyberathletes Open Qualifier S10.12,ᴍᴇᴅɪꜱᴘᴏʀᴛꜱ ⓜ,Chinelo Vuitton,Red,(S)B-Stairs Fast > Con Control New,2,0,2,100,A
cpl_2026-03-15_1000_Train_823257,2026-03-15,10:00,Train,Cyberathletes Open Qualifier S10.12,ᴍᴇᴅɪꜱᴘᴏʀᴛꜱ ⓜ,Chinelo Vuitton,Blue,(F)(P)A - AntiRush > PopDog Hold,3,1,4,75,A
cpl_2026-03-15_1000_Train_823257,2026-03-15,10:00,Train,Cyberathletes Open Qualifier S10.12,ᴍᴇᴅɪꜱᴘᴏʀᴛꜱ ⓜ,Chinelo Vuitton,Blue,(S)A-Medi DD Wait Point #1,0,1,1,0,A
cpl_2026-03-15_1000_Train_823257,2026-03-15,10:00,Train,Cyberathletes Open Qualifier S10.12,ᴍᴇᴅɪꜱᴘᴏʀᴛꜱ ⓜ,Chinelo Vuitton,Blue,(E)B-Push Apps >A>Hold PopDogg,1,1,2,50,A
cpl_2026-03-15_1000_Train_823257,2026-03-15,10:00,Train,Cyberathletes Open Qualifier S10.12,ᴍᴇᴅɪꜱᴘᴏʀᴛꜱ ⓜ,Chinelo Vuitton,Blue,(S)B-Wait point front last train FLASH!,1,2,3,33,A
cpl_2026-03-15_1000_Train_823257,2026-03-15,10:00,Train,Cyberathletes Open Qualifier S10.12,ᴍᴇᴅɪꜱᴘᴏʀᴛꜱ ⓜ,Chinelo Vuitton,Blue,(S)B-Dodgy Apps > Wait point flash,1,1,2,50,A
cpl_2026-03-15_1000_Train_823257,2026-03-15,10:00,Train,Cyberathletes Open Qualifier S10.12,ᴍᴇᴅɪꜱᴘᴏʀᴛꜱ ⓜ,Chinelo Vuitton,Blue,(S)A/B-Ivy RUSH > Round 2 Pop #1,0,1,1,0,A
cpl_2026-03-15_1000_Train_823257,2026-03-15,10:00,Train,Cyberathletes Open Qualifier S10.12,ᴍᴇᴅɪꜱᴘᴏʀᴛꜱ ⓜ,Chinelo Vuitton,Blue,(E)B-Dodgy Apps > Wait point flash solob,1,0,1,100,A
cpl_2026-03-15_1000_Train_823257,2026-03-15,10:00,Train,Cyberathletes Open Qualifier S10.12,ᴍᴇᴅɪꜱᴘᴏʀᴛꜱ ⓜ,Chinelo Vuitton,Blue,(S)A-jdp-Con Wait Point AP NEW?,0,1,1,0,A
cpl_2026-03-15_1000_Train_823746,2026-03-15,10:00,Train,CPL Open Tournament S10.11,ᴍᴇᴅɪꜱᴘᴏʀᴛꜱ ⓜ,Team.BB,Red,(S)A - Fast Flash (DD),0,1,1,0,B
cpl_2026-03-15_1000_Train_823746,2026-03-15,10:00,Train,CPL Open Tournament S10.11,ᴍᴇᴅɪꜱᴘᴏʀᴛꜱ ⓜ,Team.BB,Red,(E)B-FAST Stairs AP CT/Apps,1,0,1,100,B
cpl_2026-03-15_1000_Train_823746,2026-03-15,10:00,Train,CPL Open Tournament S10.11,ᴍᴇᴅɪꜱᴘᴏʀᴛꜱ ⓜ,Team.BB,Red,(S)B-Wait>Stairs Fast > Close Site,2,1,3,67,B
cpl_2026-03-15_1000_Train_823746,2026-03-15,10:00,Train,CPL Open Tournament S10.11,ᴍᴇᴅɪꜱᴘᴏʀᴛꜱ ⓜ,Team.BB,Red,(S)B-Heaven Push > AP Wrap single,4,1,5,80,B
cpl_2026-03-15_1000_Train_823746,2026-03-15,10:00,Train,CPL Open Tournament S10.11,ᴍᴇᴅɪꜱᴘᴏʀᴛꜱ ⓜ,Team.BB,Blue,(F)(P)A - AntiRush > PopDog Hold,1,2,3,33,B
cpl_2026-03-15_1000_Train_823746,2026-03-15,10:00,Train,CPL Open Tournament S10.11,ᴍᴇᴅɪꜱᴘᴏʀᴛꜱ ⓜ,Team.BB,Blue,(E)B-Push Apps >A>Hold PopDogg,0,1,1,0,B
cpl_2026-03-15_1000_Train_823746,2026-03-15,10:00,Train,CPL Open Tournament S10.11,ᴍᴇᴅɪꜱᴘᴏʀᴛꜱ ⓜ,Team.BB,Blue,(E)B-Dodgy Apps > Wait point flash solob,0,1,1,0,B
cpl_2026-03-15_1000_Train_823746,2026-03-15,10:00,Train,CPL Open Tournament S10.11,ᴍᴇᴅɪꜱᴘᴏʀᴛꜱ ⓜ,Team.BB,Blue,(S)B-Dodgy Apps > Wait point flash,0,1,1,0,B
cpl_2026-03-15_1000_Train_823746,2026-03-15,10:00,Train,CPL Open Tournament S10.11,ᴍᴇᴅɪꜱᴘᴏʀᴛꜱ ⓜ,Team.BB,Blue,(S)A-jdp-Con Wait Point AP NEW?,0,2,2,0,B
cpl_2026-03-15_1000_Train_823746,2026-03-15,10:00,Train,CPL Open Tournament S10.11,ᴍᴇᴅɪꜱᴘᴏʀᴛꜱ ⓜ,Team.BB,Blue,(S)A-Medi DD Wait Point #1,0,2,2,0,B
cpl_2026-03-15_1000_Train_823746,2026-03-15,10:00,Train,CPL Open Tournament S10.11,ᴍᴇᴅɪꜱᴘᴏʀᴛꜱ ⓜ,Team.BB,Blue,(S)B-Wait point front last train FLASH!,0,2,2,0,B
cpl_2026-03-15_1000_Train_823746,2026-03-15,10:00,Train,CPL Open Tournament S10.11,ᴍᴇᴅɪꜱᴘᴏʀᴛꜱ ⓜ,Team.BB,Blue,(S)A/B-Ivy RUSH > Round 2 Pop #1,1,2,3,33,B
cpl_2026-03-15_0830_Train_823255,2026-03-15,08:30,Train,Cyberathletes Open Qualifier S10.12,ᴍᴇᴅɪꜱᴘᴏʀᴛꜱ ⓜ,C64,Red,(S)A - Fast Flash (DD),2,2,4,50,A
cpl_2026-03-15_0830_Train_823255,2026-03-15,08:30,Train,Cyberathletes Open Qualifier S10.12,ᴍᴇᴅɪꜱᴘᴏʀᴛꜱ ⓜ,C64,Red,(E)B-FAST Stairs AP CT/Apps,1,1,2,50,A
cpl_2026-03-15_0830_Train_823255,2026-03-15,08:30,Train,Cyberathletes Open Qualifier S10.12,ᴍᴇᴅɪꜱᴘᴏʀᴛꜱ ⓜ,C64,Red,(S)A-Ivy > CT > Con > ASite #1,2,1,3,67,A
cpl_2026-03-15_0830_Train_823255,2026-03-15,08:30,Train,Cyberathletes Open Qualifier S10.12,ᴍᴇᴅɪꜱᴘᴏʀᴛꜱ ⓜ,C64,Red,(S)A/B-Lurker A > Ex B,0,1,1,0,A
cpl_2026-03-15_0830_Train_823255,2026-03-15,08:30,Train,Cyberathletes Open Qualifier S10.12,ᴍᴇᴅɪꜱᴘᴏʀᴛꜱ ⓜ,C64,Red,(S)B-Stairs Fast > Con Control New,1,1,2,50,A
cpl_2026-03-15_0830_Train_823255,2026-03-15,08:30,Train,Cyberathletes Open Qualifier S10.12,ᴍᴇᴅɪꜱᴘᴏʀᴛꜱ ⓜ,C64,Red,(S)B-Wait>Stairs Fast > Close Site,3,0,3,100,A
cpl_2026-03-15_0830_Train_823255,2026-03-15,08:30,Train,Cyberathletes Open Qualifier S10.12,ᴍᴇᴅɪꜱᴘᴏʀᴛꜱ ⓜ,C64,Blue,(F)(P)A - AntiRush > PopDog Hold,5,1,6,83,A
cpl_2026-03-15_0830_Train_823255,2026-03-15,08:30,Train,Cyberathletes Open Qualifier S10.12,ᴍᴇᴅɪꜱᴘᴏʀᴛꜱ ⓜ,C64,Blue,(S)B-Wait point front last train FLASH!,1,1,2,50,A
cpl_2026-03-15_0830_Train_823255,2026-03-15,08:30,Train,Cyberathletes Open Qualifier S10.12,ᴍᴇᴅɪꜱᴘᴏʀᴛꜱ ⓜ,C64,Blue,(S)A-jdp-Con Wait Point AP NEW?,1,0,1,100,A
cpl_2026-03-15_0800_Train_823745,2026-03-15,08:00,Train,CPL Open Tournament S10.11,ᴍᴇᴅɪꜱᴘᴏʀᴛꜱ ⓜ,Inn☢vative Gaming ®,Red,(S)A - Fast Flash (DD),1,2,3,33,A
cpl_2026-03-15_0800_Train_823745,2026-03-15,08:00,Train,CPL Open Tournament S10.11,ᴍᴇᴅɪꜱᴘᴏʀᴛꜱ ⓜ,Inn☢vative Gaming ®,Red,(E)B-FAST Stairs AP CT/Apps,0,1,1,0,A
cpl_2026-03-15_0800_Train_823745,2026-03-15,08:00,Train,CPL Open Tournament S10.11,ᴍᴇᴅɪꜱᴘᴏʀᴛꜱ ⓜ,Inn☢vative Gaming ®,Red,(S)A-Ivy > CT > Con > ASite #1,3,1,4,75,A
cpl_2026-03-15_0800_Train_823745,2026-03-15,08:00,Train,CPL Open Tournament S10.11,ᴍᴇᴅɪꜱᴘᴏʀᴛꜱ ⓜ,Inn☢vative Gaming ®,Red,(S)B-Stairs Fast > Con Control New,4,1,5,80,A
cpl_2026-03-15_0800_Train_823745,2026-03-15,08:00,Train,CPL Open Tournament S10.11,ᴍᴇᴅɪꜱᴘᴏʀᴛꜱ ⓜ,Inn☢vative Gaming ®,Red,(S)B-Wait>Stairs Fast > Close Site,0,1,1,0,A
cpl_2026-03-15_0800_Train_823745,2026-03-15,08:00,Train,CPL Open Tournament S10.11,ᴍᴇᴅɪꜱᴘᴏʀᴛꜱ ⓜ,Inn☢vative Gaming ®,Red,(S)A/B-Lurker A > Ex B,1,0,1,100,A
cpl_2026-03-15_0800_Train_823745,2026-03-15,08:00,Train,CPL Open Tournament S10.11,ᴍᴇᴅɪꜱᴘᴏʀᴛꜱ ⓜ,Inn☢vative Gaming ®,Blue,(F)(P)A - AntiRush > PopDog Hold,3,1,4,75,A
cpl_2026-03-15_0800_Train_823745,2026-03-15,08:00,Train,CPL Open Tournament S10.11,ᴍᴇᴅɪꜱᴘᴏʀᴛꜱ ⓜ,Inn☢vative Gaming ®,Blue,(E)B-Dodgy Apps > Wait point flash solob,0,1,1,0,A
cpl_2026-03-15_0800_Train_823745,2026-03-15,08:00,Train,CPL Open Tournament S10.11,ᴍᴇᴅɪꜱᴘᴏʀᴛꜱ ⓜ,Inn☢vative Gaming ®,Blue,(E)B-Push Apps >A>Hold PopDogg,0,1,1,0,A
cpl_2026-03-15_0800_Train_823745,2026-03-15,08:00,Train,CPL Open Tournament S10.11,ᴍᴇᴅɪꜱᴘᴏʀᴛꜱ ⓜ,Inn☢vative Gaming ®,Blue,(S)A/B-Ivy RUSH > Round 2 Pop #1,1,1,2,50,A
cpl_2026-03-15_0800_Train_823745,2026-03-15,08:00,Train,CPL Open Tournament S10.11,ᴍᴇᴅɪꜱᴘᴏʀᴛꜱ ⓜ,Inn☢vative Gaming ®,Blue,(S)B-Dodgy Apps > Wait point flash,0,2,2,0,A
cpl_2026-03-15_0800_Train_823745,2026-03-15,08:00,Train,CPL Open Tournament S10.11,ᴍᴇᴅɪꜱᴘᴏʀᴛꜱ ⓜ,Inn☢vative Gaming ®,Blue,(S)A-jdp-Con Wait Point AP NEW?,1,1,2,50,A
cpl_2026-03-15_0800_Train_823745,2026-03-15,08:00,Train,CPL Open Tournament S10.11,ᴍᴇᴅɪꜱᴘᴏʀᴛꜱ ⓜ,Inn☢vative Gaming ®,Blue,(S)A-Medi DD Wait Point #1,0,2,2,0,A
cpl_2026-03-15_0800_Train_823745,2026-03-15,08:00,Train,CPL Open Tournament S10.11,ᴍᴇᴅɪꜱᴘᴏʀᴛꜱ ⓜ,Inn☢vative Gaming ®,Blue,(S)B-Wait point front last train FLASH!,0,1,1,0,A
cpl_2026-03-15_0700_Train_823253,2026-03-15,07:00,Train,Cyberathletes Open Qualifier S10.12,ᴍᴇᴅɪꜱᴘᴏʀᴛꜱ ⓜ,ant1hype,Red,(S)A - Fast Flash (DD),1,2,3,33,A
cpl_2026-03-15_0700_Train_823253,2026-03-15,07:00,Train,Cyberathletes Open Qualifier S10.12,ᴍᴇᴅɪꜱᴘᴏʀᴛꜱ ⓜ,ant1hype,Red,(E)B-FAST Stairs AP CT/Apps,0,1,1,0,A
cpl_2026-03-15_0700_Train_823253,2026-03-15,07:00,Train,Cyberathletes Open Qualifier S10.12,ᴍᴇᴅɪꜱᴘᴏʀᴛꜱ ⓜ,ant1hype,Red,(S)A/B-Lurker A > Ex B,0,1,1,0,A
cpl_2026-03-15_0700_Train_823253,2026-03-15,07:00,Train,Cyberathletes Open Qualifier S10.12,ᴍᴇᴅɪꜱᴘᴏʀᴛꜱ ⓜ,ant1hype,Red,(S)B-Wait>Stairs Fast > Close Site,5,1,6,83,A
cpl_2026-03-15_0700_Train_823253,2026-03-15,07:00,Train,Cyberathletes Open Qualifier S10.12,ᴍᴇᴅɪꜱᴘᴏʀᴛꜱ ⓜ,ant1hype,Red,(S)B-Stairs Fast > Con Control New,3,1,4,75,A
cpl_2026-03-15_0700_Train_823253,2026-03-15,07:00,Train,Cyberathletes Open Qualifier S10.12,ᴍᴇᴅɪꜱᴘᴏʀᴛꜱ ⓜ,ant1hype,Blue,(F)(P)A - AntiRush > PopDog Hold,7,0,7,100,A
cpl_2026-03-14_1900_Train_823867,2026-03-14,19:00,Train,Nova Prime Championship Stage 2,ᴍᴇᴅɪꜱᴘᴏʀᴛꜱ ⓜ,ɢɪɴᴋɢᴏ,Red,(S)A - Fast Flash (DD),0,1,1,0,A
cpl_2026-03-14_1900_Train_823867,2026-03-14,19:00,Train,Nova Prime Championship Stage 2,ᴍᴇᴅɪꜱᴘᴏʀᴛꜱ ⓜ,ɢɪɴᴋɢᴏ,Red,(E)B-FAST Stairs AP CT/Apps,0,1,1,0,A
cpl_2026-03-14_1900_Train_823867,2026-03-14,19:00,Train,Nova Prime Championship Stage 2,ᴍᴇᴅɪꜱᴘᴏʀᴛꜱ ⓜ,ɢɪɴᴋɢᴏ,Red,(S)A/B-Lurker A > Ex B,10,0,10,100,A
cpl_2026-03-14_1900_Train_823867,2026-03-14,19:00,Train,Nova Prime Championship Stage 2,ᴍᴇᴅɪꜱᴘᴏʀᴛꜱ ⓜ,ɢɪɴᴋɢᴏ,Blue,(F)(P)A - AntiRush > PopDog Hold,5,1,6,83,A
cpl_2026-03-14_1900_Train_823867,2026-03-14,19:00,Train,Nova Prime Championship Stage 2,ᴍᴇᴅɪꜱᴘᴏʀᴛꜱ ⓜ,ɢɪɴᴋɢᴏ,Blue,(E)B-Dodgy Apps > Wait point flash solob,0,1,1,0,A
cpl_2026-03-14_1900_Train_823867,2026-03-14,19:00,Train,Nova Prime Championship Stage 2,ᴍᴇᴅɪꜱᴘᴏʀᴛꜱ ⓜ,ɢɪɴᴋɢᴏ,Blue,(E)B-Push Apps >A>Hold PopDogg,0,2,2,0,A
cpl_2026-03-14_1900_Train_823867,2026-03-14,19:00,Train,Nova Prime Championship Stage 2,ᴍᴇᴅɪꜱᴘᴏʀᴛꜱ ⓜ,ɢɪɴᴋɢᴏ,Blue,(S)A/B-Ivy RUSH > Round 2 Pop #1,1,1,2,50,A
cpl_2026-03-14_1900_Train_823867,2026-03-14,19:00,Train,Nova Prime Championship Stage 2,ᴍᴇᴅɪꜱᴘᴏʀᴛꜱ ⓜ,ɢɪɴᴋɢᴏ,Blue,(S)A-jdp-Con Wait Point AP NEW?,0,1,1,0,A
cpl_2026-03-14_1900_Train_823867,2026-03-14,19:00,Train,Nova Prime Championship Stage 2,ᴍᴇᴅɪꜱᴘᴏʀᴛꜱ ⓜ,ɢɪɴᴋɢᴏ,Blue,(S)B-Dodgy Apps > Wait point flash,0,1,1,0,A
cpl_2026-03-14_1900_Train_823867,2026-03-14,19:00,Train,Nova Prime Championship Stage 2,ᴍᴇᴅɪꜱᴘᴏʀᴛꜱ ⓜ,ɢɪɴᴋɢᴏ,Blue,(S)A-Medi DD Wait Point #1,0,1,1,0,A
cpl_2026-03-14_1900_Train_823867,2026-03-14,19:00,Train,Nova Prime Championship Stage 2,ᴍᴇᴅɪꜱᴘᴏʀᴛꜱ ⓜ,ɢɪɴᴋɢᴏ,Blue,(S)B-Wait point front last train FLASH!,0,1,1,0,A
cpl_2026-03-14_1700_Castle_823633,2026-03-14,17:00,Castle,Nova Prime Championship Stage 2,ᴍᴇᴅɪꜱᴘᴏʀᴛꜱ ⓜ,wargoat-idle,Red,(P) A1 > Medi Full Push Main w/ Flashnew,4,1,5,80,A
cpl_2026-03-14_1700_Castle_823633,2026-03-14,17:00,Castle,Nova Prime Championship Stage 2,ᴍᴇᴅɪꜱᴘᴏʀᴛꜱ ⓜ,wargoat-idle,Red,(E) A2 > Medi Full Push Main w/ Flash2,0,1,1,0,A
cpl_2026-03-14_1700_Castle_823633,2026-03-14,17:00,Castle,Nova Prime Championship Stage 2,ᴍᴇᴅɪꜱᴘᴏʀᴛꜱ ⓜ,wargoat-idle,Red,(E) AB1 Medispliot Cross Doors>Split,0,1,1,0,A
cpl_2026-03-14_1700_Castle_823633,2026-03-14,17:00,Castle,Nova Prime Championship Stage 2,ᴍᴇᴅɪꜱᴘᴏʀᴛꜱ ⓜ,wargoat-idle,Red,(S) B2 > Medi Spawn > Super Slow B,0,1,1,0,A
cpl_2026-03-14_1700_Castle_823633,2026-03-14,17:00,Castle,Nova Prime Championship Stage 2,ᴍᴇᴅɪꜱᴘᴏʀᴛꜱ ⓜ,wargoat-idle,Red,(S) A3 > innercia Solid A,0,1,1,0,A
cpl_2026-03-14_1700_Castle_823633,2026-03-14,17:00,Castle,Nova Prime Championship Stage 2,ᴍᴇᴅɪꜱᴘᴏʀᴛꜱ ⓜ,wargoat-idle,Red,(S) B1 innercia Push,0,2,2,0,A
cpl_2026-03-14_1700_Castle_823633,2026-03-14,17:00,Castle,Nova Prime Championship Stage 2,ᴍᴇᴅɪꜱᴘᴏʀᴛꜱ ⓜ,wargoat-idle,Red,(S) AB2 Medi Lurk B > Hoss A AP Split,1,1,2,50,A
cpl_2026-03-14_1700_Castle_823633,2026-03-14,17:00,Castle,Nova Prime Championship Stage 2,ᴍᴇᴅɪꜱᴘᴏʀᴛꜱ ⓜ,wargoat-idle,Blue,(P) A1 Medi A10 First #1,2,1,3,67,A
cpl_2026-03-14_1700_Castle_823633,2026-03-14,17:00,Castle,Nova Prime Championship Stage 2,ᴍᴇᴅɪꜱᴘᴏʀᴛꜱ ⓜ,wargoat-idle,Blue,(E) B1 Mid hold > Wait Tuns > 1 B,1,0,1,100,A
cpl_2026-03-14_1700_Castle_823633,2026-03-14,17:00,Castle,Nova Prime Championship Stage 2,ᴍᴇᴅɪꜱᴘᴏʀᴛꜱ ⓜ,wargoat-idle,Blue,(S) AB1 The MedingaporianZ Hold ?,4,1,5,80,A
cpl_2026-03-14_1700_Castle_823633,2026-03-14,17:00,Castle,Nova Prime Championship Stage 2,ᴍᴇᴅɪꜱᴘᴏʀᴛꜱ ⓜ,wargoat-idle,Blue,(S) B2 Hold Tunnels Hold>PAX Wait AP,2,1,3,67,A
cpl_2026-03-14_1700_Castle_823633,2026-03-14,17:00,Castle,Nova Prime Championship Stage 2,ᴍᴇᴅɪꜱᴘᴏʀᴛꜱ ⓜ,wargoat-idle,Blue,(S) A4/Mid Bait > Hold Mid (Must Have),0,1,1,0,A
cpl_2026-03-14_1700_Castle_823633,2026-03-14,17:00,Castle,Nova Prime Championship Stage 2,ᴍᴇᴅɪꜱᴘᴏʀᴛꜱ ⓜ,wargoat-idle,Blue,(S) AB2 Mamba Defence New FixAP,2,0,2,100,A
cpl_2026-03-14_1500_Train_823016,2026-03-14,15:00,Train,Nova Prime Championship Stage 2,ᴍᴇᴅɪꜱᴘᴏʀᴛꜱ ⓜ,Isaiah 1:18,Red,(S)A - Fast Flash (DD),0,2,2,0,A
cpl_2026-03-14_1500_Train_823016,2026-03-14,15:00,Train,Nova Prime Championship Stage 2,ᴍᴇᴅɪꜱᴘᴏʀᴛꜱ ⓜ,Isaiah 1:18,Red,(E)B-FAST Stairs AP CT/Apps,0,1,1,0,A
cpl_2026-03-14_1500_Train_823016,2026-03-14,15:00,Train,Nova Prime Championship Stage 2,ᴍᴇᴅɪꜱᴘᴏʀᴛꜱ ⓜ,Isaiah 1:18,Red,(S)B-Stairs Fast > Con Control New,0,1,1,0,A
cpl_2026-03-14_1500_Train_823016,2026-03-14,15:00,Train,Nova Prime Championship Stage 2,ᴍᴇᴅɪꜱᴘᴏʀᴛꜱ ⓜ,Isaiah 1:18,Red,(S)A/B-Lurker A > Ex B,0,2,2,0,A
cpl_2026-03-14_1500_Train_823016,2026-03-14,15:00,Train,Nova Prime Championship Stage 2,ᴍᴇᴅɪꜱᴘᴏʀᴛꜱ ⓜ,Isaiah 1:18,Red,(S)A-Ivy > CT > Con > ASite #1,3,1,4,75,A
cpl_2026-03-14_1500_Train_823016,2026-03-14,15:00,Train,Nova Prime Championship Stage 2,ᴍᴇᴅɪꜱᴘᴏʀᴛꜱ ⓜ,Isaiah 1:18,Red,(S)B-Wait>Stairs Fast > Close Site,1,2,3,33,A
cpl_2026-03-14_1500_Train_823016,2026-03-14,15:00,Train,Nova Prime Championship Stage 2,ᴍᴇᴅɪꜱᴘᴏʀᴛꜱ ⓜ,Isaiah 1:18,Red,(S)B-Heaven Push > AP Wrap single,1,1,2,50,A
cpl_2026-03-14_1500_Train_823016,2026-03-14,15:00,Train,Nova Prime Championship Stage 2,ᴍᴇᴅɪꜱᴘᴏʀᴛꜱ ⓜ,Isaiah 1:18,Blue,(F)(P)A - AntiRush > PopDog Hold,0,1,1,0,A
cpl_2026-03-14_1500_Train_823016,2026-03-14,15:00,Train,Nova Prime Championship Stage 2,ᴍᴇᴅɪꜱᴘᴏʀᴛꜱ ⓜ,Isaiah 1:18,Blue,(E)B-Push Apps >A>Hold PopDogg,0,1,1,0,A
cpl_2026-03-14_1500_Train_823016,2026-03-14,15:00,Train,Nova Prime Championship Stage 2,ᴍᴇᴅɪꜱᴘᴏʀᴛꜱ ⓜ,Isaiah 1:18,Blue,(S)A/B-Ivy RUSH > Round 2 Pop #1,0,1,1,0,A
cpl_2026-03-14_1500_Train_823016,2026-03-14,15:00,Train,Nova Prime Championship Stage 2,ᴍᴇᴅɪꜱᴘᴏʀᴛꜱ ⓜ,Isaiah 1:18,Blue,(E)B-Dodgy Apps > Wait point flash solob,1,0,1,100,A
cpl_2026-03-14_1500_Train_823016,2026-03-14,15:00,Train,Nova Prime Championship Stage 2,ᴍᴇᴅɪꜱᴘᴏʀᴛꜱ ⓜ,Isaiah 1:18,Blue,(S)B-Wait point front last train FLASH!,0,1,1,0,A
cpl_2026-03-14_1500_Train_823016,2026-03-14,15:00,Train,Nova Prime Championship Stage 2,ᴍᴇᴅɪꜱᴘᴏʀᴛꜱ ⓜ,Isaiah 1:18,Blue,(S)A-Medi DD Wait Point #1,0,1,1,0,A
cpl_2026-03-14_1500_Train_823016,2026-03-14,15:00,Train,Nova Prime Championship Stage 2,ᴍᴇᴅɪꜱᴘᴏʀᴛꜱ ⓜ,Isaiah 1:18,Blue,(S)A-jdp-Con Wait Point AP NEW?,0,1,1,0,A
cpl_2026-03-14_1400_Train_822621,2026-03-14,14:00,Train,CPL World Ladder Season 10,ᴍᴇᴅɪꜱᴘᴏʀᴛꜱ ⓜ,Combinatozaurii,Red,(S)A - Fast Flash (DD),0,2,2,0,S
cpl_2026-03-14_1400_Train_822621,2026-03-14,14:00,Train,CPL World Ladder Season 10,ᴍᴇᴅɪꜱᴘᴏʀᴛꜱ ⓜ,Combinatozaurii,Red,(E)B-FAST Stairs AP CT/Apps,0,2,2,0,S
cpl_2026-03-14_1400_Train_822621,2026-03-14,14:00,Train,CPL World Ladder Season 10,ᴍᴇᴅɪꜱᴘᴏʀᴛꜱ ⓜ,Combinatozaurii,Red,(S)A/B-Lurker A > Ex B,5,1,6,83,S
cpl_2026-03-14_1400_Train_822621,2026-03-14,14:00,Train,CPL World Ladder Season 10,ᴍᴇᴅɪꜱᴘᴏʀᴛꜱ ⓜ,Combinatozaurii,Red,(S)A-Ivy > CT > Con > ASite #1,0,1,1,0,S
cpl_2026-03-14_1400_Train_822621,2026-03-14,14:00,Train,CPL World Ladder Season 10,ᴍᴇᴅɪꜱᴘᴏʀᴛꜱ ⓜ,Combinatozaurii,Red,(S)B-Heaven Push > AP Wrap single,1,1,2,50,S
cpl_2026-03-14_1400_Train_822621,2026-03-14,14:00,Train,CPL World Ladder Season 10,ᴍᴇᴅɪꜱᴘᴏʀᴛꜱ ⓜ,Combinatozaurii,Red,(S)B-Wait>Stairs Fast > Close Site,0,1,1,0,S
cpl_2026-03-14_1400_Train_822621,2026-03-14,14:00,Train,CPL World Ladder Season 10,ᴍᴇᴅɪꜱᴘᴏʀᴛꜱ ⓜ,Combinatozaurii,Red,(S)B-Stairs Fast > Con Control New,0,1,1,0,S
cpl_2026-03-14_1400_Train_822621,2026-03-14,14:00,Train,CPL World Ladder Season 10,ᴍᴇᴅɪꜱᴘᴏʀᴛꜱ ⓜ,Combinatozaurii,Blue,(F)(P)A - AntiRush > PopDog Hold,6,1,7,86,S
cpl_2026-03-14_1400_Train_822621,2026-03-14,14:00,Train,CPL World Ladder Season 10,ᴍᴇᴅɪꜱᴘᴏʀᴛꜱ ⓜ,Combinatozaurii,Blue,(S)A/B-Ivy RUSH > Round 2 Pop #1,1,1,2,50,S
cpl_2026-03-14_1400_Train_822621,2026-03-14,14:00,Train,CPL World Ladder Season 10,ᴍᴇᴅɪꜱᴘᴏʀᴛꜱ ⓜ,Combinatozaurii,Blue,(S)A-Medi DD Wait Point #1,0,1,1,0,S
cpl_2026-03-14_1400_Train_822621,2026-03-14,14:00,Train,CPL World Ladder Season 10,ᴍᴇᴅɪꜱᴘᴏʀᴛꜱ ⓜ,Combinatozaurii,Blue,(S)B-Wait point front last train FLASH!,0,1,1,0,S
cpl_2026-03-14_1400_Train_822621,2026-03-14,14:00,Train,CPL World Ladder Season 10,ᴍᴇᴅɪꜱᴘᴏʀᴛꜱ ⓜ,Combinatozaurii,Blue,(E)B-Push Apps >A>Hold PopDogg,0,1,1,0,S
cpl_2026-03-14_1400_Train_822621,2026-03-14,14:00,Train,CPL World Ladder Season 10,ᴍᴇᴅɪꜱᴘᴏʀᴛꜱ ⓜ,Combinatozaurii,Blue,(S)A-jdp-Con Wait Point AP NEW?,0,1,1,0,S
cpl_2026-03-14_1400_Train_822621,2026-03-14,14:00,Train,CPL World Ladder Season 10,ᴍᴇᴅɪꜱᴘᴏʀᴛꜱ ⓜ,Combinatozaurii,Blue,(S)B-Dodgy Apps > Wait point flash,0,1,1,0,S
cpl_2026-03-16_1800_Train_809375,2026-03-16,18:00,Train,League diamond #5,ᴍᴇᴅɪꜱᴘᴏʀᴛꜱ ⓜ,UKRAINE,Red,(P)A - Fast Flash (DD),2,2,4,50,A
cpl_2026-03-16_1800_Train_809375,2026-03-16,18:00,Train,League diamond #5,ᴍᴇᴅɪꜱᴘᴏʀᴛꜱ ⓜ,UKRAINE,Red,(E)B-FAST Stairs AP CT/Apps Flash,1,1,2,50,A
cpl_2026-03-16_1800_Train_809375,2026-03-16,18:00,Train,League diamond #5,ᴍᴇᴅɪꜱᴘᴏʀᴛꜱ ⓜ,UKRAINE,Red,(S)B-Stairs Fast > Con Control New,1,1,2,50,A
cpl_2026-03-16_1800_Train_809375,2026-03-16,18:00,Train,League diamond #5,ᴍᴇᴅɪꜱᴘᴏʀᴛꜱ ⓜ,UKRAINE,Red,(S)A/B-Lurker A > Ex B,7,0,7,100,A
cpl_2026-03-16_1800_Train_809375,2026-03-16,18:00,Train,League diamond #5,ᴍᴇᴅɪꜱᴘᴏʀᴛꜱ ⓜ,UKRAINE,Blue,(F)(P)A - AntiRush > PopDog Hold,3,1,4,75,A
cpl_2026-03-16_1800_Train_809375,2026-03-16,18:00,Train,League diamond #5,ᴍᴇᴅɪꜱᴘᴏʀᴛꜱ ⓜ,UKRAINE,Blue,(S)A-Medi DD Wait Point #1,1,1,2,50,A
cpl_2026-03-16_1800_Train_809375,2026-03-16,18:00,Train,League diamond #5,ᴍᴇᴅɪꜱᴘᴏʀᴛꜱ ⓜ,UKRAINE,Blue,(S)A/B-Ivy RUSH > Round 2 Pop #1,1,1,2,50,A
cpl_2026-03-16_1800_Train_809375,2026-03-16,18:00,Train,League diamond #5,ᴍᴇᴅɪꜱᴘᴏʀᴛꜱ ⓜ,UKRAINE,Blue,(E)B-Push Apps >A>Hold PopDoggAP,0,1,1,0,A
cpl_2026-03-16_1800_Train_809375,2026-03-16,18:00,Train,League diamond #5,ᴍᴇᴅɪꜱᴘᴏʀᴛꜱ ⓜ,UKRAINE,Blue,(S)B-Wait point front last train FLASH!!,0,1,1,0,A
cpl_2026-03-16_1800_Train_809375,2026-03-16,18:00,Train,League diamond #5,ᴍᴇᴅɪꜱᴘᴏʀᴛꜱ ⓜ,UKRAINE,Blue,(S)B-Dodgy Apps > Wait point flash,0,1,1,0,A
cpl_2026-03-16_1800_Train_809375,2026-03-16,18:00,Train,League diamond #5,ᴍᴇᴅɪꜱᴘᴏʀᴛꜱ ⓜ,UKRAINE,Blue,(S)A-jdp-Con Wait Point AP NEW?,0,1,1,0,A
cpl_2026-03-16_1700_Castle_824479,2026-03-16,17:00,Castle,Nova Prime Championship Stage 3,ᴍᴇᴅɪꜱᴘᴏʀᴛꜱ ⓜ,ⲓⲛⲛⲉꞅⲥⲓⲁ,Red,(P) A1 > Medi Full Push Main w/ Flashnew,0,2,2,0,B
cpl_2026-03-16_1700_Castle_824479,2026-03-16,17:00,Castle,Nova Prime Championship Stage 3,ᴍᴇᴅɪꜱᴘᴏʀᴛꜱ ⓜ,ⲓⲛⲛⲉꞅⲥⲓⲁ,Red,(E) A2 > Medi Full Push Main w/ Flash2,0,1,1,0,B
cpl_2026-03-16_1700_Castle_824479,2026-03-16,17:00,Castle,Nova Prime Championship Stage 3,ᴍᴇᴅɪꜱᴘᴏʀᴛꜱ ⓜ,ⲓⲛⲛⲉꞅⲥⲓⲁ,Red,(S) A3 > innercia Solid A,1,1,2,50,B
cpl_2026-03-16_1700_Castle_824479,2026-03-16,17:00,Castle,Nova Prime Championship Stage 3,ᴍᴇᴅɪꜱᴘᴏʀᴛꜱ ⓜ,ⲓⲛⲛⲉꞅⲥⲓⲁ,Red,(S) AB2 Medi Lurk B > Hoss A AP Split,0,1,1,0,B
cpl_2026-03-16_1700_Castle_824479,2026-03-16,17:00,Castle,Nova Prime Championship Stage 3,ᴍᴇᴅɪꜱᴘᴏʀᴛꜱ ⓜ,ⲓⲛⲛⲉꞅⲥⲓⲁ,Red,(S) B2 > Medi Spawn > Super Slow B,0,2,2,0,B
cpl_2026-03-16_1700_Castle_824479,2026-03-16,17:00,Castle,Nova Prime Championship Stage 3,ᴍᴇᴅɪꜱᴘᴏʀᴛꜱ ⓜ,ⲓⲛⲛⲉꞅⲥⲓⲁ,Red,(S) B1 innercia Push,0,2,2,0,B
cpl_2026-03-16_1700_Castle_824479,2026-03-16,17:00,Castle,Nova Prime Championship Stage 3,ᴍᴇᴅɪꜱᴘᴏʀᴛꜱ ⓜ,ⲓⲛⲛⲉꞅⲥⲓⲁ,Blue,(P) A1 Medi A10 First #1,2,2,4,50,B
cpl_2026-03-16_1700_Castle_824479,2026-03-16,17:00,Castle,Nova Prime Championship Stage 3,ᴍᴇᴅɪꜱᴘᴏʀᴛꜱ ⓜ,ⲓⲛⲛⲉꞅⲥⲓⲁ,Blue,(S) AB1 The MedingaporianZ Hold ?,0,1,1,0,B
cpl_2026-03-16_1700_Castle_824479,2026-03-16,17:00,Castle,Nova Prime Championship Stage 3,ᴍᴇᴅɪꜱᴘᴏʀᴛꜱ ⓜ,ⲓⲛⲛⲉꞅⲥⲓⲁ,Blue,(E) B1 Mid hold > Wait Tuns > 1 B,1,0,1,100,B
cpl_2026-03-16_1700_Castle_824479,2026-03-16,17:00,Castle,Nova Prime Championship Stage 3,ᴍᴇᴅɪꜱᴘᴏʀᴛꜱ ⓜ,ⲓⲛⲛⲉꞅⲥⲓⲁ,Blue,(S) B2 Hold Tunnels Hold>PAX Wait AP,1,2,3,33,B
cpl_2026-03-16_1700_Castle_824479,2026-03-16,17:00,Castle,Nova Prime Championship Stage 3,ᴍᴇᴅɪꜱᴘᴏʀᴛꜱ ⓜ,ⲓⲛⲛⲉꞅⲥⲓⲁ,Blue,(S) AB2 Mamba Defence New FixAP,4,1,5,80,B
cpl_2026-03-16_1700_Castle_824479,2026-03-16,17:00,Castle,Nova Prime Championship Stage 3,ᴍᴇᴅɪꜱᴘᴏʀᴛꜱ ⓜ,ⲓⲛⲛⲉꞅⲥⲓⲁ,Blue,(S) A4/Mid Bait > Hold Mid (Must Have),0,1,1,0,B
cpl_2026-03-16_1500_Train_824478,2026-03-16,15:00,Train,Nova Prime Championship Stage 3,ᴍᴇᴅɪꜱᴘᴏʀᴛꜱ ⓜ,TSB,Red,(S)A - Fast Flash (DD),0,1,1,0,S
cpl_2026-03-16_1500_Train_824478,2026-03-16,15:00,Train,Nova Prime Championship Stage 3,ᴍᴇᴅɪꜱᴘᴏʀᴛꜱ ⓜ,TSB,Red,(E)B-FAST Stairs AP CT/Apps Flash,1,0,1,100,S
cpl_2026-03-16_1500_Train_824478,2026-03-16,15:00,Train,Nova Prime Championship Stage 3,ᴍᴇᴅɪꜱᴘᴏʀᴛꜱ ⓜ,TSB,Red,(S)B-Stairs Fast > Con Control New,4,1,5,80,S
cpl_2026-03-16_1500_Train_824478,2026-03-16,15:00,Train,Nova Prime Championship Stage 3,ᴍᴇᴅɪꜱᴘᴏʀᴛꜱ ⓜ,TSB,Red,(S)B-Heaven Push > AP Wrap single,0,1,1,0,S
cpl_2026-03-16_1500_Train_824478,2026-03-16,15:00,Train,Nova Prime Championship Stage 3,ᴍᴇᴅɪꜱᴘᴏʀᴛꜱ ⓜ,TSB,Red,(S)B-Wait>Stairs Fast > Close Site,0,1,1,0,S
cpl_2026-03-16_1500_Train_824478,2026-03-16,15:00,Train,Nova Prime Championship Stage 3,ᴍᴇᴅɪꜱᴘᴏʀᴛꜱ ⓜ,TSB,Blue,(F)(P)A - AntiRush > PopDog Hold,0,2,2,0,S
cpl_2026-03-16_1500_Train_824478,2026-03-16,15:00,Train,Nova Prime Championship Stage 3,ᴍᴇᴅɪꜱᴘᴏʀᴛꜱ ⓜ,TSB,Blue,(E)B-Push Apps >A>Hold PopDoggAP,0,2,2,0,S
cpl_2026-03-16_1500_Train_824478,2026-03-16,15:00,Train,Nova Prime Championship Stage 3,ᴍᴇᴅɪꜱᴘᴏʀᴛꜱ ⓜ,TSB,Blue,(E)B-Dodgy Apps > Wait point flash solob,0,1,1,0,S
cpl_2026-03-16_1500_Train_824478,2026-03-16,15:00,Train,Nova Prime Championship Stage 3,ᴍᴇᴅɪꜱᴘᴏʀᴛꜱ ⓜ,TSB,Blue,(S)A-Medi DD Wait Point #1,2,1,3,67,S
cpl_2026-03-16_1500_Train_824478,2026-03-16,15:00,Train,Nova Prime Championship Stage 3,ᴍᴇᴅɪꜱᴘᴏʀᴛꜱ ⓜ,TSB,Blue,(S)A/B-Ivy RUSH > Round 2 Pop #1,1,1,2,50,S
cpl_2026-03-16_1500_Train_824478,2026-03-16,15:00,Train,Nova Prime Championship Stage 3,ᴍᴇᴅɪꜱᴘᴏʀᴛꜱ ⓜ,TSB,Blue,(S)B-Dodgy Apps > Wait point flash,0,1,1,0,S
cpl_2026-03-16_1500_Train_824478,2026-03-16,15:00,Train,Nova Prime Championship Stage 3,ᴍᴇᴅɪꜱᴘᴏʀᴛꜱ ⓜ,TSB,Blue,(S)B-Wait point front last train FLASH!!,0,2,2,0,S
cpl_2026-03-16_1500_Train_824478,2026-03-16,15:00,Train,Nova Prime Championship Stage 3,ᴍᴇᴅɪꜱᴘᴏʀᴛꜱ ⓜ,TSB,Blue,(S)A-jdp-Con Wait Point AP NEW?,0,2,2,0,S
cpl_2026-03-16_1400_Train_824269,2026-03-16,14:00,Train,CPL World Ladder Season 10,ᴍᴇᴅɪꜱᴘᴏʀᴛꜱ ⓜ,p.I.xels.•,Red,(S)A - Fast Flash (DD),0,1,1,0,S
cpl_2026-03-16_1400_Train_824269,2026-03-16,14:00,Train,CPL World Ladder Season 10,ᴍᴇᴅɪꜱᴘᴏʀᴛꜱ ⓜ,p.I.xels.•,Red,(E)B-FAST Stairs AP CT/Apps,1,1,2,50,S
cpl_2026-03-16_1400_Train_824269,2026-03-16,14:00,Train,CPL World Ladder Season 10,ᴍᴇᴅɪꜱᴘᴏʀᴛꜱ ⓜ,p.I.xels.•,Red,(S)B-Stairs Fast > Con Control New,2,1,3,67,S
cpl_2026-03-16_1400_Train_824269,2026-03-16,14:00,Train,CPL World Ladder Season 10,ᴍᴇᴅɪꜱᴘᴏʀᴛꜱ ⓜ,p.I.xels.•,Red,(S)A/B-Lurker A > Ex B,5,1,6,83,S
cpl_2026-03-16_1400_Train_824269,2026-03-16,14:00,Train,CPL World Ladder Season 10,ᴍᴇᴅɪꜱᴘᴏʀᴛꜱ ⓜ,p.I.xels.•,Red,(S)B-Heaven Push > AP Wrap single,0,1,1,0,S
cpl_2026-03-16_1400_Train_824269,2026-03-16,14:00,Train,CPL World Ladder Season 10,ᴍᴇᴅɪꜱᴘᴏʀᴛꜱ ⓜ,p.I.xels.•,Red,(S)B-Wait>Stairs Fast > Close Site,0,1,1,0,S
cpl_2026-03-16_1400_Train_824269,2026-03-16,14:00,Train,CPL World Ladder Season 10,ᴍᴇᴅɪꜱᴘᴏʀᴛꜱ ⓜ,p.I.xels.•,Red,(S)A-Ivy > CT > Con > ASite #1,0,1,1,0,S
cpl_2026-03-16_1400_Train_824269,2026-03-16,14:00,Train,CPL World Ladder Season 10,ᴍᴇᴅɪꜱᴘᴏʀᴛꜱ ⓜ,p.I.xels.•,Blue,(F)(P)A - AntiRush > PopDog Hold,2,2,4,50,S
cpl_2026-03-16_1400_Train_824269,2026-03-16,14:00,Train,CPL World Ladder Season 10,ᴍᴇᴅɪꜱᴘᴏʀᴛꜱ ⓜ,p.I.xels.•,Blue,(E)B-Dodgy Apps > Wait point flash solob,0,1,1,0,S
cpl_2026-03-16_1400_Train_824269,2026-03-16,14:00,Train,CPL World Ladder Season 10,ᴍᴇᴅɪꜱᴘᴏʀᴛꜱ ⓜ,p.I.xels.•,Blue,(E)B-Push Apps >A>Hold PopDoggAP,1,1,2,50,S
cpl_2026-03-16_1400_Train_824269,2026-03-16,14:00,Train,CPL World Ladder Season 10,ᴍᴇᴅɪꜱᴘᴏʀᴛꜱ ⓜ,p.I.xels.•,Blue,(S)A/B-Ivy RUSH > Round 2 Pop #1,1,1,2,50,S
cpl_2026-03-16_1400_Train_824269,2026-03-16,14:00,Train,CPL World Ladder Season 10,ᴍᴇᴅɪꜱᴘᴏʀᴛꜱ ⓜ,p.I.xels.•,Blue,(S)A-Medi DD Wait Point #1,0,1,1,0,S
cpl_2026-03-16_1400_Train_824269,2026-03-16,14:00,Train,CPL World Ladder Season 10,ᴍᴇᴅɪꜱᴘᴏʀᴛꜱ ⓜ,p.I.xels.•,Blue,(S)A-jdp-Con Wait Point AP NEW?,0,1,1,0,S
cpl_2026-03-16_1400_Train_824269,2026-03-16,14:00,Train,CPL World Ladder Season 10,ᴍᴇᴅɪꜱᴘᴏʀᴛꜱ ⓜ,p.I.xels.•,Blue,(S)B-Wait point front last train FLASH!!,0,1,1,0,S
cpl_2026-03-16_1400_Train_824269,2026-03-16,14:00,Train,CPL World Ladder Season 10,ᴍᴇᴅɪꜱᴘᴏʀᴛꜱ ⓜ,p.I.xels.•,Blue,(S)B-Dodgy Apps > Wait point flash,0,1,1,0,S
cpl_2026-03-16_1000_Castle_824685,2026-03-16,10:00,Castle,Cyberathletes Open Qualifier S10.15,ᴍᴇᴅɪꜱᴘᴏʀᴛꜱ ⓜ,вяαιηѕтσям,Red,(P) A1 > Medi Full Push Main w/ Flashnew,1,2,3,33,A
cpl_2026-03-16_1000_Castle_824685,2026-03-16,10:00,Castle,Cyberathletes Open Qualifier S10.15,ᴍᴇᴅɪꜱᴘᴏʀᴛꜱ ⓜ,вяαιηѕтσям,Red,(E) A2 > Medi Full Push Main w/ Flash2,0,1,1,0,A
cpl_2026-03-16_1000_Castle_824685,2026-03-16,10:00,Castle,Cyberathletes Open Qualifier S10.15,ᴍᴇᴅɪꜱᴘᴏʀᴛꜱ ⓜ,вяαιηѕтσям,Red,(E) AB1 Medispliot Cross Doors>Split,0,1,1,0,A
cpl_2026-03-16_1000_Castle_824685,2026-03-16,10:00,Castle,Cyberathletes Open Qualifier S10.15,ᴍᴇᴅɪꜱᴘᴏʀᴛꜱ ⓜ,вяαιηѕтσям,Red,(S) AB2 Medi Lurk B > Hoss A AP Split,0,2,2,0,A
cpl_2026-03-16_1000_Castle_824685,2026-03-16,10:00,Castle,Cyberathletes Open Qualifier S10.15,ᴍᴇᴅɪꜱᴘᴏʀᴛꜱ ⓜ,вяαιηѕтσям,Red,(S) A3 > innercia Solid A,2,2,4,50,A
cpl_2026-03-16_1000_Castle_824685,2026-03-16,10:00,Castle,Cyberathletes Open Qualifier S10.15,ᴍᴇᴅɪꜱᴘᴏʀᴛꜱ ⓜ,вяαιηѕтσям,Red,(S) B2 > Medi Spawn > Super Slow B,0,2,2,0,A
cpl_2026-03-16_1000_Castle_824685,2026-03-16,10:00,Castle,Cyberathletes Open Qualifier S10.15,ᴍᴇᴅɪꜱᴘᴏʀᴛꜱ ⓜ,вяαιηѕтσям,Red,(S) B1 innercia Push,1,1,2,50,A
cpl_2026-03-16_1000_Castle_824685,2026-03-16,10:00,Castle,Cyberathletes Open Qualifier S10.15,ᴍᴇᴅɪꜱᴘᴏʀᴛꜱ ⓜ,вяαιηѕтσям,Blue,(P) A1 Medi A10 First #1,0,1,1,0,A
cpl_2026-03-16_1000_Castle_824685,2026-03-16,10:00,Castle,Cyberathletes Open Qualifier S10.15,ᴍᴇᴅɪꜱᴘᴏʀᴛꜱ ⓜ,вяαιηѕтσям,Blue,(E) B1 Mid hold > Wait Tuns > 1 B,0,1,1,0,A
cpl_2026-03-16_1000_Castle_824685,2026-03-16,10:00,Castle,Cyberathletes Open Qualifier S10.15,ᴍᴇᴅɪꜱᴘᴏʀᴛꜱ ⓜ,вяαιηѕтσям,Blue,(S) B2 Hold Tunnels Hold>PAX Wait AP,3,1,4,75,A
cpl_2026-03-16_1000_Castle_824685,2026-03-16,10:00,Castle,Cyberathletes Open Qualifier S10.15,ᴍᴇᴅɪꜱᴘᴏʀᴛꜱ ⓜ,вяαιηѕтσям,Blue,(S) AB2 Mamba Defence New FixAP,0,1,1,0,A
cpl_2026-03-16_1000_Castle_824685,2026-03-16,10:00,Castle,Cyberathletes Open Qualifier S10.15,ᴍᴇᴅɪꜱᴘᴏʀᴛꜱ ⓜ,вяαιηѕтσям,Blue,(S) A4/Mid Bait > Hold Mid (Must Have),0,1,1,0,A
cpl_2026-03-16_0830_Train_824682,2026-03-16,08:30,Train,Cyberathletes Open Qualifier S10.15,ᴍᴇᴅɪꜱᴘᴏʀᴛꜱ ⓜ,zeroDown,Red,(S)A - Fast Flash (DD),0,1,1,0,A
cpl_2026-03-16_0830_Train_824682,2026-03-16,08:30,Train,Cyberathletes Open Qualifier S10.15,ᴍᴇᴅɪꜱᴘᴏʀᴛꜱ ⓜ,zeroDown,Red,(E)B-FAST Stairs AP CT/Apps,2,0,2,100,A
cpl_2026-03-16_0830_Train_824682,2026-03-16,08:30,Train,Cyberathletes Open Qualifier S10.15,ᴍᴇᴅɪꜱᴘᴏʀᴛꜱ ⓜ,zeroDown,Red,(S)A-Ivy > CT > Con > ASite #1,0,1,1,0,A
cpl_2026-03-16_0830_Train_824682,2026-03-16,08:30,Train,Cyberathletes Open Qualifier S10.15,ᴍᴇᴅɪꜱᴘᴏʀᴛꜱ ⓜ,zeroDown,Red,(S)B-Wait>Stairs Fast > Close Site,3,1,4,75,A
cpl_2026-03-16_0830_Train_824682,2026-03-16,08:30,Train,Cyberathletes Open Qualifier S10.15,ᴍᴇᴅɪꜱᴘᴏʀᴛꜱ ⓜ,zeroDown,Red,(S)B-Stairs Fast > Con Control New,5,0,5,100,A
cpl_2026-03-16_0830_Train_824682,2026-03-16,08:30,Train,Cyberathletes Open Qualifier S10.15,ᴍᴇᴅɪꜱᴘᴏʀᴛꜱ ⓜ,zeroDown,Blue,(F)(P)A - AntiRush > PopDog Hold,3,2,5,60,A
cpl_2026-03-16_0830_Train_824682,2026-03-16,08:30,Train,Cyberathletes Open Qualifier S10.15,ᴍᴇᴅɪꜱᴘᴏʀᴛꜱ ⓜ,zeroDown,Blue,(S)A/B-Ivy RUSH > Round 2 Pop #1,2,1,3,67,A
cpl_2026-03-16_0830_Train_824682,2026-03-16,08:30,Train,Cyberathletes Open Qualifier S10.15,ᴍᴇᴅɪꜱᴘᴏʀᴛꜱ ⓜ,zeroDown,Blue,(E)B-Push Apps >A>Hold PopDoggAP,0,1,1,0,A
cpl_2026-03-16_0830_Train_824682,2026-03-16,08:30,Train,Cyberathletes Open Qualifier S10.15,ᴍᴇᴅɪꜱᴘᴏʀᴛꜱ ⓜ,zeroDown,Blue,(S)B-Dodgy Apps > Wait point flash,0,1,1,0,A
cpl_2026-03-16_0830_Train_824682,2026-03-16,08:30,Train,Cyberathletes Open Qualifier S10.15,ᴍᴇᴅɪꜱᴘᴏʀᴛꜱ ⓜ,zeroDown,Blue,(S)B-Wait point front last train FLASH!!,0,1,1,0,A
cpl_2026-03-16_0830_Train_824682,2026-03-16,08:30,Train,Cyberathletes Open Qualifier S10.15,ᴍᴇᴅɪꜱᴘᴏʀᴛꜱ ⓜ,zeroDown,Blue,(S)A-jdp-Con Wait Point AP NEW?,0,1,1,0,A
cpl_2026-03-16_0830_Train_824682,2026-03-16,08:30,Train,Cyberathletes Open Qualifier S10.15,ᴍᴇᴅɪꜱᴘᴏʀᴛꜱ ⓜ,zeroDown,Blue,(S)A-Medi DD Wait Point #1,1,2,3,33,A
cpl_2026-03-16_0700_Castle_824681,2026-03-16,07:00,Castle,Cyberathletes Open Qualifier S10.15,ᴍᴇᴅɪꜱᴘᴏʀᴛꜱ ⓜ,Inn☢vative Gaming ®,Red,(P) A1 > Medi Full Push Main w/ Flashnew,1,2,3,33,A
cpl_2026-03-16_0700_Castle_824681,2026-03-16,07:00,Castle,Cyberathletes Open Qualifier S10.15,ᴍᴇᴅɪꜱᴘᴏʀᴛꜱ ⓜ,Inn☢vative Gaming ®,Red,(E) AB1 Medispliot Cross Doors>Split,0,1,1,0,A
cpl_2026-03-16_0700_Castle_824681,2026-03-16,07:00,Castle,Cyberathletes Open Qualifier S10.15,ᴍᴇᴅɪꜱᴘᴏʀᴛꜱ ⓜ,Inn☢vative Gaming ®,Red,(E) A2 > Medi Full Push Main w/ Flash2,0,2,2,0,A
cpl_2026-03-16_0700_Castle_824681,2026-03-16,07:00,Castle,Cyberathletes Open Qualifier S10.15,ᴍᴇᴅɪꜱᴘᴏʀᴛꜱ ⓜ,Inn☢vative Gaming ®,Red,(S) AB2 Medi Lurk B > Hoss A AP Split,2,2,4,50,A
cpl_2026-03-16_0700_Castle_824681,2026-03-16,07:00,Castle,Cyberathletes Open Qualifier S10.15,ᴍᴇᴅɪꜱᴘᴏʀᴛꜱ ⓜ,Inn☢vative Gaming ®,Red,(S) A3 > innercia Solid A,0,1,1,0,A
cpl_2026-03-16_0700_Castle_824681,2026-03-16,07:00,Castle,Cyberathletes Open Qualifier S10.15,ᴍᴇᴅɪꜱᴘᴏʀᴛꜱ ⓜ,Inn☢vative Gaming ®,Red,(S) B2 > Medi Spawn > Super Slow B,1,2,3,33,A
cpl_2026-03-16_0700_Castle_824681,2026-03-16,07:00,Castle,Cyberathletes Open Qualifier S10.15,ᴍᴇᴅɪꜱᴘᴏʀᴛꜱ ⓜ,Inn☢vative Gaming ®,Red,(S) B1 innercia Push,0,1,1,0,A
cpl_2026-03-16_0700_Castle_824681,2026-03-16,07:00,Castle,Cyberathletes Open Qualifier S10.15,ᴍᴇᴅɪꜱᴘᴏʀᴛꜱ ⓜ,Inn☢vative Gaming ®,Blue,(P) A1 Medi A10 First #1,0,1,1,0,A
cpl_2026-03-16_0700_Castle_824681,2026-03-16,07:00,Castle,Cyberathletes Open Qualifier S10.15,ᴍᴇᴅɪꜱᴘᴏʀᴛꜱ ⓜ,Inn☢vative Gaming ®,Blue,(E) B1 Mid hold > Wait Tuns > 1 B,1,1,2,50,A
cpl_2026-03-16_0700_Castle_824681,2026-03-16,07:00,Castle,Cyberathletes Open Qualifier S10.15,ᴍᴇᴅɪꜱᴘᴏʀᴛꜱ ⓜ,Inn☢vative Gaming ®,Blue,(S) AB2 Mamba Defence New FixAP,1,1,2,50,A
cpl_2026-03-16_0700_Castle_824681,2026-03-16,07:00,Castle,Cyberathletes Open Qualifier S10.15,ᴍᴇᴅɪꜱᴘᴏʀᴛꜱ ⓜ,Inn☢vative Gaming ®,Blue,(S) AB1 The MedingaporianZ Hold ?,0,1,1,0,A
cpl_2026-03-16_0700_Castle_824681,2026-03-16,07:00,Castle,Cyberathletes Open Qualifier S10.15,ᴍᴇᴅɪꜱᴘᴏʀᴛꜱ ⓜ,Inn☢vative Gaming ®,Blue,(S) B2 Hold Tunnels Hold>PAX Wait AP,0,1,1,0,A
cpl_2026-03-25_1800_Castle_809412,2026-03-25,18:00,Castle,League diamond #5,ᴍᴇᴅɪꜱᴘᴏʀᴛꜱ ⓜ,Black NirvanaAFK,Red,(P) A1 > Medi Full Push Main w/ Flashnew,0,1,1,0,A
cpl_2026-03-25_1800_Castle_809412,2026-03-25,18:00,Castle,League diamond #5,ᴍᴇᴅɪꜱᴘᴏʀᴛꜱ ⓜ,Black NirvanaAFK,Red,(E) A2 > Medi Full Push Main w/ Flash2,0,1,1,0,A
cpl_2026-03-25_1800_Castle_809412,2026-03-25,18:00,Castle,League diamond #5,ᴍᴇᴅɪꜱᴘᴏʀᴛꜱ ⓜ,Black NirvanaAFK,Red,(S) A3 > innercia Solid A,0,2,2,0,A
cpl_2026-03-25_1800_Castle_809412,2026-03-25,18:00,Castle,League diamond #5,ᴍᴇᴅɪꜱᴘᴏʀᴛꜱ ⓜ,Black NirvanaAFK,Red,(S) AB2 Medi Lurk B > Hoss A AP Split,1,2,3,33,A
cpl_2026-03-25_1800_Castle_809412,2026-03-25,18:00,Castle,League diamond #5,ᴍᴇᴅɪꜱᴘᴏʀᴛꜱ ⓜ,Black NirvanaAFK,Red,(S) B2 > Medi Spawn > Super Slow B,0,2,2,0,A
cpl_2026-03-25_1800_Castle_809412,2026-03-25,18:00,Castle,League diamond #5,ᴍᴇᴅɪꜱᴘᴏʀᴛꜱ ⓜ,Black NirvanaAFK,Red,(S) B1 innercia Push,0,1,1,0,A
cpl_2026-03-25_1800_Castle_809412,2026-03-25,18:00,Castle,League diamond #5,ᴍᴇᴅɪꜱᴘᴏʀᴛꜱ ⓜ,Black NirvanaAFK,Blue,(P) A1 Medi A10 First #1,0,1,1,0,A
cpl_2026-03-25_1800_Castle_809412,2026-03-25,18:00,Castle,League diamond #5,ᴍᴇᴅɪꜱᴘᴏʀᴛꜱ ⓜ,Black NirvanaAFK,Blue,(E) B1 Mid hold > Wait Tuns > 1 B,1,0,1,100,A
cpl_2026-03-25_1800_Castle_809412,2026-03-25,18:00,Castle,League diamond #5,ᴍᴇᴅɪꜱᴘᴏʀᴛꜱ ⓜ,Black NirvanaAFK,Blue,(S) AB2 Mamba Defence New FixAP,1,2,3,33,A
cpl_2026-03-25_1800_Castle_809412,2026-03-25,18:00,Castle,League diamond #5,ᴍᴇᴅɪꜱᴘᴏʀᴛꜱ ⓜ,Black NirvanaAFK,Blue,(S) A4/Mid Bait > Hold Mid (Must Have),4,1,5,80,A
cpl_2026-03-25_1800_Castle_809412,2026-03-25,18:00,Castle,League diamond #5,ᴍᴇᴅɪꜱᴘᴏʀᴛꜱ ⓜ,Black NirvanaAFK,Blue,(S) B2 Hold Tunnels Hold>PAX Wait AP,1,2,3,33,A
cpl_2026-03-25_1800_Castle_809412,2026-03-25,18:00,Castle,League diamond #5,ᴍᴇᴅɪꜱᴘᴏʀᴛꜱ ⓜ,Black NirvanaAFK,Blue,(S) AB1 The MedingaporianZ Hold ?,1,1,2,50,A
cpl_2026-03-25_1400_Castle_830524,2026-03-25,14:00,Castle,CPL World Ladder Season 10,ᴍᴇᴅɪꜱᴘᴏʀᴛꜱ ⓜ,pihaTNT,Red,(P) A1 > Medi Full Push Main w/ Flashnew,0,2,2,0,A
cpl_2026-03-25_1400_Castle_830524,2026-03-25,14:00,Castle,CPL World Ladder Season 10,ᴍᴇᴅɪꜱᴘᴏʀᴛꜱ ⓜ,pihaTNT,Red,(E) A2 > Medi Full Push Main w/ Flash2,0,1,1,0,A
cpl_2026-03-25_1400_Castle_830524,2026-03-25,14:00,Castle,CPL World Ladder Season 10,ᴍᴇᴅɪꜱᴘᴏʀᴛꜱ ⓜ,pihaTNT,Red,(S) B1 innercia Push,0,1,1,0,A
cpl_2026-03-25_1400_Castle_830524,2026-03-25,14:00,Castle,CPL World Ladder Season 10,ᴍᴇᴅɪꜱᴘᴏʀᴛꜱ ⓜ,pihaTNT,Red,(S) A3 > innercia Solid A,0,1,1,0,A
cpl_2026-03-25_1400_Castle_830524,2026-03-25,14:00,Castle,CPL World Ladder Season 10,ᴍᴇᴅɪꜱᴘᴏʀᴛꜱ ⓜ,pihaTNT,Red,(S) AB2 Medi Lurk B > Hoss A AP Split,0,1,1,0,A
cpl_2026-03-25_1400_Castle_830524,2026-03-25,14:00,Castle,CPL World Ladder Season 10,ᴍᴇᴅɪꜱᴘᴏʀᴛꜱ ⓜ,pihaTNT,Red,(S) B2 > Medi Spawn > Super Slow B,1,1,2,50,A
cpl_2026-03-25_1400_Castle_830524,2026-03-25,14:00,Castle,CPL World Ladder Season 10,ᴍᴇᴅɪꜱᴘᴏʀᴛꜱ ⓜ,pihaTNT,Blue,(P) A1 Medi A10 First #1,2,2,4,50,A
cpl_2026-03-25_1400_Castle_830524,2026-03-25,14:00,Castle,CPL World Ladder Season 10,ᴍᴇᴅɪꜱᴘᴏʀᴛꜱ ⓜ,pihaTNT,Blue,(S) A4/Mid Bait > Hold Mid (Must Have),2,2,4,50,A
cpl_2026-03-25_1400_Castle_830524,2026-03-25,14:00,Castle,CPL World Ladder Season 10,ᴍᴇᴅɪꜱᴘᴏʀᴛꜱ ⓜ,pihaTNT,Blue,(E) B1 Mid hold > Wait Tuns > 1 B,0,2,2,0,A
cpl_2026-03-25_1400_Castle_830524,2026-03-25,14:00,Castle,CPL World Ladder Season 10,ᴍᴇᴅɪꜱᴘᴏʀᴛꜱ ⓜ,pihaTNT,Blue,(S) B2 Hold Tunnels Hold>PAX Wait AP,0,1,1,0,A
cpl_2026-03-25_1400_Castle_830524,2026-03-25,14:00,Castle,CPL World Ladder Season 10,ᴍᴇᴅɪꜱᴘᴏʀᴛꜱ ⓜ,pihaTNT,Blue,(S) AB1 The MedingaporianZ Hold ?,0,1,1,0,A
cpl_2026-03-25_1400_Castle_830524,2026-03-25,14:00,Castle,CPL World Ladder Season 10,ᴍᴇᴅɪꜱᴘᴏʀᴛꜱ ⓜ,pihaTNT,Blue,(S) AB2 Mamba Defence New FixAP,2,1,3,67,A
cpl_2026-03-13_1900_Castle_820843,2026-03-13,19:00,Castle,ᴍᴀᴅᴍᴇɴ ᴄᴀꜱᴛʟᴇ ʙᴏᴏᴛᴄᴀᴍᴘ ꜱ¹⁰,ᴍᴇᴅɪꜱᴘᴏʀᴛꜱ ⓜ,ⲓⲛⲛⲉꞅⲥⲓⲁ,Red,(P) A1 > Medi Full Push Main w/ Flashnew,0,2,2,0,B
cpl_2026-03-13_1900_Castle_820843,2026-03-13,19:00,Castle,ᴍᴀᴅᴍᴇɴ ᴄᴀꜱᴛʟᴇ ʙᴏᴏᴛᴄᴀᴍᴘ ꜱ¹⁰,ᴍᴇᴅɪꜱᴘᴏʀᴛꜱ ⓜ,ⲓⲛⲛⲉꞅⲥⲓⲁ,Red,(E) AB1 Medispliot Cross Doors>Split,0,1,1,0,B
cpl_2026-03-13_1900_Castle_820843,2026-03-13,19:00,Castle,ᴍᴀᴅᴍᴇɴ ᴄᴀꜱᴛʟᴇ ʙᴏᴏᴛᴄᴀᴍᴘ ꜱ¹⁰,ᴍᴇᴅɪꜱᴘᴏʀᴛꜱ ⓜ,ⲓⲛⲛⲉꞅⲥⲓⲁ,Red,(E) A2 > Medi Full Push Main w/ Flash2,0,1,1,0,B
cpl_2026-03-13_1900_Castle_820843,2026-03-13,19:00,Castle,ᴍᴀᴅᴍᴇɴ ᴄᴀꜱᴛʟᴇ ʙᴏᴏᴛᴄᴀᴍᴘ ꜱ¹⁰,ᴍᴇᴅɪꜱᴘᴏʀᴛꜱ ⓜ,ⲓⲛⲛⲉꞅⲥⲓⲁ,Red,(S) B2 > Medi Spawn > Super Slow B,0,1,1,0,B
cpl_2026-03-13_1900_Castle_820843,2026-03-13,19:00,Castle,ᴍᴀᴅᴍᴇɴ ᴄᴀꜱᴛʟᴇ ʙᴏᴏᴛᴄᴀᴍᴘ ꜱ¹⁰,ᴍᴇᴅɪꜱᴘᴏʀᴛꜱ ⓜ,ⲓⲛⲛⲉꞅⲥⲓⲁ,Red,(S) AB2 Medi Lurk B > Hoss A AP Split,4,1,5,80,B
cpl_2026-03-13_1900_Castle_820843,2026-03-13,19:00,Castle,ᴍᴀᴅᴍᴇɴ ᴄᴀꜱᴛʟᴇ ʙᴏᴏᴛᴄᴀᴍᴘ ꜱ¹⁰,ᴍᴇᴅɪꜱᴘᴏʀᴛꜱ ⓜ,ⲓⲛⲛⲉꞅⲥⲓⲁ,Red,(S) A3 > innercia Solid A innercia anti,2,2,4,50,B
cpl_2026-03-13_1900_Castle_820843,2026-03-13,19:00,Castle,ᴍᴀᴅᴍᴇɴ ᴄᴀꜱᴛʟᴇ ʙᴏᴏᴛᴄᴀᴍᴘ ꜱ¹⁰,ᴍᴇᴅɪꜱᴘᴏʀᴛꜱ ⓜ,ⲓⲛⲛⲉꞅⲥⲓⲁ,Red,(S) B1 innercia Push,0,1,1,0,B
cpl_2026-03-13_1900_Castle_820843,2026-03-13,19:00,Castle,ᴍᴀᴅᴍᴇɴ ᴄᴀꜱᴛʟᴇ ʙᴏᴏᴛᴄᴀᴍᴘ ꜱ¹⁰,ᴍᴇᴅɪꜱᴘᴏʀᴛꜱ ⓜ,ⲓⲛⲛⲉꞅⲥⲓⲁ,Blue,(P) A1 Medi A10 First #1,2,1,3,67,B
cpl_2026-03-13_1900_Castle_820843,2026-03-13,19:00,Castle,ᴍᴀᴅᴍᴇɴ ᴄᴀꜱᴛʟᴇ ʙᴏᴏᴛᴄᴀᴍᴘ ꜱ¹⁰,ᴍᴇᴅɪꜱᴘᴏʀᴛꜱ ⓜ,ⲓⲛⲛⲉꞅⲥⲓⲁ,Blue,(E) B1 Mid hold > Wait Tuns > 1 B,1,0,1,100,B
cpl_2026-03-13_1900_Castle_820843,2026-03-13,19:00,Castle,ᴍᴀᴅᴍᴇɴ ᴄᴀꜱᴛʟᴇ ʙᴏᴏᴛᴄᴀᴍᴘ ꜱ¹⁰,ᴍᴇᴅɪꜱᴘᴏʀᴛꜱ ⓜ,ⲓⲛⲛⲉꞅⲥⲓⲁ,Blue,(S) A4/Mid Bait > Hold Mid (Must Have),3,1,4,75,B
cpl_2026-03-13_1900_Castle_820843,2026-03-13,19:00,Castle,ᴍᴀᴅᴍᴇɴ ᴄᴀꜱᴛʟᴇ ʙᴏᴏᴛᴄᴀᴍᴘ ꜱ¹⁰,ᴍᴇᴅɪꜱᴘᴏʀᴛꜱ ⓜ,ⲓⲛⲛⲉꞅⲥⲓⲁ,Blue,(S) AB2 Mamba Defence New FixAP,1,2,3,33,B
cpl_2026-03-13_1900_Castle_820843,2026-03-13,19:00,Castle,ᴍᴀᴅᴍᴇɴ ᴄᴀꜱᴛʟᴇ ʙᴏᴏᴛᴄᴀᴍᴘ ꜱ¹⁰,ᴍᴇᴅɪꜱᴘᴏʀᴛꜱ ⓜ,ⲓⲛⲛⲉꞅⲥⲓⲁ,Blue,(S) AB1 The MedingaporianZ Hold ?,0,1,1,0,B
cpl_2026-03-13_1900_Castle_820843,2026-03-13,19:00,Castle,ᴍᴀᴅᴍᴇɴ ᴄᴀꜱᴛʟᴇ ʙᴏᴏᴛᴄᴀᴍᴘ ꜱ¹⁰,ᴍᴇᴅɪꜱᴘᴏʀᴛꜱ ⓜ,ⲓⲛⲛⲉꞅⲥⲓⲁ,Blue,(S) B2 Hold Tunnels Hold>PAX Wait AP,0,2,2,0,B
cpl_2026-03-13_1800_Castle_820842,2026-03-13,18:00,Castle,ᴍᴀᴅᴍᴇɴ ᴄᴀꜱᴛʟᴇ ʙᴏᴏᴛᴄᴀᴍᴘ ꜱ¹⁰,ᴍᴇᴅɪꜱᴘᴏʀᴛꜱ ⓜ,ⲓⲛⲛⲉꞅⲥⲓⲁ,Red,(P) A1 > Medi Full Push Main w/ Flashnew,0,2,2,0,B
cpl_2026-03-13_1800_Castle_820842,2026-03-13,18:00,Castle,ᴍᴀᴅᴍᴇɴ ᴄᴀꜱᴛʟᴇ ʙᴏᴏᴛᴄᴀᴍᴘ ꜱ¹⁰,ᴍᴇᴅɪꜱᴘᴏʀᴛꜱ ⓜ,ⲓⲛⲛⲉꞅⲥⲓⲁ,Red,(E) A2 > Medi Full Push Main w/ Flash2,0,1,1,0,B
cpl_2026-03-13_1800_Castle_820842,2026-03-13,18:00,Castle,ᴍᴀᴅᴍᴇɴ ᴄᴀꜱᴛʟᴇ ʙᴏᴏᴛᴄᴀᴍᴘ ꜱ¹⁰,ᴍᴇᴅɪꜱᴘᴏʀᴛꜱ ⓜ,ⲓⲛⲛⲉꞅⲥⲓⲁ,Red,(S) B2 > Medi Spawn > Super Slow B,0,1,1,0,B
cpl_2026-03-13_1800_Castle_820842,2026-03-13,18:00,Castle,ᴍᴀᴅᴍᴇɴ ᴄᴀꜱᴛʟᴇ ʙᴏᴏᴛᴄᴀᴍᴘ ꜱ¹⁰,ᴍᴇᴅɪꜱᴘᴏʀᴛꜱ ⓜ,ⲓⲛⲛⲉꞅⲥⲓⲁ,Red,(S) A3 > innercia Solid A,2,2,4,50,B
cpl_2026-03-13_1800_Castle_820842,2026-03-13,18:00,Castle,ᴍᴀᴅᴍᴇɴ ᴄᴀꜱᴛʟᴇ ʙᴏᴏᴛᴄᴀᴍᴘ ꜱ¹⁰,ᴍᴇᴅɪꜱᴘᴏʀᴛꜱ ⓜ,ⲓⲛⲛⲉꞅⲥⲓⲁ,Red,(S) AB2 Medi Lurk B > Hoss A AP Split,0,2,2,0,B
cpl_2026-03-13_1800_Castle_820842,2026-03-13,18:00,Castle,ᴍᴀᴅᴍᴇɴ ᴄᴀꜱᴛʟᴇ ʙᴏᴏᴛᴄᴀᴍᴘ ꜱ¹⁰,ᴍᴇᴅɪꜱᴘᴏʀᴛꜱ ⓜ,ⲓⲛⲛⲉꞅⲥⲓⲁ,Red,(S) B1 innercia Push,1,2,3,33,B
cpl_2026-03-13_1800_Castle_820842,2026-03-13,18:00,Castle,ᴍᴀᴅᴍᴇɴ ᴄᴀꜱᴛʟᴇ ʙᴏᴏᴛᴄᴀᴍᴘ ꜱ¹⁰,ᴍᴇᴅɪꜱᴘᴏʀᴛꜱ ⓜ,ⲓⲛⲛⲉꞅⲥⲓⲁ,Blue,(P) A1 Medi A10 First #1,0,1,1,0,B
cpl_2026-03-13_1800_Castle_820842,2026-03-13,18:00,Castle,ᴍᴀᴅᴍᴇɴ ᴄᴀꜱᴛʟᴇ ʙᴏᴏᴛᴄᴀᴍᴘ ꜱ¹⁰,ᴍᴇᴅɪꜱᴘᴏʀᴛꜱ ⓜ,ⲓⲛⲛⲉꞅⲥⲓⲁ,Blue,(E) B1 Mid hold > Wait Tuns > 1 B,2,0,2,100,B
cpl_2026-03-13_1800_Castle_820842,2026-03-13,18:00,Castle,ᴍᴀᴅᴍᴇɴ ᴄᴀꜱᴛʟᴇ ʙᴏᴏᴛᴄᴀᴍᴘ ꜱ¹⁰,ᴍᴇᴅɪꜱᴘᴏʀᴛꜱ ⓜ,ⲓⲛⲛⲉꞅⲥⲓⲁ,Blue,(S) AB1 The MedingaporianZ Hold ?,5,2,7,71,B
cpl_2026-03-13_1800_Castle_820842,2026-03-13,18:00,Castle,ᴍᴀᴅᴍᴇɴ ᴄᴀꜱᴛʟᴇ ʙᴏᴏᴛᴄᴀᴍᴘ ꜱ¹⁰,ᴍᴇᴅɪꜱᴘᴏʀᴛꜱ ⓜ,ⲓⲛⲛⲉꞅⲥⲓⲁ,Blue,(S) A4/Mid Bait > Hold Mid (Must Have),2,1,3,67,B
cpl_2026-03-13_1800_Castle_820842,2026-03-13,18:00,Castle,ᴍᴀᴅᴍᴇɴ ᴄᴀꜱᴛʟᴇ ʙᴏᴏᴛᴄᴀᴍᴘ ꜱ¹⁰,ᴍᴇᴅɪꜱᴘᴏʀᴛꜱ ⓜ,ⲓⲛⲛⲉꞅⲥⲓⲁ,Blue,(S) B2 Hold Tunnels Hold>PAX Wait AP,0,1,1,0,B
cpl_2026-03-13_1800_Castle_820842,2026-03-13,18:00,Castle,ᴍᴀᴅᴍᴇɴ ᴄᴀꜱᴛʟᴇ ʙᴏᴏᴛᴄᴀᴍᴘ ꜱ¹⁰,ᴍᴇᴅɪꜱᴘᴏʀᴛꜱ ⓜ,ⲓⲛⲛⲉꞅⲥⲓⲁ,Blue,(S) AB2 Mamba Defence New FixAP,0,1,1,0,B
cpl_2026-03-11_2000_Castle_821219,2026-03-11,20:00,Castle,ᴍᴀᴅᴍᴇɴ ᴄᴀꜱᴛʟᴇ ʙᴏᴏᴛᴄᴀᴍᴘ ꜱ¹⁰,ᴍᴇᴅɪꜱᴘᴏʀᴛꜱ ⓜ,ⲓⲛⲛⲉꞅⲥⲓⲁ,Red,(P) A1 > Medi Full Push Main w/ Flash,2,2,4,50,B
cpl_2026-03-11_2000_Castle_821219,2026-03-11,20:00,Castle,ᴍᴀᴅᴍᴇɴ ᴄᴀꜱᴛʟᴇ ʙᴏᴏᴛᴄᴀᴍᴘ ꜱ¹⁰,ᴍᴇᴅɪꜱᴘᴏʀᴛꜱ ⓜ,ⲓⲛⲛⲉꞅⲥⲓⲁ,Red,(E) AB1 Medispliot Cross Doors>Split,0,2,2,0,B
cpl_2026-03-11_2000_Castle_821219,2026-03-11,20:00,Castle,ᴍᴀᴅᴍᴇɴ ᴄᴀꜱᴛʟᴇ ʙᴏᴏᴛᴄᴀᴍᴘ ꜱ¹⁰,ᴍᴇᴅɪꜱᴘᴏʀᴛꜱ ⓜ,ⲓⲛⲛⲉꞅⲥⲓⲁ,Red,(E) A2 > Medi Full Push Main w/ Flash,0,1,1,0,B
cpl_2026-03-11_2000_Castle_821219,2026-03-11,20:00,Castle,ᴍᴀᴅᴍᴇɴ ᴄᴀꜱᴛʟᴇ ʙᴏᴏᴛᴄᴀᴍᴘ ꜱ¹⁰,ᴍᴇᴅɪꜱᴘᴏʀᴛꜱ ⓜ,ⲓⲛⲛⲉꞅⲥⲓⲁ,Red,(S) A3 > innercia Solid A,1,1,2,50,B
cpl_2026-03-11_2000_Castle_821219,2026-03-11,20:00,Castle,ᴍᴀᴅᴍᴇɴ ᴄᴀꜱᴛʟᴇ ʙᴏᴏᴛᴄᴀᴍᴘ ꜱ¹⁰,ᴍᴇᴅɪꜱᴘᴏʀᴛꜱ ⓜ,ⲓⲛⲛⲉꞅⲥⲓⲁ,Red,(S) AB2 Medi Lurk B > Hoss A AP Split,0,1,1,0,B
cpl_2026-03-11_2000_Castle_821219,2026-03-11,20:00,Castle,ᴍᴀᴅᴍᴇɴ ᴄᴀꜱᴛʟᴇ ʙᴏᴏᴛᴄᴀᴍᴘ ꜱ¹⁰,ᴍᴇᴅɪꜱᴘᴏʀᴛꜱ ⓜ,ⲓⲛⲛⲉꞅⲥⲓⲁ,Red,(S) B2 > Medi Spawn > Super Slow B,1,1,2,50,B
cpl_2026-03-11_2000_Castle_821219,2026-03-11,20:00,Castle,ᴍᴀᴅᴍᴇɴ ᴄᴀꜱᴛʟᴇ ʙᴏᴏᴛᴄᴀᴍᴘ ꜱ¹⁰,ᴍᴇᴅɪꜱᴘᴏʀᴛꜱ ⓜ,ⲓⲛⲛⲉꞅⲥⲓⲁ,Red,(S) B1 innercia Push,1,0,1,100,B
cpl_2026-03-11_2000_Castle_821219,2026-03-11,20:00,Castle,ᴍᴀᴅᴍᴇɴ ᴄᴀꜱᴛʟᴇ ʙᴏᴏᴛᴄᴀᴍᴘ ꜱ¹⁰,ᴍᴇᴅɪꜱᴘᴏʀᴛꜱ ⓜ,ⲓⲛⲛⲉꞅⲥⲓⲁ,Blue,(E) A1 Medi A10 First #1,1,1,2,50,B
cpl_2026-03-11_2000_Castle_821219,2026-03-11,20:00,Castle,ᴍᴀᴅᴍᴇɴ ᴄᴀꜱᴛʟᴇ ʙᴏᴏᴛᴄᴀᴍᴘ ꜱ¹⁰,ᴍᴇᴅɪꜱᴘᴏʀᴛꜱ ⓜ,ⲓⲛⲛⲉꞅⲥⲓⲁ,Blue,(E) B1 Mid hold > Wait Tuns > 1 B,2,0,2,100,B
cpl_2026-03-11_2000_Castle_821219,2026-03-11,20:00,Castle,ᴍᴀᴅᴍᴇɴ ᴄᴀꜱᴛʟᴇ ʙᴏᴏᴛᴄᴀᴍᴘ ꜱ¹⁰,ᴍᴇᴅɪꜱᴘᴏʀᴛꜱ ⓜ,ⲓⲛⲛⲉꞅⲥⲓⲁ,Blue,(S) AB1 The MedingaporianZ Hold,0,1,1,0,B
cpl_2026-03-11_2000_Castle_821219,2026-03-11,20:00,Castle,ᴍᴀᴅᴍᴇɴ ᴄᴀꜱᴛʟᴇ ʙᴏᴏᴛᴄᴀᴍᴘ ꜱ¹⁰,ᴍᴇᴅɪꜱᴘᴏʀᴛꜱ ⓜ,ⲓⲛⲛⲉꞅⲥⲓⲁ,Blue,(S) A4/Mid Bait > Hold Mid (Must Have),3,1,4,75,B
cpl_2026-03-11_2000_Castle_821219,2026-03-11,20:00,Castle,ᴍᴀᴅᴍᴇɴ ᴄᴀꜱᴛʟᴇ ʙᴏᴏᴛᴄᴀᴍᴘ ꜱ¹⁰,ᴍᴇᴅɪꜱᴘᴏʀᴛꜱ ⓜ,ⲓⲛⲛⲉꞅⲥⲓⲁ,Blue,(S) B2 Hold Tunnels Hold > PAX Wait,2,1,3,67,B
cpl_2026-03-11_2000_Castle_821219,2026-03-11,20:00,Castle,ᴍᴀᴅᴍᴇɴ ᴄᴀꜱᴛʟᴇ ʙᴏᴏᴛᴄᴀᴍᴘ ꜱ¹⁰,ᴍᴇᴅɪꜱᴘᴏʀᴛꜱ ⓜ,ⲓⲛⲛⲉꞅⲥⲓⲁ,Blue,(S) AB2 Mamba Defence New FixAP,3,0,3,100,B
cpl_2026-03-11_1600_Castle_820833,2026-03-11,16:00,Castle,ᴍᴀᴅᴍᴇɴ ᴄᴀꜱᴛʟᴇ ʙᴏᴏᴛᴄᴀᴍᴘ ꜱ¹⁰,ᴍᴇᴅɪꜱᴘᴏʀᴛꜱ ⓜ,вɩαск ωιᴆɵω ᴘᴚɵτɵᴄɵɩ,Red,(P) B innercia Push,0,2,2,0,B
cpl_2026-03-11_1600_Castle_820833,2026-03-11,16:00,Castle,ᴍᴀᴅᴍᴇɴ ᴄᴀꜱᴛʟᴇ ʙᴏᴏᴛᴄᴀᴍᴘ ꜱ¹⁰,ᴍᴇᴅɪꜱᴘᴏʀᴛꜱ ⓜ,вɩαск ωιᴆɵω ᴘᴚɵτɵᴄɵɩ,Red,(E) A > Medi Full Push Main,0,1,1,0,B
cpl_2026-03-11_1600_Castle_820833,2026-03-11,16:00,Castle,ᴍᴀᴅᴍᴇɴ ᴄᴀꜱᴛʟᴇ ʙᴏᴏᴛᴄᴀᴍᴘ ꜱ¹⁰,ᴍᴇᴅɪꜱᴘᴏʀᴛꜱ ⓜ,вɩαск ωιᴆɵω ᴘᴚɵτɵᴄɵɩ,Red,(E) B/A Medispliot Cross Doors>Split,0,1,1,0,B
cpl_2026-03-11_1600_Castle_820833,2026-03-11,16:00,Castle,ᴍᴀᴅᴍᴇɴ ᴄᴀꜱᴛʟᴇ ʙᴏᴏᴛᴄᴀᴍᴘ ꜱ¹⁰,ᴍᴇᴅɪꜱᴘᴏʀᴛꜱ ⓜ,вɩαск ωιᴆɵω ᴘᴚɵτɵᴄɵɩ,Red,(S) B Medi Lurk B > Hoss A AP Split,1,2,3,33,B
cpl_2026-03-11_1600_Castle_820833,2026-03-11,16:00,Castle,ᴍᴀᴅᴍᴇɴ ᴄᴀꜱᴛʟᴇ ʙᴏᴏᴛᴄᴀᴍᴘ ꜱ¹⁰,ᴍᴇᴅɪꜱᴘᴏʀᴛꜱ ⓜ,вɩαск ωιᴆɵω ᴘᴚɵτɵᴄɵɩ,Red,(S) B > Medi Spawn > Super Slow B,0,2,2,0,B
cpl_2026-03-11_1600_Castle_820833,2026-03-11,16:00,Castle,ᴍᴀᴅᴍᴇɴ ᴄᴀꜱᴛʟᴇ ʙᴏᴏᴛᴄᴀᴍᴘ ꜱ¹⁰,ᴍᴇᴅɪꜱᴘᴏʀᴛꜱ ⓜ,вɩαск ωιᴆɵω ᴘᴚɵτɵᴄɵɩ,Red,(S) A > Medi Full Push Main,0,3,3,0,B
cpl_2026-03-11_1600_Castle_820833,2026-03-11,16:00,Castle,ᴍᴀᴅᴍᴇɴ ᴄᴀꜱᴛʟᴇ ʙᴏᴏᴛᴄᴀᴍᴘ ꜱ¹⁰,ᴍᴇᴅɪꜱᴘᴏʀᴛꜱ ⓜ,вɩαск ωιᴆɵω ᴘᴚɵτɵᴄɵɩ,Red,(S) A > innercia Solid A,1,2,3,33,B
cpl_2026-03-11_1600_Castle_820833,2026-03-11,16:00,Castle,ᴍᴀᴅᴍᴇɴ ᴄᴀꜱᴛʟᴇ ʙᴏᴏᴛᴄᴀᴍᴘ ꜱ¹⁰,ᴍᴇᴅɪꜱᴘᴏʀᴛꜱ ⓜ,вɩαск ωιᴆɵω ᴘᴚɵτɵᴄɵɩ,Blue,(E) A1 Medi A10 First #1,0,1,1,0,B
cpl_2026-03-11_1600_Castle_820833,2026-03-11,16:00,Castle,ᴍᴀᴅᴍᴇɴ ᴄᴀꜱᴛʟᴇ ʙᴏᴏᴛᴄᴀᴍᴘ ꜱ¹⁰,ᴍᴇᴅɪꜱᴘᴏʀᴛꜱ ⓜ,вɩαск ωιᴆɵω ᴘᴚɵτɵᴄɵɩ,Blue,(E) B1 Mid hold > Wait Tuns > 1 B,0,1,1,0,B
cpl_2026-03-11_1600_Castle_820833,2026-03-11,16:00,Castle,ᴍᴀᴅᴍᴇɴ ᴄᴀꜱᴛʟᴇ ʙᴏᴏᴛᴄᴀᴍᴘ ꜱ¹⁰,ᴍᴇᴅɪꜱᴘᴏʀᴛꜱ ⓜ,вɩαск ωιᴆɵω ᴘᴚɵτɵᴄɵɩ,Blue,(S) B2 Hold Tunnels Hold > PAX Wait,0,1,1,0,B
cpl_2026-03-05_2000_Castle_821435,2026-03-05,20:00,Castle,ᴍᴀᴅᴍᴇɴ ᴄᴀꜱᴛʟᴇ ʙᴏᴏᴛᴄᴀᴍᴘ ꜱ¹⁰,ᴍᴇᴅɪꜱᴘᴏʀᴛꜱ ⓜ,[ᴀꜰᴋ] ꜱᴘɪᴛꜰɪʀᴇ,Red,(P) A1 > Medi Full Push Main w/ Flash,1,2,3,33,A
cpl_2026-03-05_2000_Castle_821435,2026-03-05,20:00,Castle,ᴍᴀᴅᴍᴇɴ ᴄᴀꜱᴛʟᴇ ʙᴏᴏᴛᴄᴀᴍᴘ ꜱ¹⁰,ᴍᴇᴅɪꜱᴘᴏʀᴛꜱ ⓜ,[ᴀꜰᴋ] ꜱᴘɪᴛꜰɪʀᴇ,Red,(E) A2 > Medi Full Push Main w/ Flash,0,1,1,0,A
cpl_2026-03-05_2000_Castle_821435,2026-03-05,20:00,Castle,ᴍᴀᴅᴍᴇɴ ᴄᴀꜱᴛʟᴇ ʙᴏᴏᴛᴄᴀᴍᴘ ꜱ¹⁰,ᴍᴇᴅɪꜱᴘᴏʀᴛꜱ ⓜ,[ᴀꜰᴋ] ꜱᴘɪᴛꜰɪʀᴇ,Red,(E) AB1 Medispliot Cross Doors>Split,0,1,1,0,A
cpl_2026-03-05_2000_Castle_821435,2026-03-05,20:00,Castle,ᴍᴀᴅᴍᴇɴ ᴄᴀꜱᴛʟᴇ ʙᴏᴏᴛᴄᴀᴍᴘ ꜱ¹⁰,ᴍᴇᴅɪꜱᴘᴏʀᴛꜱ ⓜ,[ᴀꜰᴋ] ꜱᴘɪᴛꜰɪʀᴇ,Red,(S) B2 > Medi Spawn > Super Slow B,9,1,10,90,A
cpl_2026-03-05_2000_Castle_821435,2026-03-05,20:00,Castle,ᴍᴀᴅᴍᴇɴ ᴄᴀꜱᴛʟᴇ ʙᴏᴏᴛᴄᴀᴍᴘ ꜱ¹⁰,ᴍᴇᴅɪꜱᴘᴏʀᴛꜱ ⓜ,[ᴀꜰᴋ] ꜱᴘɪᴛꜰɪʀᴇ,Blue,(P) A1 Medi A10 First #1,1,2,3,33,A
cpl_2026-03-05_2000_Castle_821435,2026-03-05,20:00,Castle,ᴍᴀᴅᴍᴇɴ ᴄᴀꜱᴛʟᴇ ʙᴏᴏᴛᴄᴀᴍᴘ ꜱ¹⁰,ᴍᴇᴅɪꜱᴘᴏʀᴛꜱ ⓜ,[ᴀꜰᴋ] ꜱᴘɪᴛꜰɪʀᴇ,Blue,(E) B1 Mid hold > Wait Tuns > 1 B,0,2,2,0,A
cpl_2026-03-05_2000_Castle_821435,2026-03-05,20:00,Castle,ᴍᴀᴅᴍᴇɴ ᴄᴀꜱᴛʟᴇ ʙᴏᴏᴛᴄᴀᴍᴘ ꜱ¹⁰,ᴍᴇᴅɪꜱᴘᴏʀᴛꜱ ⓜ,[ᴀꜰᴋ] ꜱᴘɪᴛꜰɪʀᴇ,Blue,(S) AB1 The MedingaporianZ Hold ?,0,1,1,0,A
cpl_2026-03-05_2000_Castle_821435,2026-03-05,20:00,Castle,ᴍᴀᴅᴍᴇɴ ᴄᴀꜱᴛʟᴇ ʙᴏᴏᴛᴄᴀᴍᴘ ꜱ¹⁰,ᴍᴇᴅɪꜱᴘᴏʀᴛꜱ ⓜ,[ᴀꜰᴋ] ꜱᴘɪᴛꜰɪʀᴇ,Blue,(S) A4/Mid Bait > Hold Mid (Must Have),5,0,5,100,A
cpl_2026-03-05_1800_Castle_821424,2026-03-05,18:00,Castle,ᴍᴀᴅᴍᴇɴ ᴄᴀꜱᴛʟᴇ ʙᴏᴏᴛᴄᴀᴍᴘ ꜱ¹⁰,ᴍᴇᴅɪꜱᴘᴏʀᴛꜱ ⓜ,вяαιηѕтσям,Red,(P) A1 > Medi Full Push Main w/ Flash,1,1,2,50,A
cpl_2026-03-05_1800_Castle_821424,2026-03-05,18:00,Castle,ᴍᴀᴅᴍᴇɴ ᴄᴀꜱᴛʟᴇ ʙᴏᴏᴛᴄᴀᴍᴘ ꜱ¹⁰,ᴍᴇᴅɪꜱᴘᴏʀᴛꜱ ⓜ,вяαιηѕтσям,Red,(E) AB1 Medispliot Cross Doors>Split,0,1,1,0,A
cpl_2026-03-05_1800_Castle_821424,2026-03-05,18:00,Castle,ᴍᴀᴅᴍᴇɴ ᴄᴀꜱᴛʟᴇ ʙᴏᴏᴛᴄᴀᴍᴘ ꜱ¹⁰,ᴍᴇᴅɪꜱᴘᴏʀᴛꜱ ⓜ,вяαιηѕтσям,Red,(E) A2 > Medi Full Push Main w/ Flash,0,1,1,0,A
cpl_2026-03-05_1800_Castle_821424,2026-03-05,18:00,Castle,ᴍᴀᴅᴍᴇɴ ᴄᴀꜱᴛʟᴇ ʙᴏᴏᴛᴄᴀᴍᴘ ꜱ¹⁰,ᴍᴇᴅɪꜱᴘᴏʀᴛꜱ ⓜ,вяαιηѕтσям,Red,(S) B1 innercia Push,1,1,2,50,A
cpl_2026-03-05_1800_Castle_821424,2026-03-05,18:00,Castle,ᴍᴀᴅᴍᴇɴ ᴄᴀꜱᴛʟᴇ ʙᴏᴏᴛᴄᴀᴍᴘ ꜱ¹⁰,ᴍᴇᴅɪꜱᴘᴏʀᴛꜱ ⓜ,вяαιηѕтσям,Blue,(P) A1 Medi A10 First #1,1,2,3,33,A
cpl_2026-03-05_1800_Castle_821424,2026-03-05,18:00,Castle,ᴍᴀᴅᴍᴇɴ ᴄᴀꜱᴛʟᴇ ʙᴏᴏᴛᴄᴀᴍᴘ ꜱ¹⁰,ᴍᴇᴅɪꜱᴘᴏʀᴛꜱ ⓜ,вяαιηѕтσям,Blue,(E) B1 Mid hold > Wait Tuns > 1 B,0,2,2,0,A
cpl_2026-03-05_1800_Castle_821424,2026-03-05,18:00,Castle,ᴍᴀᴅᴍᴇɴ ᴄᴀꜱᴛʟᴇ ʙᴏᴏᴛᴄᴀᴍᴘ ꜱ¹⁰,ᴍᴇᴅɪꜱᴘᴏʀᴛꜱ ⓜ,вяαιηѕтσям,Blue,(S) AB1 The MedingaporianZ Hold ?,0,2,2,0,A
cpl_2026-03-05_1800_Castle_821424,2026-03-05,18:00,Castle,ᴍᴀᴅᴍᴇɴ ᴄᴀꜱᴛʟᴇ ʙᴏᴏᴛᴄᴀᴍᴘ ꜱ¹⁰,ᴍᴇᴅɪꜱᴘᴏʀᴛꜱ ⓜ,вяαιηѕтσям,Blue,(S) B2 Hold Tunnels Hold > PAX Wait,1,2,3,33,A
cpl_2026-03-05_1800_Castle_821424,2026-03-05,18:00,Castle,ᴍᴀᴅᴍᴇɴ ᴄᴀꜱᴛʟᴇ ʙᴏᴏᴛᴄᴀᴍᴘ ꜱ¹⁰,ᴍᴇᴅɪꜱᴘᴏʀᴛꜱ ⓜ,вяαιηѕтσям,Blue,(S) A4/Mid Bait > Hold Mid (Must Have),1,2,3,33,A
cpl_2026-03-05_1800_Castle_821424,2026-03-05,18:00,Castle,ᴍᴀᴅᴍᴇɴ ᴄᴀꜱᴛʟᴇ ʙᴏᴏᴛᴄᴀᴍᴘ ꜱ¹⁰,ᴍᴇᴅɪꜱᴘᴏʀᴛꜱ ⓜ,вяαιηѕтσям,Blue,(S) AB2 Mamba Defence New FixAP,0,2,2,0,A
cpl_2026-03-05_1600_Castle_821416,2026-03-05,16:00,Castle,ᴍᴀᴅᴍᴇɴ ᴄᴀꜱᴛʟᴇ ʙᴏᴏᴛᴄᴀᴍᴘ ꜱ¹⁰,ᴍᴇᴅɪꜱᴘᴏʀᴛꜱ ⓜ,ͷσ ꜱсσᴘε ͷσ ʜσᴘε,Red,(P) A1 > Medi Full Push Main w/ Flash,0,2,2,0,A
cpl_2026-03-05_1600_Castle_821416,2026-03-05,16:00,Castle,ᴍᴀᴅᴍᴇɴ ᴄᴀꜱᴛʟᴇ ʙᴏᴏᴛᴄᴀᴍᴘ ꜱ¹⁰,ᴍᴇᴅɪꜱᴘᴏʀᴛꜱ ⓜ,ͷσ ꜱсσᴘε ͷσ ʜσᴘε,Red,(E) AB1 Medispliot Cross Doors>Split,0,1,1,0,A
cpl_2026-03-05_1600_Castle_821416,2026-03-05,16:00,Castle,ᴍᴀᴅᴍᴇɴ ᴄᴀꜱᴛʟᴇ ʙᴏᴏᴛᴄᴀᴍᴘ ꜱ¹⁰,ᴍᴇᴅɪꜱᴘᴏʀᴛꜱ ⓜ,ͷσ ꜱсσᴘε ͷσ ʜσᴘε,Red,(E) A2 > Medi Full Push Main w/ Flash,1,1,2,50,A
cpl_2026-03-05_1600_Castle_821416,2026-03-05,16:00,Castle,ᴍᴀᴅᴍᴇɴ ᴄᴀꜱᴛʟᴇ ʙᴏᴏᴛᴄᴀᴍᴘ ꜱ¹⁰,ᴍᴇᴅɪꜱᴘᴏʀᴛꜱ ⓜ,ͷσ ꜱсσᴘε ͷσ ʜσᴘε,Red,(S) A3 > innercia Solid A,2,1,3,67,A
cpl_2026-03-05_1600_Castle_821416,2026-03-05,16:00,Castle,ᴍᴀᴅᴍᴇɴ ᴄᴀꜱᴛʟᴇ ʙᴏᴏᴛᴄᴀᴍᴘ ꜱ¹⁰,ᴍᴇᴅɪꜱᴘᴏʀᴛꜱ ⓜ,ͷσ ꜱсσᴘε ͷσ ʜσᴘε,Red,(S) B1 innercia Push,1,1,2,50,A
cpl_2026-03-05_1600_Castle_821416,2026-03-05,16:00,Castle,ᴍᴀᴅᴍᴇɴ ᴄᴀꜱᴛʟᴇ ʙᴏᴏᴛᴄᴀᴍᴘ ꜱ¹⁰,ᴍᴇᴅɪꜱᴘᴏʀᴛꜱ ⓜ,ͷσ ꜱсσᴘε ͷσ ʜσᴘε,Red,(S) B2 > Medi Spawn > Super Slow B,0,1,1,0,A
cpl_2026-03-05_1600_Castle_821416,2026-03-05,16:00,Castle,ᴍᴀᴅᴍᴇɴ ᴄᴀꜱᴛʟᴇ ʙᴏᴏᴛᴄᴀᴍᴘ ꜱ¹⁰,ᴍᴇᴅɪꜱᴘᴏʀᴛꜱ ⓜ,ͷσ ꜱсσᴘε ͷσ ʜσᴘε,Red,(S) AB2 Medi Lurk B > Hoss A AP Split,2,2,4,50,A
cpl_2026-03-05_1600_Castle_821416,2026-03-05,16:00,Castle,ᴍᴀᴅᴍᴇɴ ᴄᴀꜱᴛʟᴇ ʙᴏᴏᴛᴄᴀᴍᴘ ꜱ¹⁰,ᴍᴇᴅɪꜱᴘᴏʀᴛꜱ ⓜ,ͷσ ꜱсσᴘε ͷσ ʜσᴘε,Blue,(E) A1 Medi A10 First #1,7,2,9,78,A
cpl_2026-03-05_1600_Castle_821416,2026-03-05,16:00,Castle,ᴍᴀᴅᴍᴇɴ ᴄᴀꜱᴛʟᴇ ʙᴏᴏᴛᴄᴀᴍᴘ ꜱ¹⁰,ᴍᴇᴅɪꜱᴘᴏʀᴛꜱ ⓜ,ͷσ ꜱсσᴘε ͷσ ʜσᴘε,Blue,(E) B1 Mid hold > Wait Tuns > 1 B,0,1,1,0,A
cpl_2026-03-05_1600_Castle_821416,2026-03-05,16:00,Castle,ᴍᴀᴅᴍᴇɴ ᴄᴀꜱᴛʟᴇ ʙᴏᴏᴛᴄᴀᴍᴘ ꜱ¹⁰,ᴍᴇᴅɪꜱᴘᴏʀᴛꜱ ⓜ,ͷσ ꜱсσᴘε ͷσ ʜσᴘε,Blue,(S) AB2 Mamba Defence New FixAP,0,1,1,0,A
cpl_2026-03-05_1600_Castle_821416,2026-03-05,16:00,Castle,ᴍᴀᴅᴍᴇɴ ᴄᴀꜱᴛʟᴇ ʙᴏᴏᴛᴄᴀᴍᴘ ꜱ¹⁰,ᴍᴇᴅɪꜱᴘᴏʀᴛꜱ ⓜ,ͷσ ꜱсσᴘε ͷσ ʜσᴘε,Blue,(S) A1 Medi A10 First,0,1,1,0,A
cpl_2026-03-05_1600_Castle_821416,2026-03-05,16:00,Castle,ᴍᴀᴅᴍᴇɴ ᴄᴀꜱᴛʟᴇ ʙᴏᴏᴛᴄᴀᴍᴘ ꜱ¹⁰,ᴍᴇᴅɪꜱᴘᴏʀᴛꜱ ⓜ,ͷσ ꜱсσᴘε ͷσ ʜσᴘε,Blue,(S) A4/Mid Bait > Hold Mid (Must Have),0,1,1,0,A
cpl_2026-03-05_1600_Castle_821416,2026-03-05,16:00,Castle,ᴍᴀᴅᴍᴇɴ ᴄᴀꜱᴛʟᴇ ʙᴏᴏᴛᴄᴀᴍᴘ ꜱ¹⁰,ᴍᴇᴅɪꜱᴘᴏʀᴛꜱ ⓜ,ͷσ ꜱсσᴘε ͷσ ʜσᴘε,Blue,(S) B2 Hold Tunnels Hold > PAX Wait,0,1,1,0,A
cpl_2026-03-04_2000_Castle_821198,2026-03-04,20:00,Castle,ᴍᴀᴅᴍᴇɴ ᴄᴀꜱᴛʟᴇ ʙᴏᴏᴛᴄᴀᴍᴘ ꜱ¹⁰,ᴍᴇᴅɪꜱᴘᴏʀᴛꜱ ⓜ,мεεт тʜε ѕтαяꜱ,Red,(P) A1 > Medi Full Push Main w/ Flash,6,0,6,100,B
cpl_2026-03-04_2000_Castle_821198,2026-03-04,20:00,Castle,ᴍᴀᴅᴍᴇɴ ᴄᴀꜱᴛʟᴇ ʙᴏᴏᴛᴄᴀᴍᴘ ꜱ¹⁰,ᴍᴇᴅɪꜱᴘᴏʀᴛꜱ ⓜ,мεεт тʜε ѕтαяꜱ,Blue,(E) A1 Medi A10 First #1,0,1,1,0,B
cpl_2026-03-04_2000_Castle_821198,2026-03-04,20:00,Castle,ᴍᴀᴅᴍᴇɴ ᴄᴀꜱᴛʟᴇ ʙᴏᴏᴛᴄᴀᴍᴘ ꜱ¹⁰,ᴍᴇᴅɪꜱᴘᴏʀᴛꜱ ⓜ,мεεт тʜε ѕтαяꜱ,Blue,(E) B1 Mid hold > Wait Tuns > 1 B,1,1,2,50,B
cpl_2026-03-04_2000_Castle_821198,2026-03-04,20:00,Castle,ᴍᴀᴅᴍᴇɴ ᴄᴀꜱᴛʟᴇ ʙᴏᴏᴛᴄᴀᴍᴘ ꜱ¹⁰,ᴍᴇᴅɪꜱᴘᴏʀᴛꜱ ⓜ,мεεт тʜε ѕтαяꜱ,Blue,(S) A1 Medi A10 First,1,1,2,50,B
cpl_2026-03-04_2000_Castle_821198,2026-03-04,20:00,Castle,ᴍᴀᴅᴍᴇɴ ᴄᴀꜱᴛʟᴇ ʙᴏᴏᴛᴄᴀᴍᴘ ꜱ¹⁰,ᴍᴇᴅɪꜱᴘᴏʀᴛꜱ ⓜ,мεεт тʜε ѕтαяꜱ,Blue,(S) AB2 Mamba Defence New FixAP,0,1,1,0,B
cpl_2026-03-04_2000_Castle_821198,2026-03-04,20:00,Castle,ᴍᴀᴅᴍᴇɴ ᴄᴀꜱᴛʟᴇ ʙᴏᴏᴛᴄᴀᴍᴘ ꜱ¹⁰,ᴍᴇᴅɪꜱᴘᴏʀᴛꜱ ⓜ,мεεт тʜε ѕтαяꜱ,Blue,(S) AB1 The MedingaporianZ Hold,0,1,1,0,B
cpl_2026-03-04_2000_Castle_821198,2026-03-04,20:00,Castle,ᴍᴀᴅᴍᴇɴ ᴄᴀꜱᴛʟᴇ ʙᴏᴏᴛᴄᴀᴍᴘ ꜱ¹⁰,ᴍᴇᴅɪꜱᴘᴏʀᴛꜱ ⓜ,мεεт тʜε ѕтαяꜱ,Blue,(S) B2 Hold Tunnels Hold > PAX Wait,8,0,8,100,B
cpl_2026-03-04_1800_Castle_821192,2026-03-04,18:00,Castle,ᴍᴀᴅᴍᴇɴ ᴄᴀꜱᴛʟᴇ ʙᴏᴏᴛᴄᴀᴍᴘ ꜱ¹⁰,ᴍᴇᴅɪꜱᴘᴏʀᴛꜱ ⓜ,ꜱᴛᴀᴠᴀɴɢᴇʀ,Red,(P) A1 > Medi Full Push Main w/ Flash,3,1,4,75,B
cpl_2026-03-04_1800_Castle_821192,2026-03-04,18:00,Castle,ᴍᴀᴅᴍᴇɴ ᴄᴀꜱᴛʟᴇ ʙᴏᴏᴛᴄᴀᴍᴘ ꜱ¹⁰,ᴍᴇᴅɪꜱᴘᴏʀᴛꜱ ⓜ,ꜱᴛᴀᴠᴀɴɢᴇʀ,Red,(S) AB2 Medi Lurk B > Hoss A AP Split,6,0,6,100,B
cpl_2026-03-04_1800_Castle_821192,2026-03-04,18:00,Castle,ᴍᴀᴅᴍᴇɴ ᴄᴀꜱᴛʟᴇ ʙᴏᴏᴛᴄᴀᴍᴘ ꜱ¹⁰,ᴍᴇᴅɪꜱᴘᴏʀᴛꜱ ⓜ,ꜱᴛᴀᴠᴀɴɢᴇʀ,Blue,(E) A1 Medi A10 First #1,0,2,2,0,B
cpl_2026-03-04_1800_Castle_821192,2026-03-04,18:00,Castle,ᴍᴀᴅᴍᴇɴ ᴄᴀꜱᴛʟᴇ ʙᴏᴏᴛᴄᴀᴍᴘ ꜱ¹⁰,ᴍᴇᴅɪꜱᴘᴏʀᴛꜱ ⓜ,ꜱᴛᴀᴠᴀɴɢᴇʀ,Blue,(E) B1 Mid hold > Wait Tuns > 1 B,0,1,1,0,B
cpl_2026-03-04_1800_Castle_821192,2026-03-04,18:00,Castle,ᴍᴀᴅᴍᴇɴ ᴄᴀꜱᴛʟᴇ ʙᴏᴏᴛᴄᴀᴍᴘ ꜱ¹⁰,ᴍᴇᴅɪꜱᴘᴏʀᴛꜱ ⓜ,ꜱᴛᴀᴠᴀɴɢᴇʀ,Blue,(S) B2 Hold Tunnels Hold > PAX Wait,4,1,5,80,B
cpl_2026-03-04_1800_Castle_821192,2026-03-04,18:00,Castle,ᴍᴀᴅᴍᴇɴ ᴄᴀꜱᴛʟᴇ ʙᴏᴏᴛᴄᴀᴍᴘ ꜱ¹⁰,ᴍᴇᴅɪꜱᴘᴏʀᴛꜱ ⓜ,ꜱᴛᴀᴠᴀɴɢᴇʀ,Blue,(S) AB2 Mamba Defence New FixAP,0,1,1,0,B
cpl_2026-03-04_1800_Castle_821192,2026-03-04,18:00,Castle,ᴍᴀᴅᴍᴇɴ ᴄᴀꜱᴛʟᴇ ʙᴏᴏᴛᴄᴀᴍᴘ ꜱ¹⁰,ᴍᴇᴅɪꜱᴘᴏʀᴛꜱ ⓜ,ꜱᴛᴀᴠᴀɴɢᴇʀ,Blue,(S) A4/Mid Bait > Hold Mid (Must Have),2,1,3,67,B
cpl_2026-03-04_1800_Castle_821192,2026-03-04,18:00,Castle,ᴍᴀᴅᴍᴇɴ ᴄᴀꜱᴛʟᴇ ʙᴏᴏᴛᴄᴀᴍᴘ ꜱ¹⁰,ᴍᴇᴅɪꜱᴘᴏʀᴛꜱ ⓜ,ꜱᴛᴀᴠᴀɴɢᴇʀ,Blue,(S) A1 Medi A10 First,0,1,1,0,B
cpl_2026-03-04_1800_Castle_821192,2026-03-04,18:00,Castle,ᴍᴀᴅᴍᴇɴ ᴄᴀꜱᴛʟᴇ ʙᴏᴏᴛᴄᴀᴍᴘ ꜱ¹⁰,ᴍᴇᴅɪꜱᴘᴏʀᴛꜱ ⓜ,ꜱᴛᴀᴠᴀɴɢᴇʀ,Blue,(S) AB1 The MedingaporianZ Hold,1,1,2,50,B
cpl_2026-03-03_1900_Train_771573,2026-03-03,19:00,Train,ᴍᴀᴅᴍᴇɴ ɪɴᴠɪᴛᴀᴛɪᴏɴᴀʟ ꜱ⁹,ᴍᴇᴅɪꜱᴘᴏʀᴛꜱ ⓜ,ⲓⲛⲛⲉꞅⲥⲓⲁ,Red,(S)A - Fast Flash (DD),0,1,1,0,B
cpl_2026-03-03_1900_Train_771573,2026-03-03,19:00,Train,ᴍᴀᴅᴍᴇɴ ɪɴᴠɪᴛᴀᴛɪᴏɴᴀʟ ꜱ⁹,ᴍᴇᴅɪꜱᴘᴏʀᴛꜱ ⓜ,ⲓⲛⲛⲉꞅⲥⲓⲁ,Red,(E)B-FAST Stairs AP CT/Apps,1,0,1,100,B
cpl_2026-03-03_1900_Train_771573,2026-03-03,19:00,Train,ᴍᴀᴅᴍᴇɴ ɪɴᴠɪᴛᴀᴛɪᴏɴᴀʟ ꜱ⁹,ᴍᴇᴅɪꜱᴘᴏʀᴛꜱ ⓜ,ⲓⲛⲛⲉꞅⲥⲓⲁ,Red,(S)B-Heaven Push > AP Wrap single,4,2,6,67,B
cpl_2026-03-03_1900_Train_771573,2026-03-03,19:00,Train,ᴍᴀᴅᴍᴇɴ ɪɴᴠɪᴛᴀᴛɪᴏɴᴀʟ ꜱ⁹,ᴍᴇᴅɪꜱᴘᴏʀᴛꜱ ⓜ,ⲓⲛⲛⲉꞅⲥⲓⲁ,Red,(S)A/B-Lurker A > Ex B,0,2,2,0,B
cpl_2026-03-03_1900_Train_771573,2026-03-03,19:00,Train,ᴍᴀᴅᴍᴇɴ ɪɴᴠɪᴛᴀᴛɪᴏɴᴀʟ ꜱ⁹,ᴍᴇᴅɪꜱᴘᴏʀᴛꜱ ⓜ,ⲓⲛⲛⲉꞅⲥⲓⲁ,Red,(S)B-Wait>Stairs Fast > Close Site,0,2,2,0,B
cpl_2026-03-03_1900_Train_771573,2026-03-03,19:00,Train,ᴍᴀᴅᴍᴇɴ ɪɴᴠɪᴛᴀᴛɪᴏɴᴀʟ ꜱ⁹,ᴍᴇᴅɪꜱᴘᴏʀᴛꜱ ⓜ,ⲓⲛⲛⲉꞅⲥⲓⲁ,Red,(S)B-Stairs Fast > Con Control New,0,2,2,0,B
cpl_2026-03-03_1900_Train_771573,2026-03-03,19:00,Train,ᴍᴀᴅᴍᴇɴ ɪɴᴠɪᴛᴀᴛɪᴏɴᴀʟ ꜱ⁹,ᴍᴇᴅɪꜱᴘᴏʀᴛꜱ ⓜ,ⲓⲛⲛⲉꞅⲥⲓⲁ,Red,(S)A-Ivy > CT > Con > ASite #1,0,1,1,0,B
cpl_2026-03-03_1900_Train_771573,2026-03-03,19:00,Train,ᴍᴀᴅᴍᴇɴ ɪɴᴠɪᴛᴀᴛɪᴏɴᴀʟ ꜱ⁹,ᴍᴇᴅɪꜱᴘᴏʀᴛꜱ ⓜ,ⲓⲛⲛⲉꞅⲥⲓⲁ,Blue,(F)(P)A - AntiRush > PopDog Hold,0,1,1,0,B
cpl_2026-03-03_1900_Train_771573,2026-03-03,19:00,Train,ᴍᴀᴅᴍᴇɴ ɪɴᴠɪᴛᴀᴛɪᴏɴᴀʟ ꜱ⁹,ᴍᴇᴅɪꜱᴘᴏʀᴛꜱ ⓜ,ⲓⲛⲛⲉꞅⲥⲓⲁ,Blue,(E)B-Push Apps > Hold PopDogg,1,1,2,50,B
cpl_2026-03-03_1900_Train_771573,2026-03-03,19:00,Train,ᴍᴀᴅᴍᴇɴ ɪɴᴠɪᴛᴀᴛɪᴏɴᴀʟ ꜱ⁹,ᴍᴇᴅɪꜱᴘᴏʀᴛꜱ ⓜ,ⲓⲛⲛⲉꞅⲥⲓⲁ,Blue,(S)B-Dodgy Apps > Wait point flash,0,1,1,0,B
cpl_2026-03-03_1900_Train_771573,2026-03-03,19:00,Train,ᴍᴀᴅᴍᴇɴ ɪɴᴠɪᴛᴀᴛɪᴏɴᴀʟ ꜱ⁹,ᴍᴇᴅɪꜱᴘᴏʀᴛꜱ ⓜ,ⲓⲛⲛⲉꞅⲥⲓⲁ,Blue,(S)A/B-Ivy RUSH > Round 2 Pop #1,1,1,2,50,B
cpl_2026-03-03_1900_Train_771573,2026-03-03,19:00,Train,ᴍᴀᴅᴍᴇɴ ɪɴᴠɪᴛᴀᴛɪᴏɴᴀʟ ꜱ⁹,ᴍᴇᴅɪꜱᴘᴏʀᴛꜱ ⓜ,ⲓⲛⲛⲉꞅⲥⲓⲁ,Blue,(E)B-Dodgy Apps > Wait point flashnew,0,1,1,0,B
cpl_2026-03-03_1900_Train_771573,2026-03-03,19:00,Train,ᴍᴀᴅᴍᴇɴ ɪɴᴠɪᴛᴀᴛɪᴏɴᴀʟ ꜱ⁹,ᴍᴇᴅɪꜱᴘᴏʀᴛꜱ ⓜ,ⲓⲛⲛⲉꞅⲥⲓⲁ,Blue,(S)A-jdp-Con Wait Point AP NEW?,1,1,2,50,B
cpl_2026-03-03_1600_Train_771123,2026-03-03,16:00,Train,ᴍᴀᴅᴍᴇɴ ɪɴᴠɪᴛᴀᴛɪᴏɴᴀʟ ꜱ⁹,ᴍᴇᴅɪꜱᴘᴏʀᴛꜱ ⓜ,вяαιηѕтσям,Red,(S)A - Fast Flash (DD),0,2,2,0,A
cpl_2026-03-03_1600_Train_771123,2026-03-03,16:00,Train,ᴍᴀᴅᴍᴇɴ ɪɴᴠɪᴛᴀᴛɪᴏɴᴀʟ ꜱ⁹,ᴍᴇᴅɪꜱᴘᴏʀᴛꜱ ⓜ,вяαιηѕтσям,Red,(E)B-FAST Stairs AP CT/Apps,0,1,1,0,A
cpl_2026-03-03_1600_Train_771123,2026-03-03,16:00,Train,ᴍᴀᴅᴍᴇɴ ɪɴᴠɪᴛᴀᴛɪᴏɴᴀʟ ꜱ⁹,ᴍᴇᴅɪꜱᴘᴏʀᴛꜱ ⓜ,вяαιηѕтσям,Red,(S)A/B-Lurker A > Ex B,0,1,1,0,A
cpl_2026-03-03_1600_Train_771123,2026-03-03,16:00,Train,ᴍᴀᴅᴍᴇɴ ɪɴᴠɪᴛᴀᴛɪᴏɴᴀʟ ꜱ⁹,ᴍᴇᴅɪꜱᴘᴏʀᴛꜱ ⓜ,вяαιηѕтσям,Red,(S)B-Stairs Fast > Con Control New,3,1,4,75,A
cpl_2026-03-03_1600_Train_771123,2026-03-03,16:00,Train,ᴍᴀᴅᴍᴇɴ ɪɴᴠɪᴛᴀᴛɪᴏɴᴀʟ ꜱ⁹,ᴍᴇᴅɪꜱᴘᴏʀᴛꜱ ⓜ,вяαιηѕтσям,Red,(S)B-Wait>Stairs Fast > Close Site,2,1,3,67,A
cpl_2026-03-03_1600_Train_771123,2026-03-03,16:00,Train,ᴍᴀᴅᴍᴇɴ ɪɴᴠɪᴛᴀᴛɪᴏɴᴀʟ ꜱ⁹,ᴍᴇᴅɪꜱᴘᴏʀᴛꜱ ⓜ,вяαιηѕтσям,Red,(S)A-Ivy > CT > Con > ASite #1,1,1,2,50,A
cpl_2026-03-03_1600_Train_771123,2026-03-03,16:00,Train,ᴍᴀᴅᴍᴇɴ ɪɴᴠɪᴛᴀᴛɪᴏɴᴀʟ ꜱ⁹,ᴍᴇᴅɪꜱᴘᴏʀᴛꜱ ⓜ,вяαιηѕтσям,Red,(S)B-Heaven Push > AP Wrap single,1,1,2,50,A
cpl_2026-03-03_1600_Train_771123,2026-03-03,16:00,Train,ᴍᴀᴅᴍᴇɴ ɪɴᴠɪᴛᴀᴛɪᴏɴᴀʟ ꜱ⁹,ᴍᴇᴅɪꜱᴘᴏʀᴛꜱ ⓜ,вяαιηѕтσям,Blue,(F)(P)A - AntiRush > PopDog Hold,0,1,1,0,A
cpl_2026-03-03_1600_Train_771123,2026-03-03,16:00,Train,ᴍᴀᴅᴍᴇɴ ɪɴᴠɪᴛᴀᴛɪᴏɴᴀʟ ꜱ⁹,ᴍᴇᴅɪꜱᴘᴏʀᴛꜱ ⓜ,вяαιηѕтσям,Blue,(E)B-Push Apps > Hold PopDogg,0,1,1,0,A
cpl_2026-03-03_1600_Train_771123,2026-03-03,16:00,Train,ᴍᴀᴅᴍᴇɴ ɪɴᴠɪᴛᴀᴛɪᴏɴᴀʟ ꜱ⁹,ᴍᴇᴅɪꜱᴘᴏʀᴛꜱ ⓜ,вяαιηѕтσям,Blue,(S)A-jdp-Con Wait Point AP NEW?,3,1,4,75,A
cpl_2026-03-03_1600_Train_771123,2026-03-03,16:00,Train,ᴍᴀᴅᴍᴇɴ ɪɴᴠɪᴛᴀᴛɪᴏɴᴀʟ ꜱ⁹,ᴍᴇᴅɪꜱᴘᴏʀᴛꜱ ⓜ,вяαιηѕтσям,Blue,(S)B-Dodgy Apps > Wait point flash,0,2,2,0,A
cpl_2026-03-03_1600_Train_771123,2026-03-03,16:00,Train,ᴍᴀᴅᴍᴇɴ ɪɴᴠɪᴛᴀᴛɪᴏɴᴀʟ ꜱ⁹,ᴍᴇᴅɪꜱᴘᴏʀᴛꜱ ⓜ,вяαιηѕтσям,Blue,(S)A-Medi DD Wait Point #1,0,1,1,0,A
cpl_2026-03-03_1600_Train_771123,2026-03-03,16:00,Train,ᴍᴀᴅᴍᴇɴ ɪɴᴠɪᴛᴀᴛɪᴏɴᴀʟ ꜱ⁹,ᴍᴇᴅɪꜱᴘᴏʀᴛꜱ ⓜ,вяαιηѕтσям,Blue,(S)B-Wait point front last train FLASH!,0,1,1,0,A
cpl_2026-03-03_1600_Train_771123,2026-03-03,16:00,Train,ᴍᴀᴅᴍᴇɴ ɪɴᴠɪᴛᴀᴛɪᴏɴᴀʟ ꜱ⁹,ᴍᴇᴅɪꜱᴘᴏʀᴛꜱ ⓜ,вяαιηѕтσям,Blue,(S)A/B-Ivy RUSH > Round 2 Pop #1,0,1,1,0,A
cpl_2026-03-02_1800_Mill_771089,2026-03-02,18:00,Mill,ᴍᴀᴅᴍᴇɴ ɪɴᴠɪᴛᴀᴛɪᴏɴᴀʟ ꜱ⁹,ᴍᴇᴅɪꜱᴘᴏʀᴛꜱ ⓜ,Combinatozaurii,Red,(P) B - HERE COMES THE MEDITRAIN 4,0,1,1,0,S
cpl_2026-03-02_1800_Mill_771089,2026-03-02,18:00,Mill,ᴍᴀᴅᴍᴇɴ ɪɴᴠɪᴛᴀᴛɪᴏɴᴀʟ ꜱ⁹,ᴍᴇᴅɪꜱᴘᴏʀᴛꜱ ⓜ,Combinatozaurii,Red,(E) MediPax Eco A > AP Stacking,1,1,2,50,S
cpl_2026-03-02_1800_Mill_771089,2026-03-02,18:00,Mill,ᴍᴀᴅᴍᴇɴ ɪɴᴠɪᴛᴀᴛɪᴏɴᴀʟ ꜱ⁹,ᴍᴇᴅɪꜱᴘᴏʀᴛꜱ ⓜ,Combinatozaurii,Red,(S) A - Main Run and Flash,1,1,2,50,S
cpl_2026-03-02_1800_Mill_771089,2026-03-02,18:00,Mill,ᴍᴀᴅᴍᴇɴ ɪɴᴠɪᴛᴀᴛɪᴏɴᴀʟ ꜱ⁹,ᴍᴇᴅɪꜱᴘᴏʀᴛꜱ ⓜ,Combinatozaurii,Red,(E) Stop the Mid Push,0,1,1,0,S
cpl_2026-03-02_1800_Mill_771089,2026-03-02,18:00,Mill,ᴍᴀᴅᴍᴇɴ ɪɴᴠɪᴛᴀᴛɪᴏɴᴀʟ ꜱ⁹,ᴍᴇᴅɪꜱᴘᴏʀᴛꜱ ⓜ,Combinatozaurii,Red,(S) A-PAX Hold > A Halls>Counter Flash,0,1,1,0,S
cpl_2026-03-02_1800_Mill_771089,2026-03-02,18:00,Mill,ᴍᴀᴅᴍᴇɴ ɪɴᴠɪᴛᴀᴛɪᴏɴᴀʟ ꜱ⁹,ᴍᴇᴅɪꜱᴘᴏʀᴛꜱ ⓜ,Combinatozaurii,Red,(S) B - Lurk > Wait Dead > A Fixed,1,1,2,50,S
cpl_2026-03-02_1800_Mill_771089,2026-03-02,18:00,Mill,ᴍᴀᴅᴍᴇɴ ɪɴᴠɪᴛᴀᴛɪᴏɴᴀʟ ꜱ⁹,ᴍᴇᴅɪꜱᴘᴏʀᴛꜱ ⓜ,Combinatozaurii,Blue,(S) A Push > Wait Main > Flash A Run P,0,2,2,0,S
cpl_2026-03-02_1800_Mill_771089,2026-03-02,18:00,Mill,ᴍᴀᴅᴍᴇɴ ɪɴᴠɪᴛᴀᴛɪᴏɴᴀʟ ꜱ⁹,ᴍᴇᴅɪꜱᴘᴏʀᴛꜱ ⓜ,Combinatozaurii,Blue,(E)B-Medi Window Box Hold,1,0,1,100,S
cpl_2026-03-02_1800_Mill_771089,2026-03-02,18:00,Mill,ᴍᴀᴅᴍᴇɴ ɪɴᴠɪᴛᴀᴛɪᴏɴᴀʟ ꜱ⁹,ᴍᴇᴅɪꜱᴘᴏʀᴛꜱ ⓜ,Combinatozaurii,Blue,(S) A-Default>Pain Wait>Hoss B Fix?,4,2,6,67,S
cpl_2026-03-02_1800_Mill_771089,2026-03-02,18:00,Mill,ᴍᴀᴅᴍᴇɴ ɪɴᴠɪᴛᴀᴛɪᴏɴᴀʟ ꜱ⁹,ᴍᴇᴅɪꜱᴘᴏʀᴛꜱ ⓜ,Combinatozaurii,Blue,(S) Mid - B Wait Long > APs Long Yellow,0,2,2,0,S
cpl_2026-03-02_1800_Mill_771089,2026-03-02,18:00,Mill,ᴍᴀᴅᴍᴇɴ ɪɴᴠɪᴛᴀᴛɪᴏɴᴀʟ ꜱ⁹,ᴍᴇᴅɪꜱᴘᴏʀᴛꜱ ⓜ,Combinatozaurii,Blue,(S) Mid Push FastAF,0,2,2,0,S
cpl_2026-03-02_1800_Mill_771089,2026-03-02,18:00,Mill,ᴍᴀᴅᴍᴇɴ ɪɴᴠɪᴛᴀᴛɪᴏɴᴀʟ ꜱ⁹,ᴍᴇᴅɪꜱᴘᴏʀᴛꜱ ⓜ,Combinatozaurii,Blue,(S)B-MediPain Wait 2nd Mid,0,2,2,0,S
cpl_2026-03-02_1600_Train_770879,2026-03-02,16:00,Train,ᴍᴀᴅᴍᴇɴ ɪɴᴠɪᴛᴀᴛɪᴏɴᴀʟ ꜱ⁹,ᴍᴇᴅɪꜱᴘᴏʀᴛꜱ ⓜ,CS 4 EVER,Red,(S)A - Fast Flash (DD),0,1,1,0,A
cpl_2026-03-02_1600_Train_770879,2026-03-02,16:00,Train,ᴍᴀᴅᴍᴇɴ ɪɴᴠɪᴛᴀᴛɪᴏɴᴀʟ ꜱ⁹,ᴍᴇᴅɪꜱᴘᴏʀᴛꜱ ⓜ,CS 4 EVER,Red,(E)B-FAST Stairs AP CT/Apps,1,0,1,100,A
cpl_2026-03-02_1600_Train_770879,2026-03-02,16:00,Train,ᴍᴀᴅᴍᴇɴ ɪɴᴠɪᴛᴀᴛɪᴏɴᴀʟ ꜱ⁹,ᴍᴇᴅɪꜱᴘᴏʀᴛꜱ ⓜ,CS 4 EVER,Red,(S)A-Ivy > CT > Con > ASite #1,8,1,9,89,A
cpl_2026-03-02_1600_Train_770879,2026-03-02,16:00,Train,ᴍᴀᴅᴍᴇɴ ɪɴᴠɪᴛᴀᴛɪᴏɴᴀʟ ꜱ⁹,ᴍᴇᴅɪꜱᴘᴏʀᴛꜱ ⓜ,CS 4 EVER,Red,(S)B-Wait>Stairs Fast > Close Site,0,1,1,0,A
cpl_2026-03-02_1600_Train_770879,2026-03-02,16:00,Train,ᴍᴀᴅᴍᴇɴ ɪɴᴠɪᴛᴀᴛɪᴏɴᴀʟ ꜱ⁹,ᴍᴇᴅɪꜱᴘᴏʀᴛꜱ ⓜ,CS 4 EVER,Red,(S)A/B-Lurker A > Ex B,1,0,1,100,A
cpl_2026-03-02_1600_Train_770879,2026-03-02,16:00,Train,ᴍᴀᴅᴍᴇɴ ɪɴᴠɪᴛᴀᴛɪᴏɴᴀʟ ꜱ⁹,ᴍᴇᴅɪꜱᴘᴏʀᴛꜱ ⓜ,CS 4 EVER,Blue,(F)(P)A - AntiRush > PopDog Hold,5,1,6,83,A
cpl_2026-03-02_1600_Train_770879,2026-03-02,16:00,Train,ᴍᴀᴅᴍᴇɴ ɪɴᴠɪᴛᴀᴛɪᴏɴᴀʟ ꜱ⁹,ᴍᴇᴅɪꜱᴘᴏʀᴛꜱ ⓜ,CS 4 EVER,Blue,(S)A-jdp-Con Wait Point AP NEW?,0,1,1,0,A
cpl_2026-03-02_1600_Train_770879,2026-03-02,16:00,Train,ᴍᴀᴅᴍᴇɴ ɪɴᴠɪᴛᴀᴛɪᴏɴᴀʟ ꜱ⁹,ᴍᴇᴅɪꜱᴘᴏʀᴛꜱ ⓜ,CS 4 EVER,Blue,(S)A/B-Ivy RUSH > Round 2 Pop #1,0,1,1,0,A
cpl_2026-03-02_1600_Train_770879,2026-03-02,16:00,Train,ᴍᴀᴅᴍᴇɴ ɪɴᴠɪᴛᴀᴛɪᴏɴᴀʟ ꜱ⁹,ᴍᴇᴅɪꜱᴘᴏʀᴛꜱ ⓜ,CS 4 EVER,Blue,(E)B-Push Apps > Hold PopDogg,0,1,1,0,A
cpl_2026-03-02_1600_Train_770879,2026-03-02,16:00,Train,ᴍᴀᴅᴍᴇɴ ɪɴᴠɪᴛᴀᴛɪᴏɴᴀʟ ꜱ⁹,ᴍᴇᴅɪꜱᴘᴏʀᴛꜱ ⓜ,CS 4 EVER,Blue,(S)B-Wait point front last train FLASH!,0,1,1,0,A
cpl_2026-03-02_1600_Train_770879,2026-03-02,16:00,Train,ᴍᴀᴅᴍᴇɴ ɪɴᴠɪᴛᴀᴛɪᴏɴᴀʟ ꜱ⁹,ᴍᴇᴅɪꜱᴘᴏʀᴛꜱ ⓜ,CS 4 EVER,Blue,(S)B-Dodgy Apps > Wait point flash,0,2,2,0,A
cpl_2026-03-02_1600_Train_770879,2026-03-02,16:00,Train,ᴍᴀᴅᴍᴇɴ ɪɴᴠɪᴛᴀᴛɪᴏɴᴀʟ ꜱ⁹,ᴍᴇᴅɪꜱᴘᴏʀᴛꜱ ⓜ,CS 4 EVER,Blue,(S)A-Medi DD Wait Point #1,1,2,3,33,A
cpl_2026-03-01_2000_Train_770751,2026-03-01,20:00,Train,ᴍᴀᴅᴍᴇɴ ɪɴʜᴏᴜꜱᴇ ᴄᴜᴘ ꜱ9,ᴍᴇᴅɪꜱᴘᴏʀᴛꜱ ⓜ,@m8s,Red,(S)A - Fast Flash (DD),2,1,3,67,B
cpl_2026-03-01_2000_Train_770751,2026-03-01,20:00,Train,ᴍᴀᴅᴍᴇɴ ɪɴʜᴏᴜꜱᴇ ᴄᴜᴘ ꜱ9,ᴍᴇᴅɪꜱᴘᴏʀᴛꜱ ⓜ,@m8s,Red,(S)B-Wait>Stairs Fast > Close Site,0,1,1,0,B
cpl_2026-03-01_2000_Train_770751,2026-03-01,20:00,Train,ᴍᴀᴅᴍᴇɴ ɪɴʜᴏᴜꜱᴇ ᴄᴜᴘ ꜱ9,ᴍᴇᴅɪꜱᴘᴏʀᴛꜱ ⓜ,@m8s,Red,(E)B-FAST Stairs AP CT/Apps,0,1,1,0,B
cpl_2026-03-01_2000_Train_770751,2026-03-01,20:00,Train,ᴍᴀᴅᴍᴇɴ ɪɴʜᴏᴜꜱᴇ ᴄᴜᴘ ꜱ9,ᴍᴇᴅɪꜱᴘᴏʀᴛꜱ ⓜ,@m8s,Red,(S)A-Ivy > CT > Con > ASite #1,2,1,3,67,B
cpl_2026-03-01_2000_Train_770751,2026-03-01,20:00,Train,ᴍᴀᴅᴍᴇɴ ɪɴʜᴏᴜꜱᴇ ᴄᴜᴘ ꜱ9,ᴍᴇᴅɪꜱᴘᴏʀᴛꜱ ⓜ,@m8s,Red,(S)B-Stairs Fast > Con Control New,7,0,7,100,B
cpl_2026-03-01_2000_Train_770751,2026-03-01,20:00,Train,ᴍᴀᴅᴍᴇɴ ɪɴʜᴏᴜꜱᴇ ᴄᴜᴘ ꜱ9,ᴍᴇᴅɪꜱᴘᴏʀᴛꜱ ⓜ,@m8s,Blue,(F)(P)A - AntiRush > PopDog Hold,2,1,3,67,B
cpl_2026-03-01_2000_Train_770751,2026-03-01,20:00,Train,ᴍᴀᴅᴍᴇɴ ɪɴʜᴏᴜꜱᴇ ᴄᴜᴘ ꜱ9,ᴍᴇᴅɪꜱᴘᴏʀᴛꜱ ⓜ,@m8s,Blue,(S)B-Wait point front last train FLASH!,0,1,1,0,B
cpl_2026-03-01_2000_Train_770751,2026-03-01,20:00,Train,ᴍᴀᴅᴍᴇɴ ɪɴʜᴏᴜꜱᴇ ᴄᴜᴘ ꜱ9,ᴍᴇᴅɪꜱᴘᴏʀᴛꜱ ⓜ,@m8s,Blue,(E)B-Push Apps > Hold PopDogg,0,1,1,0,B
cpl_2026-03-01_2000_Train_770751,2026-03-01,20:00,Train,ᴍᴀᴅᴍᴇɴ ɪɴʜᴏᴜꜱᴇ ᴄᴜᴘ ꜱ9,ᴍᴇᴅɪꜱᴘᴏʀᴛꜱ ⓜ,@m8s,Blue,(S)A-Medi DD Wait Point #1,0,1,1,0,B
cpl_2026-03-01_2000_Train_770751,2026-03-01,20:00,Train,ᴍᴀᴅᴍᴇɴ ɪɴʜᴏᴜꜱᴇ ᴄᴜᴘ ꜱ9,ᴍᴇᴅɪꜱᴘᴏʀᴛꜱ ⓜ,@m8s,Blue,(E)B-Dodgy Apps > Wait point flashnew,0,1,1,0,B
cpl_2026-03-01_2000_Train_770751,2026-03-01,20:00,Train,ᴍᴀᴅᴍᴇɴ ɪɴʜᴏᴜꜱᴇ ᴄᴜᴘ ꜱ9,ᴍᴇᴅɪꜱᴘᴏʀᴛꜱ ⓜ,@m8s,Blue,(S)A/B-Ivy RUSH > Round 2 Pop #1,1,1,2,50,B
cpl_2026-03-01_2000_Train_770751,2026-03-01,20:00,Train,ᴍᴀᴅᴍᴇɴ ɪɴʜᴏᴜꜱᴇ ᴄᴜᴘ ꜱ9,ᴍᴇᴅɪꜱᴘᴏʀᴛꜱ ⓜ,@m8s,Blue,(S)A-jdp-Con Wait Point AP NEW?,1,2,3,33,B
cpl_2026-03-01_2000_Train_770751,2026-03-01,20:00,Train,ᴍᴀᴅᴍᴇɴ ɪɴʜᴏᴜꜱᴇ ᴄᴜᴘ ꜱ9,ᴍᴇᴅɪꜱᴘᴏʀᴛꜱ ⓜ,@m8s,Blue,(S)B-Dodgy Apps > Wait point flash,1,1,2,50,B
cpl_2026-03-01_1800_Mill_770260,2026-03-01,18:00,Mill,ᴍᴀᴅᴍᴇɴ ɪɴʜᴏᴜꜱᴇ ᴄᴜᴘ ꜱ9,ᴍᴇᴅɪꜱᴘᴏʀᴛꜱ ⓜ,вяαιηѕтσям,Red,(P) B - HERE COMES THE MEDITRAIN 4,0,1,1,0,A
cpl_2026-03-01_1800_Mill_770260,2026-03-01,18:00,Mill,ᴍᴀᴅᴍᴇɴ ɪɴʜᴏᴜꜱᴇ ᴄᴜᴘ ꜱ9,ᴍᴇᴅɪꜱᴘᴏʀᴛꜱ ⓜ,вяαιηѕтσям,Red,(E) MediPax Eco A > AP Stacking,0,1,1,0,A
cpl_2026-03-01_1800_Mill_770260,2026-03-01,18:00,Mill,ᴍᴀᴅᴍᴇɴ ɪɴʜᴏᴜꜱᴇ ᴄᴜᴘ ꜱ9,ᴍᴇᴅɪꜱᴘᴏʀᴛꜱ ⓜ,вяαιηѕтσям,Red,(S) B - TEST CRAZY B x2 A,0,1,1,0,A
cpl_2026-03-01_1800_Mill_770260,2026-03-01,18:00,Mill,ᴍᴀᴅᴍᴇɴ ɪɴʜᴏᴜꜱᴇ ᴄᴜᴘ ꜱ9,ᴍᴇᴅɪꜱᴘᴏʀᴛꜱ ⓜ,вяαιηѕтσям,Red,(S) A-PAX Hold > A Halls>Counter Flash,0,1,1,0,A
cpl_2026-03-01_1800_Mill_770260,2026-03-01,18:00,Mill,ᴍᴀᴅᴍᴇɴ ɪɴʜᴏᴜꜱᴇ ᴄᴜᴘ ꜱ9,ᴍᴇᴅɪꜱᴘᴏʀᴛꜱ ⓜ,вяαιηѕтσям,Red,(S) A - Main Run and Flash,3,1,4,75,A
cpl_2026-03-01_1800_Mill_770260,2026-03-01,18:00,Mill,ᴍᴀᴅᴍᴇɴ ɪɴʜᴏᴜꜱᴇ ᴄᴜᴘ ꜱ9,ᴍᴇᴅɪꜱᴘᴏʀᴛꜱ ⓜ,вяαιηѕтσям,Red,(S) B - Lurk > Wait Dead > A Fixed,0,1,1,0,A
cpl_2026-03-01_1800_Mill_770260,2026-03-01,18:00,Mill,ᴍᴀᴅᴍᴇɴ ɪɴʜᴏᴜꜱᴇ ᴄᴜᴘ ꜱ9,ᴍᴇᴅɪꜱᴘᴏʀᴛꜱ ⓜ,вяαιηѕтσям,Blue,(S) A Push > Wait Main > Flash A Run P,1,2,3,33,A
cpl_2026-03-01_1800_Mill_770260,2026-03-01,18:00,Mill,ᴍᴀᴅᴍᴇɴ ɪɴʜᴏᴜꜱᴇ ᴄᴜᴘ ꜱ9,ᴍᴇᴅɪꜱᴘᴏʀᴛꜱ ⓜ,вяαιηѕтσям,Blue,(E)B-Medi Window Box Hold,0,2,2,0,A
cpl_2026-03-01_1800_Mill_770260,2026-03-01,18:00,Mill,ᴍᴀᴅᴍᴇɴ ɪɴʜᴏᴜꜱᴇ ᴄᴜᴘ ꜱ9,ᴍᴇᴅɪꜱᴘᴏʀᴛꜱ ⓜ,вяαιηѕтσям,Blue,(E) A Push > Wait Main > Flash n Run,0,1,1,0,A
cpl_2026-03-01_1800_Mill_770260,2026-03-01,18:00,Mill,ᴍᴀᴅᴍᴇɴ ɪɴʜᴏᴜꜱᴇ ᴄᴜᴘ ꜱ9,ᴍᴇᴅɪꜱᴘᴏʀᴛꜱ ⓜ,вяαιηѕтσям,Blue,(S) Mid Push FastAF,1,1,2,50,A
cpl_2026-03-01_1800_Mill_770260,2026-03-01,18:00,Mill,ᴍᴀᴅᴍᴇɴ ɪɴʜᴏᴜꜱᴇ ᴄᴜᴘ ꜱ9,ᴍᴇᴅɪꜱᴘᴏʀᴛꜱ ⓜ,вяαιηѕтσям,Blue,(S) A-Default>Pain Wait>Hoss B Fix?,2,2,4,50,A
cpl_2026-03-01_1800_Mill_770260,2026-03-01,18:00,Mill,ᴍᴀᴅᴍᴇɴ ɪɴʜᴏᴜꜱᴇ ᴄᴜᴘ ꜱ9,ᴍᴇᴅɪꜱᴘᴏʀᴛꜱ ⓜ,вяαιηѕтσям,Blue,(S)B-MediPain Wait 2nd Mid,1,1,2,50,A
cpl_2026-03-01_1800_Mill_770260,2026-03-01,18:00,Mill,ᴍᴀᴅᴍᴇɴ ɪɴʜᴏᴜꜱᴇ ᴄᴜᴘ ꜱ9,ᴍᴇᴅɪꜱᴘᴏʀᴛꜱ ⓜ,вяαιηѕтσям,Blue,(S) Mid - B Wait Long > APs Long Yellow,0,1,1,0,A
cpl_2026-02-28_2000_Train_770159,2026-02-28,20:00,Train,ᴍᴀᴅᴍᴇɴ ɪɴʜᴏᴜꜱᴇ ᴄᴜᴘ ꜱ9,ᴍᴇᴅɪꜱᴘᴏʀᴛꜱ ⓜ,lost in ԁαʀκηєѕѕ,Red,(S)A - Fast Flash (DD),2,1,3,67,B
cpl_2026-02-28_2000_Train_770159,2026-02-28,20:00,Train,ᴍᴀᴅᴍᴇɴ ɪɴʜᴏᴜꜱᴇ ᴄᴜᴘ ꜱ9,ᴍᴇᴅɪꜱᴘᴏʀᴛꜱ ⓜ,lost in ԁαʀκηєѕѕ,Red,(S)B-Stairs Fast > Con Control New,0,1,1,0,B
cpl_2026-02-28_2000_Train_770159,2026-02-28,20:00,Train,ᴍᴀᴅᴍᴇɴ ɪɴʜᴏᴜꜱᴇ ᴄᴜᴘ ꜱ9,ᴍᴇᴅɪꜱᴘᴏʀᴛꜱ ⓜ,lost in ԁαʀκηєѕѕ,Red,(E)B-FAST Stairs AP CT/Apps,0,1,1,0,B
cpl_2026-02-28_2000_Train_770159,2026-02-28,20:00,Train,ᴍᴀᴅᴍᴇɴ ɪɴʜᴏᴜꜱᴇ ᴄᴜᴘ ꜱ9,ᴍᴇᴅɪꜱᴘᴏʀᴛꜱ ⓜ,lost in ԁαʀκηєѕѕ,Blue,(F)(P)A - AntiRush > PopDog Hold,0,2,2,0,B
cpl_2026-02-28_2000_Train_770159,2026-02-28,20:00,Train,ᴍᴀᴅᴍᴇɴ ɪɴʜᴏᴜꜱᴇ ᴄᴜᴘ ꜱ9,ᴍᴇᴅɪꜱᴘᴏʀᴛꜱ ⓜ,lost in ԁαʀκηєѕѕ,Blue,(E)B-Push Apps > Hold PopDogg,1,1,2,50,B
cpl_2026-02-28_2000_Train_770159,2026-02-28,20:00,Train,ᴍᴀᴅᴍᴇɴ ɪɴʜᴏᴜꜱᴇ ᴄᴜᴘ ꜱ9,ᴍᴇᴅɪꜱᴘᴏʀᴛꜱ ⓜ,lost in ԁαʀκηєѕѕ,Blue,(S)B-Dodgy Apps > Wait point flash,0,2,2,0,B
cpl_2026-02-28_2000_Train_770159,2026-02-28,20:00,Train,ᴍᴀᴅᴍᴇɴ ɪɴʜᴏᴜꜱᴇ ᴄᴜᴘ ꜱ9,ᴍᴇᴅɪꜱᴘᴏʀᴛꜱ ⓜ,lost in ԁαʀκηєѕѕ,Blue,(E)B-Dodgy Apps > Wait point flashnew,0,1,1,0,B
cpl_2026-02-28_2000_Train_770159,2026-02-28,20:00,Train,ᴍᴀᴅᴍᴇɴ ɪɴʜᴏᴜꜱᴇ ᴄᴜᴘ ꜱ9,ᴍᴇᴅɪꜱᴘᴏʀᴛꜱ ⓜ,lost in ԁαʀκηєѕѕ,Blue,(S)A-Medi DD Wait Point #1,0,2,2,0,B
cpl_2026-02-28_2000_Train_770159,2026-02-28,20:00,Train,ᴍᴀᴅᴍᴇɴ ɪɴʜᴏᴜꜱᴇ ᴄᴜᴘ ꜱ9,ᴍᴇᴅɪꜱᴘᴏʀᴛꜱ ⓜ,lost in ԁαʀκηєѕѕ,Blue,(S)A-jdp-Con Wait Point AP NEW?,0,1,1,0,B
cpl_2026-02-28_2000_Train_770159,2026-02-28,20:00,Train,ᴍᴀᴅᴍᴇɴ ɪɴʜᴏᴜꜱᴇ ᴄᴜᴘ ꜱ9,ᴍᴇᴅɪꜱᴘᴏʀᴛꜱ ⓜ,lost in ԁαʀκηєѕѕ,Blue,(S)B-Wait point front last train FLASH!,1,2,3,33,B
cpl_2026-02-28_2000_Train_770159,2026-02-28,20:00,Train,ᴍᴀᴅᴍᴇɴ ɪɴʜᴏᴜꜱᴇ ᴄᴜᴘ ꜱ9,ᴍᴇᴅɪꜱᴘᴏʀᴛꜱ ⓜ,lost in ԁαʀκηєѕѕ,Blue,(S)A/B-Ivy RUSH > Round 2 Pop #1,0,2,2,0,B
cpl_2026-02-28_1800_Mill_769625,2026-02-28,18:00,Mill,ᴍᴀᴅᴍᴇɴ ɪɴʜᴏᴜꜱᴇ ᴄᴜᴘ ꜱ9,ᴍᴇᴅɪꜱᴘᴏʀᴛꜱ ⓜ,ɢɪɴᴋɢᴏ,Red,(P) B - HERE COMES THE MEDITRAIN 4,0,1,1,0,A
cpl_2026-02-28_1800_Mill_769625,2026-02-28,18:00,Mill,ᴍᴀᴅᴍᴇɴ ɪɴʜᴏᴜꜱᴇ ᴄᴜᴘ ꜱ9,ᴍᴇᴅɪꜱᴘᴏʀᴛꜱ ⓜ,ɢɪɴᴋɢᴏ,Red,(E) Stop the Mid Push,0,1,1,0,A
cpl_2026-02-28_1800_Mill_769625,2026-02-28,18:00,Mill,ᴍᴀᴅᴍᴇɴ ɪɴʜᴏᴜꜱᴇ ᴄᴜᴘ ꜱ9,ᴍᴇᴅɪꜱᴘᴏʀᴛꜱ ⓜ,ɢɪɴᴋɢᴏ,Red,(E) MediPax Eco A > AP Stacking,0,1,1,0,A
cpl_2026-02-28_1800_Mill_769625,2026-02-28,18:00,Mill,ᴍᴀᴅᴍᴇɴ ɪɴʜᴏᴜꜱᴇ ᴄᴜᴘ ꜱ9,ᴍᴇᴅɪꜱᴘᴏʀᴛꜱ ⓜ,ɢɪɴᴋɢᴏ,Red,(S) A - Main Run and Flash,0,1,1,0,A
cpl_2026-02-28_1800_Mill_769625,2026-02-28,18:00,Mill,ᴍᴀᴅᴍᴇɴ ɪɴʜᴏᴜꜱᴇ ᴄᴜᴘ ꜱ9,ᴍᴇᴅɪꜱᴘᴏʀᴛꜱ ⓜ,ɢɪɴᴋɢᴏ,Red,(S) A - jpdMedi slow Lurk > B New Plant,6,1,7,86,A
cpl_2026-02-28_1800_Mill_769625,2026-02-28,18:00,Mill,ᴍᴀᴅᴍᴇɴ ɪɴʜᴏᴜꜱᴇ ᴄᴜᴘ ꜱ9,ᴍᴇᴅɪꜱᴘᴏʀᴛꜱ ⓜ,ɢɪɴᴋɢᴏ,Red,(S) A-PAX Hold > A Halls>Counter Flash,0,1,1,0,A
cpl_2026-02-28_1800_Mill_769625,2026-02-28,18:00,Mill,ᴍᴀᴅᴍᴇɴ ɪɴʜᴏᴜꜱᴇ ᴄᴜᴘ ꜱ9,ᴍᴇᴅɪꜱᴘᴏʀᴛꜱ ⓜ,ɢɪɴᴋɢᴏ,Red,(S) B - Lurk > Wait Dead > A Fixed,1,1,2,50,A
cpl_2026-02-28_1800_Mill_769625,2026-02-28,18:00,Mill,ᴍᴀᴅᴍᴇɴ ɪɴʜᴏᴜꜱᴇ ᴄᴜᴘ ꜱ9,ᴍᴇᴅɪꜱᴘᴏʀᴛꜱ ⓜ,ɢɪɴᴋɢᴏ,Red,(S) B - TEST CRAZY B x2 A,1,0,1,100,A
cpl_2026-02-28_1800_Mill_769625,2026-02-28,18:00,Mill,ᴍᴀᴅᴍᴇɴ ɪɴʜᴏᴜꜱᴇ ᴄᴜᴘ ꜱ9,ᴍᴇᴅɪꜱᴘᴏʀᴛꜱ ⓜ,ɢɪɴᴋɢᴏ,Blue,(S) A Push > Wait Main > Flash A Run P,0,1,1,0,A
cpl_2026-02-28_1800_Mill_769625,2026-02-28,18:00,Mill,ᴍᴀᴅᴍᴇɴ ɪɴʜᴏᴜꜱᴇ ᴄᴜᴘ ꜱ9,ᴍᴇᴅɪꜱᴘᴏʀᴛꜱ ⓜ,ɢɪɴᴋɢᴏ,Blue,(E) Window Wait > Hide Box AP Take LONG,0,1,1,0,A
cpl_2026-02-28_1800_Mill_769625,2026-02-28,18:00,Mill,ᴍᴀᴅᴍᴇɴ ɪɴʜᴏᴜꜱᴇ ᴄᴜᴘ ꜱ9,ᴍᴇᴅɪꜱᴘᴏʀᴛꜱ ⓜ,ɢɪɴᴋɢᴏ,Blue,(S) A-Default>Pain Wait>Hoss B Fix?,2,2,4,50,A
cpl_2026-02-28_1800_Mill_769625,2026-02-28,18:00,Mill,ᴍᴀᴅᴍᴇɴ ɪɴʜᴏᴜꜱᴇ ᴄᴜᴘ ꜱ9,ᴍᴇᴅɪꜱᴘᴏʀᴛꜱ ⓜ,ɢɪɴᴋɢᴏ,Blue,(E) A Push > Wait Main > Flash n Run,0,1,1,0,A
cpl_2026-02-28_1800_Mill_769625,2026-02-28,18:00,Mill,ᴍᴀᴅᴍᴇɴ ɪɴʜᴏᴜꜱᴇ ᴄᴜᴘ ꜱ9,ᴍᴇᴅɪꜱᴘᴏʀᴛꜱ ⓜ,ɢɪɴᴋɢᴏ,Blue,(S) Mid - B Wait Long > APs Long Yellow,0,1,1,0,A
cpl_2026-02-28_1800_Mill_769625,2026-02-28,18:00,Mill,ᴍᴀᴅᴍᴇɴ ɪɴʜᴏᴜꜱᴇ ᴄᴜᴘ ꜱ9,ᴍᴇᴅɪꜱᴘᴏʀᴛꜱ ⓜ,ɢɪɴᴋɢᴏ,Blue,(P) B Pain Wait 2nd Mid S,2,2,4,50,A
cpl_2026-02-28_1800_Mill_769625,2026-02-28,18:00,Mill,ᴍᴀᴅᴍᴇɴ ɪɴʜᴏᴜꜱᴇ ᴄᴜᴘ ꜱ9,ᴍᴇᴅɪꜱᴘᴏʀᴛꜱ ⓜ,ɢɪɴᴋɢᴏ,Blue,(S) Mid Push Fast,0,1,1,0,A
cpl_2026-02-27_2000_Train_769572,2026-02-27,20:00,Train,ᴍᴀᴅᴍᴇɴ ɪɴʜᴏᴜꜱᴇ ᴄᴜᴘ ꜱ9,ᴍᴇᴅɪꜱᴘᴏʀᴛꜱ ⓜ,Dragon Army,Red,(S)A - Fast Flash (DD),4,1,5,80,C
cpl_2026-02-27_2000_Train_769572,2026-02-27,20:00,Train,ᴍᴀᴅᴍᴇɴ ɪɴʜᴏᴜꜱᴇ ᴄᴜᴘ ꜱ9,ᴍᴇᴅɪꜱᴘᴏʀᴛꜱ ⓜ,Dragon Army,Red,(S)A/B-Lurker A > Ex B,10,0,10,100,C
cpl_2026-02-27_2000_Train_769572,2026-02-27,20:00,Train,ᴍᴀᴅᴍᴇɴ ɪɴʜᴏᴜꜱᴇ ᴄᴜᴘ ꜱ9,ᴍᴇᴅɪꜱᴘᴏʀᴛꜱ ⓜ,Dragon Army,Blue,(F)(P)A - AntiRush > PopDog Hold,2,0,2,100,C
cpl_2026-02-27_1800_Train_768954,2026-02-27,18:00,Train,ᴍᴀᴅᴍᴇɴ ɪɴʜᴏᴜꜱᴇ ᴄᴜᴘ ꜱ9,ᴍᴇᴅɪꜱᴘᴏʀᴛꜱ ⓜ,Bot Team #5958,Red,(S)A - Fast Flash (DD),15,0,15,100,C
cpl_2026-02-27_1800_Train_768954,2026-02-27,18:00,Train,ᴍᴀᴅᴍᴇɴ ɪɴʜᴏᴜꜱᴇ ᴄᴜᴘ ꜱ9,ᴍᴇᴅɪꜱᴘᴏʀᴛꜱ ⓜ,Bot Team #5958,Blue,(F)(P)A - AntiRush > PopDog Hold,1,0,1,100,C
